tree
version=v4
num_class=1
num_tree_per_iteration=1
label_index=0
max_feature_idx=51
objective=regression
feature_names=BOROUGH BLOCK LOT EASE-MENT ZIP_CODE YEAR_BUILT TAX_CLASS_AT_TIME_OF_SALE Community_Board Council_District Census_Tract_2020 Tax_block Tax_lot community_board census_tract_2010 cb2010 schooldist council_district postcode policeprct healtharea sanitboro spdist3 landuse easements areasource numfloors proxcode lottype bsmtcode assessland assesstot exempttot residfar commfar facilfar borocode tract2010 xcoord ycoord taxmap appbbl plutomapid sanitdistrict healthcenterdistrict firm07_flag pfirm15_flag notes bct2020 bctcb2020 geom COUNCIL_DISTRICT district_ideology
feature_infos=[1:5] [1:16350] [1:9099] none [0:11697] [0:2017] [1:4] [101:503] [1:51] [1:157903] [1:16350] [1:7529] [101:503] [1:1621] [2:9000] [1:32] [1:51] [10001:11697] [1:123] [100:9300] [1:5] none [1:11] [0:3] [0:7] [1:90] [0:3] [0:8] [0:5] [0:115634250] [0:794395096] [0:136352796] [0:15] [0:15] [0:15] [1:5] [1:157903] [913283:1067207] [121099:271831] [1:53203] [1000070023:5080460094] [1:2] [1:55] [11:51] [1:1] [1:1] none [1000202:5032300] [10002021002:50323001022] none [1:51] [0.20010461212049074:0.96549737034084526]
tree_sizes=5466 5813 5788 5846 5799 5798 5786 5778 5776 5792 5793 5829 5801 5852 5807 5814 5815 5804 5807 5818 5813 5808 5827 5836 5815 5782 5791 5770 5828 5816 5823

Tree=0
num_leaves=64
num_cat=0
split_feature=18 31 31 30 27 31 6 10 30 29 39 39 30 11 30 51 6 30 40 22 33 4 30 13 1 17 28 31 22 30 5 22 40 31 51 51 2 31 30 31 30 22 13 22 5 2 8 9 5 25 39 31 22 30 22 47 31 6 22 40 6 4 9
split_gain=10538.3 2301.43 1785.84 3524.95 1563.82 1188.91 844.97 840.765 729.932 628.248 534.359 493.115 360.26 547.214 345.973 340.728 283.387 252.116 251.921 624.847 280.342 248.187 267.849 432.529 245.234 230.946 252.007 228.879 222.173 218.986 312.447 216.154 191.644 191.102 183.369 180.128 175.814 172.158 169.84 159.651 189.4 157.583 157.285 151.852 141.31 140.633 139.976 139.658 129.773 120.438 119.742 119.571 115.243 114.952 121.887 112.908 112.127 108.6 153.792 110.719 104.494 338.051 102.755
threshold=33.500000000000007 1.0000000180025095e-35 1.0000000180025095e-35 72990.000000000015 1.0000000180025095e-35 1460.0000000000002 3.0000000000000004 2444.5000000000005 44482.500000000007 4324500.0000000009 21802.500000000004 40101.500000000007 556988.50000000012 2800.0000000000005 6290325.0000000009 0.75450511171962653 3.0000000000000004 1624499.5000000002 1009165517.0000001 4.5000000000000009 14.500000000000002 10309.500000000002 79710.000000000015 499.50000000000006 560.50000000000011 10001.500000000002 1.0000000180025095e-35 100673221.50000001 2.5000000000000004 105630.00000000001 1985.5000000000002 4.5000000000000009 4050839554.5000005 40494.000000000007 0.92249319807368846 0.92249319807368846 230.50000000000003 301033.50000000006 35850.000000000007 28566.500000000004 59070.000000000007 4.5000000000000009 592.50000000000011 1.5000000000000002 1930.5000000000002 35.500000000000007 6.5000000000000009 351.50000000000006 1999.5000000000002 5.7500000000000009 21802.500000000004 113186.00000000001 4.5000000000000009 98250.000000000015 1.5000000000000002 4005450.0000000005 2032410.5000000002 3.0000000000000004 3.5000000000000004 4094030026.5000005 3.0000000000000004 10054.500000000002 156.50000000000003
decision_type=10 8 10 10 10 10 2 10 10 10 10 10 10 10 8 2 2 10 10 10 10 2 10 10 2 8 10 10 8 10 2 10 10 10 2 2 2 10 10 10 10 10 10 10 2 2 2 10 2 10 10 10 8 10 8 10 10 2 10 8 2 2 10
left_child=1 18 3 8 6 21 24 11 38 37 36 -7 35 17 51 -10 62 -14 28 46 -21 -6 23 55 -4 26 -16 33 -1 30 39 56 -26 34 -27 50 48 -8 -2 42 -41 -30 45 47 -42 -12 -20 -13 -9 -38 -5 -3 -18 -52 -55 -23 57 59 -59 -31 -35 -62 -15
right_child=2 14 4 12 5 7 9 10 15 -11 29 43 13 16 25 -17 52 -19 19 20 -22 22 -24 -25 32 27 -28 -29 41 31 -32 -33 -34 60 -36 -37 49 -39 -40 40 44 -43 -44 -45 -46 -47 -48 -49 -50 -51 53 -53 -54 54 -56 -57 -58 58 -60 -61 61 -63 -64
leaf_value=13.250377412139821 13.189335785974233 13.223427030979055 13.242952192621031 13.203255546453914 13.194068835150151 13.218929711321847 13.056350653776562 13.173933169335955 13.212970481959157 13.257168904628179 13.123136846146224 13.191362648373998 13.246339704477521 13.242445792365654 13.160661783221352 13.201165590819484 13.141738956713951 13.282993432403538 13.260510174467289 13.215188127828069 13.061945755172433 12.978449934641271 13.163555035138076 13.150475754217032 13.219971224785576 13.245028031823168 13.243011121381032 13.267165356140158 13.270817071184874 13.202183868315419 13.211478214776786 13.243297461692798 13.190499597866674 13.231917305507325 13.200576524296519 13.212971941063374 13.16674898429957 13.145959374666356 13.199344561282501 13.063400934330692 13.099388233495592 13.306613654961383 13.196607977114679 13.197640795470477 13.188794067943904 13.176200518118879 13.226084136810334 13.109128310420507 13.239993923224082 13.131513255989654 13.222023733103672 13.204165057306492 13.225241618590269 13.237967141289497 13.22546520859926 13.059273916148287 13.214683461768843 13.090583640301578 13.187505596511185 13.190093747109177 13.231416744398903 13.093949449783562 13.221458304771607
leaf_weight=488 2228 1215 392 200 29 1502 22 606 6327 48 81 41 727 299 79 3374 51 220 604 21 22 28 40 39 2339 1641 58 192 1425 809 141 76 217 5781 88 1152 188 157 4842 30 26 120 122 1821 41 101 129 34 28 163 2367 381 21 1254 1594 35 195 23 41 4333 69 21 705
leaf_count=488 2228 1215 392 200 29 1502 22 606 6327 48 81 41 727 299 79 3374 51 220 604 21 22 28 40 39 2339 1641 58 192 1425 809 141 76 217 5781 88 1152 188 157 4842 30 26 120 122 1821 41 101 129 34 28 163 2367 381 21 1254 1594 35 195 23 41 4333 69 21 705
internal_value=13.2146 13.2386 13.2068 13.2115 13.1981 13.1926 13.2166 13.1938 13.2035 13.1608 13.1879 13.2061 13.2272 13.2382 13.2316 13.2089 13.2236 13.2549 13.2625 13.2479 13.1368 13.1141 13.0978 13.072 13.2209 13.2341 13.1955 13.2348 13.268 13.1913 13.1731 13.1931 13.2175 13.234 13.2428 13.2237 13.1674 13.1349 13.1962 13.1596 13.126 13.2736 13.1703 13.1959 13.1541 13.1526 13.2545 13.1541 13.1769 13.1504 13.226 13.2188 13.1661 13.2269 13.231 13.0234 13.1923 13.1915 13.1527 13.192 13.2314 13.1993 13.2277
internal_weight=0 12334 39109 25361 13748 10573 3175 10402 16771 227 7004 3398 8590 2023 9525 9701 1076 947 2809 776 43 171 142 102 2948 7929 137 7792 2033 6019 542 5477 2556 7600 1729 6567 985 179 7070 401 97 1545 304 1896 67 182 733 75 634 351 5415 1596 72 5215 2848 63 5401 5206 64 5142 5871 90 1004
internal_count=51443 12334 39109 25361 13748 10573 3175 10402 16771 227 7004 3398 8590 2023 9525 9701 1076 947 2809 776 43 171 142 102 2948 7929 137 7792 2033 6019 542 5477 2556 7600 1729 6567 985 179 7070 401 97 1545 304 1896 67 182 733 75 634 351 5415 1596 72 5215 2848 63 5401 5206 64 5142 5871 90 1004
is_linear=0
shrinkage=1


Tree=1
num_leaves=64
num_cat=0
split_feature=15 31 31 25 27 31 39 10 37 18 6 39 48 39 11 42 11 17 15 13 31 31 6 25 40 22 34 22 39 2 13 27 22 51 48 51 2 5 9 38 40 7 5 31 1 31 25 26 2 38 36 9 37 22 40 36 27 6 17 38 37 2 38
split_gain=9918.24 2130.4 1705.97 1534.71 1483.53 1175.86 884.083 846.812 791.885 905.657 775.799 502.779 458.375 438.312 410.193 299.745 235.502 268.51 235.024 228.145 201.469 188.923 180.951 178.914 172.308 643.691 247.844 215.673 168.369 166.184 162.11 153.749 142.878 141.74 138.571 137.936 140.228 133.616 131.404 130.813 126.347 123.219 121.275 116.689 114.693 112.864 111.835 107.755 104.854 237.084 121.384 104.735 104.465 104.411 98.7482 98.6589 98.0518 177.41 304.798 96.0181 95.8611 95.5922 92.8106
threshold=4.5000000000000009 1.0000000180025095e-35 1.0000000180025095e-35 3.5500000000000003 1.0000000180025095e-35 1460.0000000000002 43902.500000000007 2444.5000000000005 998612.50000000012 89.000000000000014 3.0000000000000004 21802.500000000004 40871001500.500008 40101.500000000007 2800.0000000000005 7.5000000000000009 51.500000000000007 10001.500000000002 15.500000000000002 797.5150000000001 2032410.5000000002 100673221.50000001 3.0000000000000004 4.8750000000000009 1009165517.0000001 4.5000000000000009 14.500000000000002 4.5000000000000009 43751.500000000007 115.50000000000001 494.50000000000006 4.5000000000000009 1.5000000000000002 0.44681523689901387 30906002000.500004 0.91986383076330835 49.500000000000007 1989.5000000000002 351.50000000000006 260312.50000000003 4050839554.5000005 110.50000000000001 1993.5000000000002 40915.000000000007 463.50000000000006 580333.50000000012 6.7500000000000009 1.0000000180025095e-35 35.500000000000007 192130.00000000003 10601.500000000002 78.500000000000014 988784.50000000012 5.5000000000000009 2039290501.0000002 47.500000000000007 4.5000000000000009 3.0000000000000004 10038.500000000002 197266.50000000003 999797.50000000012 23.500000000000004 219521.00000000003
decision_type=10 8 10 10 10 10 10 10 10 10 2 10 10 10 10 10 8 8 10 10 10 10 2 10 10 10 10 10 10 2 10 10 10 2 10 2 2 2 10 10 10 2 2 10 2 10 10 10 2 10 10 10 10 10 10 10 8 2 8 10 10 2 8
left_child=1 24 3 6 10 15 8 13 59 34 18 29 19 60 23 -6 17 45 44 -12 28 35 52 -5 27 -26 -27 51 53 42 -17 -25 38 -8 -10 36 41 43 -15 54 -20 -18 -9 48 -4 -3 -19 -22 49 50 -30 -1 -16 -13 -31 -29 57 -38 -59 -2 -7 -52 -48
right_child=2 16 4 14 5 7 33 11 9 -11 12 20 -14 32 22 30 21 46 40 -21 47 -23 -24 31 25 26 -28 55 37 39 -32 -33 -34 -35 -36 -37 56 -39 -40 -41 -42 -43 -44 -45 -46 -47 62 -49 -50 -51 61 -53 -54 -55 -56 -57 -58 58 -60 -61 -62 -63 -64
leaf_value=0.056179032245609738 0.012326420414363144 0.016999882803908711 0.033583565441519019 0.027222331494353161 -0.057731951756074144 0.0067001691363822785 -0.007901836785347097 -0.038444443541132689 -0.0090275113070087832 0.0061983186516959823 -0.062874771132320165 -0.021430584264765684 0.021756805140396646 -0.022492810850508693 0.030620372667252229 -0.1684078198833899 0.10377271412206547 0.003228877721971985 0.001744230356817077 -0.16845193173204151 -0.0023825395314571291 0.050814020109426289 -0.043209003813564774 0.085027136050381702 0.042643409659512028 -0.0021092450022697448 -0.14802719020030716 0.057394579434018975 -0.016325354200796158 -0.044225542474028573 -0.085816906507526131 0.040834199282369421 -0.016403008637507464 -0.015321525060401355 -0.020254912271990302 -0.0047272465001082136 0.02711623082377157 0.0033326100612558968 -0.10226011750808751 -0.13042182093081267 -0.022479413271159866 0.036292142864256936 0.033324165556325828 -0.029913662323989357 0.011158355194958459 -0.051749729973724089 0.011304845004006532 0.061524551668100884 -0.039396355794372971 -0.16557799969400677 -0.051030234918640602 0.041350377607453213 0.0076024798140775186 0.032949591603828592 -0.076301129820181973 0.11587447569650762 0.016328759433820127 0.017436313085743914 -0.10482711653709412 0.04138184997059826 -0.0094537120189554773 -0.13628457399923355 0.021806540018046959
leaf_weight=1075 2983 29 250 612 85 1330 4208 576 5197 4671 150 4555 58 41 227 55 28 809 1397 21 197 191 55 103 649 20 22 42 42 223 35 227 1821 5157 1222 189 1948 82 34 23 225 187 22 781 1147 83 1788 27 233 21 29 713 813 32 141 68 2520 69 25 106 440 20 1314
leaf_count=1075 2983 29 250 612 85 1330 4208 576 5197 4671 150 4555 58 41 227 55 28 809 1397 21 197 191 55 103 649 20 22 42 42 223 35 227 1821 5157 1222 189 1948 82 34 23 225 187 22 781 1147 83 1788 27 233 21 29 713 813 32 141 68 2520 69 25 106 440 20 1314
internal_value=0 0.0240697 -0.0072905 -0.0026731 -0.0156718 -0.0209985 -0.00483448 -0.0197334 -0.000109947 -0.00385168 0.00211408 -0.0258479 -0.0511214 -0.00805165 0.0223085 -0.0981328 0.0172913 0.0118511 0.00615215 -0.0758404 -0.0225963 0.0215353 0.00982205 0.036823 0.0481043 0.0352776 -0.0785425 0.0527741 -0.0236754 -0.0457171 -0.136289 0.0546278 -0.0180743 -0.0119876 -0.0111649 0.0204092 0.0214037 -0.0336399 -0.058654 -0.0610348 -0.00161602 0.0450803 -0.0358041 -0.0363324 0.0151715 -0.0339485 0.0131626 0.00532055 -0.050863 -0.0747176 -0.0537498 0.0502658 0.0126266 -0.0210512 -0.0566504 0.0935458 0.0202879 0.0251738 -0.0150806 0.0133235 0.00268452 -0.0858279 0.0157533
internal_weight=0 11769 39674 25581 14093 10845 23544 10670 14179 11090 3248 7004 229 3666 2037 175 9180 4023 3019 171 6019 5157 1095 942 2589 691 42 1898 5795 985 90 330 1896 9365 6419 4966 4777 1208 75 387 1622 215 598 1126 1397 112 3911 224 345 112 91 1788 1040 4587 364 110 4562 2042 94 3089 1770 49 3102
internal_count=51443 11769 39674 25581 14093 10845 23544 10670 14179 11090 3248 7004 229 3666 2037 175 9180 4023 3019 171 6019 5157 1095 942 2589 691 42 1898 5795 985 90 330 1896 9365 6419 4966 4777 1208 75 387 1622 215 598 1126 1397 112 3911 224 345 112 91 1788 1040 4587 364 110 4562 2042 94 3089 1770 49 3102
is_linear=0
shrinkage=0.03


Tree=2
num_leaves=64
num_cat=0
split_feature=18 31 31 30 27 31 10 30 39 39 30 11 30 51 30 42 30 40 22 33 36 22 30 5 22 17 28 31 51 11 19 30 31 5 39 29 31 30 51 1 22 22 29 9 36 31 30 5 11 39 29 1 37 31 29 7 7 30 30 1 10 4 30
split_gain=9333.31 2042.04 1579.67 3185.85 1383.57 1053.45 745.419 669.06 473.065 437.7 321.189 499.105 318.564 302.294 280.245 279.069 231.783 224.08 553.046 248.253 209.095 199.857 198.817 285.05 193.768 169.505 249.6 214.1 161.293 156.363 154.202 152.914 152.464 175.643 151.245 170.657 149.422 146.32 144.058 143.643 139.276 134.433 130.449 129.268 124.288 123.792 120.272 114.107 111.06 109.73 109.926 102.912 100.105 99.9946 97.9058 97.6931 95.7636 91.7503 91.5115 118.28 118.191 88.3739 88.2831
threshold=33.500000000000007 1.0000000180025095e-35 1.0000000180025095e-35 72990.000000000015 1.0000000180025095e-35 1460.0000000000002 2444.5000000000005 44130.000000000007 21802.500000000004 40101.500000000007 556988.50000000012 2800.0000000000005 2755416.5000000005 0.75450511171962653 18369668.000000004 7.5000000000000009 1624499.5000000002 1009165517.0000001 4.5000000000000009 14.500000000000002 681.00000000000011 2.5000000000000004 105630.00000000001 1985.5000000000002 4.5000000000000009 10001.500000000002 1.0000000180025095e-35 100673221.50000001 0.92249319807368846 116.50000000000001 860.00000000000011 35850.000000000007 28566.500000000004 1947.5000000000002 31802.500000000004 12180.500000000002 40494.000000000007 44850.000000000007 0.92249319807368846 1687.5000000000002 4.5000000000000009 1.5000000000000002 1964929.0000000002 156.50000000000003 354.50000000000006 203126.50000000003 94603153.500000015 1993.5000000000002 45.500000000000007 21802.500000000004 23070.000000000004 268.50000000000006 1001166.5000000001 3324918.5000000005 1710451.5000000002 407.50000000000006 314.50000000000006 265710.00000000006 12282525.000000002 3177.5000000000005 1333.5000000000002 10020.000000000002 59610.000000000007
decision_type=10 8 10 10 10 10 10 10 10 10 10 10 8 2 10 10 10 10 10 10 10 8 10 2 10 8 10 10 2 10 10 10 10 2 10 10 10 10 2 2 10 10 10 10 10 10 10 2 10 10 10 2 10 10 10 2 2 10 8 2 8 2 10
left_child=1 17 3 7 14 15 9 31 29 57 28 16 -3 -9 20 37 -12 21 42 -20 52 -1 23 32 53 26 -14 36 49 47 45 -2 -10 62 -17 -36 38 -6 58 -22 -23 44 -19 -13 -11 -31 -32 -8 -37 -5 -51 -16 -4 55 -42 -24 -52 -7 -27 60 -60 -62 -34
right_child=2 12 4 10 5 6 8 13 22 41 11 43 25 -15 51 34 -18 18 19 -21 39 40 24 -25 -26 27 -28 -29 -30 30 46 -33 33 -35 35 48 -38 -39 -40 -41 54 -43 -44 -45 -46 -47 -48 -49 -50 50 56 -53 -54 -55 -56 -57 -58 -59 59 -61 61 -63 -64
leaf_value=0.033618066209749144 -0.024120270505781766 -0.0025002256433174219 0.0054995366913126124 -0.010850523155706469 -0.12471374749571883 -0.059677940471330654 -0.037291110651907121 -0.001643986771592698 -0.041702465307791592 -0.026230633837758036 0.030178565878646535 0.024678522973754412 -0.050720160362086715 -0.012640008581081353 0.037085671859102012 -0.20264455756970814 0.065323168460295566 0.025702972957898865 0.00061904975346156526 -0.14358638025820256 -0.080281038721441295 0.053027197487544461 -0.018150533370648331 -0.0025609955108387675 0.027365413962765348 0.018977811752835014 0.02622653253274421 0.049517569327726954 -0.0014054603181830317 -0.056426697850227359 -0.035203035322674471 -0.014555381993606587 -0.17045709072053433 -0.038703219970422129 -0.044349271277694599 -0.097225638798304967 0.015098364694813637 -0.033453290707839187 -0.013413533436568368 -0.015095631290787778 0.069642084844648663 -0.015910918336009522 0.051071282335017856 0.0018050939993159184 -0.10553339564787417 -0.14681624466180801 -0.07150693680616034 0.032324440309947189 -0.19479327036067842 0.0078739837177117904 0.022683240458215889 0.010945982993571725 -0.014363030026634993 0.024693279565138698 0.12977710295687706 -0.026552787483265373 0.010527007645522472 0.0050096453245866363 0.025984061665160492 0.014359525343284687 0.096905471819618172 0.044321880268871336 -0.091445238277316099
leaf_weight=488 2228 769 1279 200 21 20 576 6459 304 46 727 314 79 3453 163 21 220 391 21 22 32 1425 3389 141 76 969 73 192 1152 25 183 4631 20 42 23 21 6211 64 88 618 86 1821 342 762 29 30 149 22 21 2882 1172 805 278 43 34 1969 1161 1482 439 275 31 399 35
leaf_count=488 2228 769 1279 200 21 20 576 6459 304 46 727 314 79 3453 163 21 220 391 21 22 32 1425 3389 141 76 969 73 192 1152 25 183 4631 20 42 23 21 6211 64 88 618 86 1821 342 762 29 30 149 22 21 2882 1172 805 278 43 34 1969 1161 1482 439 275 31 399 35
internal_value=0 0.0226417 -0.00728862 -0.00284944 -0.0154776 -0.0206928 -0.0194787 -0.0104591 -0.0250724 -0.00794883 0.0120076 0.0224594 0.0160128 -0.00547462 0.00188957 -0.0945495 0.0383431 0.0451197 0.0314051 -0.0731605 -0.00401319 0.0503547 -0.0219184 -0.0392508 -0.0202032 0.0176387 -0.0137655 0.0181935 0.00878792 -0.0443456 -0.0592037 -0.0176623 -0.0521516 -0.0848996 -0.132651 -0.110037 0.0174785 -0.056 0.0241951 -0.0183048 0.055641 -0.0175321 0.0375392 0.00848005 -0.0568944 -0.10573 -0.0514961 -0.03473 -0.146009 0.0109565 0.0117928 0.0153476 0.00195311 -0.0208726 0.0866803 -0.0212383 0.0166338 0.00414829 0.0257614 0.0315073 0.0369338 0.0481128 -0.120177
internal_weight=0 12334 39109 25361 13748 10573 10402 16771 7004 3398 8590 2023 9525 9912 3175 171 947 2809 776 43 2207 2033 6019 542 5477 8756 152 8604 6567 985 387 6859 401 97 86 65 8412 85 2201 650 1545 1896 733 1076 75 55 332 598 42 5415 5215 968 1557 5401 120 5358 2333 1502 2113 1144 869 430 55
internal_count=51443 12334 39109 25361 13748 10573 10402 16771 7004 3398 8590 2023 9525 9912 3175 171 947 2809 776 43 2207 2033 6019 542 5477 8756 152 8604 6567 985 387 6859 401 97 86 65 8412 85 2201 650 1545 1896 733 1076 75 55 332 598 42 5415 5215 968 1557 5401 120 5358 2333 1502 2113 1144 869 430 55
is_linear=0
shrinkage=0.03


Tree=3
num_leaves=64
num_cat=0
split_feature=15 31 31 29 27 31 10 6 29 29 39 39 28 25 51 42 11 17 15 37 31 6 31 51 29 14 33 31 39 13 2 19 39 22 51 27 5 29 39 9 25 29 5 27 31 1 25 19 31 26 2 6 11 1 37 22 10 29 8 10 5 10 25
split_gain=8791.3 1886.77 1511.86 2412.04 1314.8 1043.24 747.152 727.524 577.856 499.669 445.106 385.715 371.848 398.054 278.424 266.616 214.907 238.093 210.605 193.572 182.434 171.08 166.276 164.522 185.552 159.337 231.726 154.079 152.314 150.804 147.561 171.008 145.704 126.488 125.159 125.061 121.156 156.083 283.095 117.238 115.513 113.794 110.15 103.971 102.796 102.461 100.682 117.312 99.3667 99.2381 96.3034 293.834 109.363 96.2617 94.8865 93.1175 92.4811 105.088 90.5365 92.9109 90.3267 89.8949 87.952
threshold=4.5000000000000009 1.0000000180025095e-35 1.0000000180025095e-35 22469.500000000004 1.0000000180025095e-35 1460.0000000000002 2444.5000000000005 3.0000000000000004 1762522.0000000002 13470.000000000002 21802.500000000004 40101.500000000007 2.5000000000000004 4.8750000000000009 0.86051010677306972 7.5000000000000009 51.500000000000007 10001.500000000002 15.500000000000002 1000062.0000000001 2032410.5000000002 1.5000000000000002 100673221.50000001 0.83658584423032034 9270.0000000000018 3002.5000000000005 9.0000000000000018 301033.50000000006 43751.500000000007 494.50000000000006 230.50000000000003 860.00000000000011 43701.500000000007 1.5000000000000002 0.91986383076330835 4.5000000000000009 1989.5000000000002 13205.000000000002 44802.500000000007 351.50000000000006 7.7500000000000009 124200.50000000001 1999.5000000000002 4.5000000000000009 53985632.000000007 463.50000000000006 6.7500000000000009 4150.0000000000009 580333.50000000012 1.0000000180025095e-35 1634.5000000000002 3.0000000000000004 7503.5000000000009 4023.5000000000005 998612.50000000012 5.5000000000000009 3448.5000000000005 21930.000000000004 5.5000000000000009 1440.5000000000002 1910.5000000000002 1183.5000000000002 64.000000000000014
decision_type=10 8 10 10 10 10 10 2 10 10 10 10 10 10 2 10 8 8 10 10 10 2 10 2 10 10 10 10 10 10 2 10 10 10 2 10 2 10 10 10 10 10 2 10 10 2 10 10 10 10 2 2 8 2 10 10 10 10 2 8 2 10 8
left_child=1 25 3 9 7 15 11 18 27 21 30 61 13 41 32 -6 17 48 45 -14 28 23 34 24 -2 62 -27 -9 55 -17 42 -32 -11 39 35 50 37 38 -30 -13 -20 -5 60 -15 -33 -4 -19 -48 -3 -22 52 -52 -18 -40 -25 -12 57 -16 59 -54 -8 -7 -1
right_child=2 16 4 12 5 6 10 8 -10 14 20 33 19 43 56 29 22 46 40 -21 49 -23 -24 54 -26 26 -28 -29 36 -31 31 44 -34 -35 -36 -37 -38 -39 53 -41 -42 -43 -44 -45 -46 -47 47 -49 -50 -51 51 -53 58 -55 -56 -57 -58 -59 -60 -61 -62 -63 -64
leaf_value=0.047874643335523812 -0.014150659688967986 0.015762525603560538 0.031840952688327526 0.01606042831597115 -0.054319994157180189 0.0097527665388685118 0.00034917888178859116 -0.14968807024711911 0.038359550157418619 0.0063007012424974966 -0.020150039774715862 -0.021031108095378774 0.012654102815546298 0.079425144232437017 0.0016031917422785981 -0.15938716190376062 0.023721115074353569 0.0028947973929501591 -0.0085081517863480598 -0.0062642881476583142 -0.0020879589375770334 0.0064436463424288421 0.047804071291579001 0.020520881547708994 -0.0049161330453251946 0.037281308145537366 -0.03795297598609558 -0.064847719952944791 -0.15205532326577947 -0.079728481572520521 -0.11871819751043068 -0.034937250439486492 -0.0048661202175873924 -0.015433591002772163 -0.004664106088069578 0.015089416601680783 0.0034412167093534839 -0.029668139215802521 -0.099052258209558194 -0.096376179882585455 0.0076318728799697876 0.033510852303474156 0.023798146460404884 0.042052746407614257 -0.069361726059609607 0.01064526936257138 0.022053828124889773 0.010100091837654054 -0.048745347993919649 0.059241557355142298 0.017610352231566755 -0.092962511985198309 0.040210216251084382 -0.03309553301594674 -0.016256792095578721 0.031204893328249453 -0.015382033308277953 -0.053387021808461707 0.030272900976838671 0.086236315823625773 -0.04064906075484815 -0.003806718151049823 0.071260124563793589
leaf_weight=1725 3331 29 250 2613 85 819 53 22 52 3529 4555 41 1263 100 599 55 1672 809 913 792 197 507 191 64 4752 667 39 155 26 35 38 164 1498 1821 189 2253 82 959 24 34 709 386 28 203 149 1147 1214 1888 83 27 363 23 103 117 4678 32 1233 33 299 64 553 951 158
leaf_count=1725 3331 29 250 2613 85 819 53 22 52 3529 4555 41 1263 100 599 55 1672 809 913 792 197 507 191 64 4752 667 39 155 26 35 38 164 1498 1821 189 2253 82 959 24 34 709 386 28 203 149 1147 1214 1888 83 27 363 23 103 117 4678 32 1233 33 299 64 553 951 158
internal_value=0 0.0226611 -0.00686376 -0.00251698 -0.0147538 -0.0197685 -0.0185769 0.00199002 -0.0495626 -0.00725811 -0.0243203 -0.00760401 0.015382 0.0216173 -0.00069962 -0.0924228 0.0162821 0.0110851 0.00590044 0.00536293 -0.0212609 -0.0106485 0.0203362 -0.0113242 -0.00872168 0.0452798 0.0331253 -0.0753928 -0.0222877 -0.128409 -0.0430152 -0.0586208 0.00297309 -0.0170061 0.0192798 0.0202271 -0.0317653 -0.0343291 -0.061095 -0.0551875 -0.00145311 0.0183065 -0.0343755 0.0543869 -0.0513246 0.0144383 0.0123202 0.0147783 -0.0320424 0.00530444 0.0248132 0.0110218 0.0273031 -0.0443222 -0.0157604 -0.0197918 -0.0105992 -0.00126813 0.0401553 0.057849 -0.0370634 0.00246742 0.0498369
internal_weight=0 11769 39674 25581 14093 10845 10670 3248 229 20224 7004 3666 5357 3302 6892 175 9180 4023 3019 2055 6019 13332 5157 12825 8083 2589 706 177 5795 90 985 351 5027 1896 4966 4777 1208 1126 167 75 1622 2999 634 303 313 1397 3911 3102 112 224 2524 386 2138 141 4742 4587 1865 632 466 167 606 1770 1883
internal_count=51443 11769 39674 25581 14093 10845 10670 3248 229 20224 7004 3666 5357 3302 6892 175 9180 4023 3019 2055 6019 13332 5157 12825 8083 2589 706 177 5795 90 985 351 5027 1896 4966 4777 1208 1126 167 75 1622 2999 634 303 313 1397 3911 3102 112 224 2524 386 2138 141 4742 4587 1865 632 466 167 606 1770 1883
is_linear=0
shrinkage=0.03


Tree=4
num_leaves=64
num_cat=0
split_feature=15 31 31 30 27 31 6 30 29 37 8 31 30 11 51 42 6 30 42 43 11 17 30 39 31 30 5 22 31 51 42 40 22 33 22 30 31 13 30 30 9 38 51 2 47 22 7 30 8 9 22 22 13 9 42 31 36 19 40 30 27 6 17
split_gain=8271.74 1775.26 1422.51 2993.18 1237.09 981.582 684.528 611.119 543.705 430.842 592.385 332.69 297.229 532.963 269.171 250.859 249.349 242.122 231.529 202.214 202.206 224.022 171.175 178.321 279.217 159.275 225.029 157.058 156.449 155.483 150.493 148.559 558.691 218.204 192.877 148.387 144.973 141.891 137.692 137.672 131.175 140.995 117.762 118.999 117.703 107 105.498 100.695 99.2222 98.4815 97.6319 96.1063 95.6553 94.7038 94.3759 93.4942 91.8583 90.9846 88.9446 108.61 87.0548 160.025 278.916
threshold=4.5000000000000009 1.0000000180025095e-35 1.0000000180025095e-35 72990.000000000015 1.0000000180025095e-35 1460.0000000000002 3.0000000000000004 44482.500000000007 1762522.0000000002 1002047.5000000001 40.500000000000007 53985632.000000007 556988.50000000012 2800.0000000000005 0.75450511171962653 7.5000000000000009 3.0000000000000004 1624499.5000000002 7.5000000000000009 43.500000000000007 51.500000000000007 10001.500000000002 49890.000000000007 44804.500000000007 20305.000000000004 88350.000000000015 1981.5000000000002 4.5000000000000009 100673221.50000001 0.92249319807368846 2.5000000000000004 1009165517.0000001 4.5000000000000009 14.500000000000002 4.5000000000000009 35850.000000000007 301033.50000000006 494.50000000000006 63510.000000000007 44850.000000000007 251.50000000000003 152344.50000000003 0.91986383076330835 49.500000000000007 3038650.0000000005 4.5000000000000009 110.50000000000001 2584043.0000000005 15.500000000000002 388.50000000000006 3.5000000000000004 4.5000000000000009 191.50000000000003 78.500000000000014 10.500000000000002 580333.50000000012 47.500000000000007 4150.0000000000009 3015830011.5000005 5504400.0000000009 4.5000000000000009 3.0000000000000004 10054.500000000002
decision_type=10 8 10 10 10 10 2 10 10 10 2 10 10 10 2 10 2 10 10 10 8 8 10 10 10 10 2 10 10 2 10 10 10 10 10 10 10 10 10 10 10 10 2 2 10 8 2 10 2 10 10 10 10 10 10 10 10 10 10 10 8 2 10
left_child=1 31 3 7 6 15 19 35 36 10 52 18 29 17 -9 39 54 48 27 30 21 55 23 24 -20 26 40 44 42 -5 -4 34 -33 -34 53 -2 -8 38 -17 -6 -12 -42 43 46 49 -18 -22 -23 -14 50 -11 -27 -7 -1 -15 -3 -36 -49 59 -19 61 -45 -63
right_child=2 20 4 12 5 9 8 14 -10 11 25 -13 13 16 -16 37 45 58 22 -21 28 47 -24 -25 -26 51 -28 -29 -30 -31 -32 32 33 -35 56 -37 -38 -39 -40 -41 41 -43 -44 60 -46 -47 -48 57 -50 -51 -52 -53 -54 -55 -56 -57 -58 -59 -60 -61 -62 62 -64
leaf_value=0.051508296068463216 -0.022988636952426797 0.015289649375682248 0.017836648429753188 0.010705058142171806 -0.1193427385788943 0.0097077958774953871 -0.14519743030721491 -0.0013375940649198294 0.037208764318090219 -0.039834802828393648 -0.018529856866953194 -0.066486151207559158 0.056070331844771018 0.014816990605508252 -0.011826887309895555 -0.19191026492866084 -0.069914285242557522 0.062885677713046595 -0.051175190912908876 -0.018417836358563401 0.095739538004355765 -0.0029411021471739355 -0.025520811094274051 -0.019947999658230828 -0.16520487331785261 -0.019630246327437859 0.0014264619828099965 0.034324069094928827 0.046369950527920145 -0.0014100440110754182 0.0030724465410555918 0.038873633909511318 -0.0023103244006633761 -0.13922542802481488 0.051931243812931432 -0.013635050937768532 -0.062902289210608406 -0.077336627368416108 -0.094207423329353321 -0.030820092255016789 -0.056146936680218973 -0.12462567991122257 -0.00452418371828066 0.025040980186905176 -0.014834582658274156 0.010546435562095471 0.033299520512118957 0.019654942957224971 0.024845534459037602 -0.016946628322603845 -0.10469592418288812 0.040855771995993558 -0.0038853407041811584 0.037407625085399271 -0.010841917683347127 -0.047282986698380436 0.10835965149542864 0.0097454027803250704 0.026792207974130695 0.12275792663747613 0.014861885574272102 0.016070612731349208 -0.10088659915924073
leaf_weight=1075 2229 29 954 5530 21 811 22 6327 52 161 40 151 107 922 3377 34 51 157 68 283 28 370 3204 68 27 1585 64 55 191 1152 1782 649 20 22 42 4843 155 35 21 64 73 43 189 1948 3000 21 187 1344 636 177 24 24 1095 713 150 83 68 2197 46 33 2520 69 25
leaf_count=1075 2229 29 954 5530 21 811 22 6327 52 161 40 151 107 922 3377 34 51 157 68 283 28 370 3204 68 27 1585 64 55 191 1152 1782 649 20 22 42 4843 155 35 21 64 73 43 189 1948 3000 21 187 1344 636 177 24 24 1095 713 150 83 68 2197 46 33 2520 69 25
internal_value=0 0.0219813 -0.00665785 -0.00244147 -0.0143112 -0.0191754 0.00193032 -0.00987593 -0.0480757 -0.0180196 -0.00980518 -0.0224436 0.0117232 0.0215019 -0.00498788 -0.0896501 0.00759687 0.0377506 -0.0214633 0.00572342 0.0157936 0.0107526 -0.0270465 -0.0570362 -0.0835836 -0.0220016 -0.0459433 -0.0159618 0.0197262 0.00861637 0.00822049 0.0439214 0.0320113 -0.0740278 0.0482574 -0.0165832 -0.0731311 -0.124557 -0.154606 -0.0526904 -0.0653771 -0.0815313 0.0187014 0.0196203 -0.0167845 -0.0464466 0.0414312 0.0119506 0.0293422 -0.0329438 -0.0482492 -0.018728 0.00189852 0.0458854 0.0112267 -0.0310811 0.0868143 0.0135066 0.0642225 0.0732845 0.0185924 0.0231961 -0.015035
internal_weight=0 11769 39674 25581 14093 10845 3248 16776 229 10670 3735 6935 8805 2123 9704 175 1144 979 6784 3019 9180 4023 3367 163 95 1829 220 3417 5157 6682 2736 2589 691 42 1898 7072 177 90 55 85 156 116 4966 4777 3362 72 215 3911 743 362 185 1609 1906 1788 1072 112 110 3541 236 190 4562 2042 94
internal_count=51443 11769 39674 25581 14093 10845 3248 16776 229 10670 3735 6935 8805 2123 9704 175 1144 979 6784 3019 9180 4023 3367 163 95 1829 220 3417 5157 6682 2736 2589 691 42 1898 7072 177 90 55 85 156 116 4966 4777 3362 72 215 3911 743 362 185 1609 1906 1788 1072 112 110 3541 236 190 4562 2042 94
is_linear=0
shrinkage=0.03


Tree=5
num_leaves=64
num_cat=0
split_feature=43 31 31 30 31 40 6 15 30 10 30 2 2 6 40 19 30 11 6 30 30 30 51 16 51 40 30 17 28 31 1 15 51 31 17 13 22 2 30 14 31 30 31 25 37 30 37 8 25 31 30 6 17 30 38 31 42 40 9 40 15 0 9
split_gain=7550.36 1631.38 1402.83 2663.53 1162.79 1015.36 842.791 541.169 514.337 492.543 472.643 375.7 307.746 280.553 261.86 247.456 244.909 486.484 275.399 226.946 222.461 222.1 275.779 213.936 211.099 209.818 174.621 174.107 185.807 174.704 159.319 156.52 156.479 198.73 146.654 143.277 130.314 129.273 126.752 125.553 133.383 142.682 195.563 123.262 116.504 120.982 116.134 115.583 115.095 112.669 112.382 110.433 265.302 110.038 108.165 107.804 106.82 106.641 103.287 103.202 102.555 96.1772 88.4864
threshold=16.500000000000004 1.0000000180025095e-35 1.0000000180025095e-35 74190.000000000015 1460.0000000000002 2058580643.5000002 3.0000000000000004 15.500000000000002 44130.000000000007 2332.5000000000005 55905524.500000007 1155.5000000000002 974.50000000000011 3.0000000000000004 4094030026.5000005 2061.0000000000005 599175.00000000012 2800.0000000000005 3.0000000000000004 114630.00000000001 6290325.0000000009 95550.000000000015 0.75450511171962653 4.5000000000000009 0.75450511171962653 1010325052.0000001 2176425.0000000005 10001.500000000002 1.0000000180025095e-35 100673221.50000001 11032.500000000002 25.500000000000004 0.92249319807368846 40494.000000000007 10309.500000000002 180.50000000000003 4.5000000000000009 1382.5000000000002 35850.000000000007 1028.5000000000002 11465.000000000002 51690.000000000007 22850.500000000004 6.7500000000000009 999797.50000000012 101730.00000000001 998091.00000000012 15.500000000000002 64.000000000000014 27495.000000000004 84450.000000000015 3.0000000000000004 10054.500000000002 3531749.5000000005 160275.00000000003 301033.50000000006 11.500000000000002 2039290501.0000002 351.50000000000006 3015830011.5000005 20.500000000000004 2.5000000000000004 156.50000000000003
decision_type=10 8 10 10 10 10 2 10 10 10 10 2 2 2 10 10 10 10 2 10 8 10 2 10 2 8 10 8 10 10 2 10 2 10 10 10 8 2 10 10 10 10 10 10 10 10 10 2 8 10 10 2 10 10 10 10 10 10 10 10 10 2 10
left_child=1 23 3 8 21 9 7 53 38 15 12 13 -8 19 43 50 44 26 62 30 37 22 34 48 -10 -25 47 28 -22 32 31 54 33 -29 -4 -36 -20 -3 -2 49 -41 42 -42 -9 45 -5 -21 -18 -1 -33 58 -35 -53 -7 -11 60 -46 -13 -6 -28 -14 -34 -19
right_child=2 20 4 16 5 6 10 14 24 11 -12 57 55 -15 -16 -17 17 18 36 46 27 -23 -24 25 -26 -27 59 29 -30 -31 -32 39 61 51 35 -37 -38 -39 -40 40 41 -43 -44 -45 56 -47 -48 -49 -50 -51 -52 52 -54 -55 -56 -57 -58 -59 -60 -61 -62 -63 -64
leaf_value=0.044192623444736179 -0.02136312673011986 0.0051456207810779255 -0.023604339471619044 0.0048167161079655796 -0.024370444037697531 0.0040026581831751357 0.035345928565813943 -0.0079545533024746144 -0.0016170541177991577 -0.099223289287516045 0.029069030478596686 -0.043256068019882632 -0.16219081606183733 0.029994684074262385 -0.021871366272992129 0.0083791925295029213 0.057863661481953051 0.024899451931127376 -0.073598710070803486 -0.012766939036678302 -0.046723602859279775 -0.02349162910435651 -0.18061420531066902 -0.051114345141525921 -0.010735601953843087 0.031057063233610065 0.080640499474186639 0.026248325381476586 0.02434386171302513 0.045413855191358585 -0.0045179311390249775 -0.013496081542223691 -0.070775018516514035 0.014962902987991326 -0.16865757175551896 -0.079544290987954985 0.0094928389996290202 -0.071640156045556069 -0.012604711100985506 -0.14178325351985063 -0.045709544420849693 -0.020937351462160865 -0.17397806054726245 0.0047520575249693723 0.0071343642405888082 0.017440724005630567 -0.024194582932534778 0.02594862016662064 0.070047040461617346 -0.099073466788977382 -0.012676844870692644 0.013123442867895234 -0.10922855634919622 0.020133170329419005 -0.027583183813739177 -0.063047355557770232 -0.0077901441740623615 -0.079858296275138851 -0.11076984347775579 0.022977119362032093 -0.078331650342260084 -0.0020400499003498176 0.0057250483693931931
leaf_weight=1752 2201 1477 28 1050 33 602 26 1544 6614 21 60 190 21 89 790 585 122 310 53 1016 79 37 34 29 3491 785 114 1651 57 194 78 45 27 5881 22 62 25 20 4585 34 23 31 20 1238 2970 1956 3771 627 170 20 1878 58 22 1035 196 215 505 115 20 37 35 57 719
leaf_count=1752 2201 1477 28 1050 33 602 26 1544 6614 21 60 190 21 89 790 585 122 310 53 1016 79 37 34 29 3491 785 114 1651 57 194 78 45 27 5881 22 62 25 20 4585 34 23 31 20 1238 2970 1956 3771 627 170 20 1878 58 22 1035 196 215 505 115 20 37 35 57 719
internal_value=0 0.0206027 -0.00636491 -0.00216775 -0.0140205 -0.0130193 -0.00313859 -8.24978e-05 -0.00905725 -0.0197549 -0.0477301 -0.0246723 -0.0632451 -0.022824 -0.00662854 -0.00871419 0.0115423 0.0206996 0.00738187 -0.0237185 0.0147367 -0.0891432 -0.105781 0.0410201 -0.00476726 0.0281296 0.0370804 0.016717 -0.016938 0.0172971 -0.0436576 -0.0514855 0.0165883 0.0170377 -0.0830637 -0.102883 -0.0469668 0.00411976 -0.0154455 -0.0727709 -0.0925979 -0.0699992 -0.105369 -0.00230007 0.00870647 0.0130311 -0.0217692 0.0311471 0.0464794 -0.0398276 -0.0138927 0.0144867 -0.0205234 0.0142012 -0.0345161 -0.072704 0.00496548 -0.0570569 -0.056974 0.0665111 -0.109779 -0.0241334 0.0115016
internal_weight=0 12259 39293 25379 13914 13731 5566 5209 16891 8165 357 5649 297 5344 3572 2516 8488 2007 1107 5255 9523 183 146 2736 10105 814 900 8026 136 7890 468 390 7696 7612 112 84 78 1497 6786 173 108 74 43 2782 6481 3006 4787 749 1922 65 1931 5961 80 1637 217 271 3475 305 53 151 56 84 1029
internal_count=51552 12259 39293 25379 13914 13731 5566 5209 16891 8165 357 5649 297 5344 3572 2516 8488 2007 1107 5255 9523 183 146 2736 10105 814 900 8026 136 7890 468 390 7696 7612 112 84 78 1497 6786 173 108 74 43 2782 6481 3006 4787 749 1922 65 1931 5961 80 1637 217 271 3475 305 53 151 56 84 1029
is_linear=0
shrinkage=0.03


Tree=6
num_leaves=64
num_cat=0
split_feature=43 31 31 30 27 31 10 30 39 39 30 11 30 30 30 9 42 11 31 30 17 28 31 36 51 31 39 30 2 51 28 1 29 39 30 4 2 51 8 22 38 1 1 9 22 36 7 40 4 31 8 14 33 7 29 2 28 38 1 11 7 22 38
split_gain=7104.13 1534.96 1319.93 2506.11 1122.96 1007.64 556.527 485.134 376.026 337.931 230.435 457.733 219.582 211.509 209.314 205.224 201.806 181.942 172.988 164.301 163.817 174.826 164.379 154.347 147.231 187.261 145.397 138.813 121.633 120.166 114.635 113.828 135.03 239.942 113.125 111.529 111.07 108.903 108.752 108.331 107.358 104.767 103.444 102.1 100.839 153.315 100.274 97.1026 96.7731 155.19 94.2279 86.1307 397.433 115.573 85.8283 159.69 83.4625 82.6587 80.8782 125.467 111.14 80.4601 84.0999
threshold=16.500000000000004 1.0000000180025095e-35 1.0000000180025095e-35 74190.000000000015 1.0000000180025095e-35 1460.0000000000002 2444.5000000000005 53250.000000000007 21802.500000000004 40101.500000000007 599175.00000000012 2800.0000000000005 18369668.000000004 36990.000000000007 6290325.0000000009 86.500000000000014 7.5000000000000009 148.50000000000003 3324918.5000000005 2176425.0000000005 10001.500000000002 1.0000000180025095e-35 100673221.50000001 681.00000000000011 0.92249319807368846 28566.500000000004 43751.500000000007 44850.000000000007 1382.5000000000002 0.83658584423032034 2.5000000000000004 13075.500000000002 13350.000000000002 44802.500000000007 136770.00000000003 11206.500000000002 1003.5000000000001 0.75450511171962653 15.500000000000002 5.5000000000000009 239618.50000000003 5305.5000000000009 5529.5000000000009 156.50000000000003 1.5000000000000002 354.50000000000006 202.50000000000003 3015830011.5000005 10462.500000000002 203126.50000000003 41.500000000000007 3003.5000000000005 9.0000000000000018 110.50000000000001 12180.500000000002 45.500000000000007 4.5000000000000009 245559.00000000003 3226.5000000000005 7503.5000000000009 108.50000000000001 1.5000000000000002 257978.50000000003
decision_type=10 8 10 10 10 10 10 10 10 10 10 10 10 10 8 10 10 10 10 10 8 10 10 10 2 10 10 10 2 2 10 2 10 10 10 2 2 2 2 10 10 2 2 10 10 10 2 10 2 10 2 8 10 2 10 2 10 10 2 8 2 8 10
left_child=1 15 3 7 12 16 9 13 17 46 30 19 23 -2 28 -1 27 56 26 38 21 -16 24 -4 25 58 39 -6 -3 -15 34 32 33 -28 -5 -26 -14 -9 -12 -10 -19 -35 -18 -13 45 -11 -7 -21 57 -50 -38 53 -53 -17 -44 -56 -8 -42 59 -22 -61 -36 -63
right_child=2 14 4 10 5 6 8 37 18 44 11 43 36 29 20 51 42 40 -20 47 22 -23 -24 -25 35 -27 31 -29 -30 -31 -32 -33 -34 41 61 -37 50 -39 -40 -41 48 -43 54 -45 -46 -47 -48 -49 49 -51 -52 52 -54 -55 55 -57 -58 -59 -60 60 -62 62 -64
leaf_value=0.048623563943025666 -0.019880012874418585 0.0049912519938613243 0.0017087949937503769 0.0075172929135234358 -0.11849360670112072 -0.010854187451362136 -0.03155304447420916 0.0010980214426398087 -0.017726500346032247 -0.016641593562984249 0.05612775207665123 0.021231693315764015 -0.037084870644517848 -0.0072441645827285121 -0.045321894823750361 0.040789961580399284 -0.18185919738560913 -0.019009050644934179 0.029120650860819625 0.078221283321710008 0.024053169719634518 0.02361354544366661 0.044051439123055369 -0.015818677621815356 -0.069787458565086127 0.014303529545289699 -0.14845344285926093 -0.035656791814158095 -0.069490952253341676 -0.014501579000244468 0.00060071431306455076 -0.0071600521635932111 -0.028412702949830639 -0.077067768507618081 0.02609717433520321 0.0023561419546604154 0.018349356611975069 -0.0078767658575010953 0.025170161623427525 0.03524960809573531 -0.060372885245183278 -0.020663047022139655 -0.055595927756618368 0.0012612996805087629 -0.014610653954461053 -0.11090081462860107 0.0067860156553591873 0.022287805101557357 -0.048220745408535 -0.15392651803493501 -0.021459300033503062 0.028322982002626687 -0.092090374987858978 0.0050768496363113322 -0.075995446089655166 -0.19077550435066221 0.021483817853316264 0.0030861442163586613 0.011401187289940516 0.069050695855170485 0.031432912385166989 0.013680729753364739 -0.033655943819454741
leaf_weight=1269 2618 1477 1615 3570 25 378 577 3948 4683 41 122 327 37 5152 79 869 20 60 66 114 837 57 194 628 30 6223 23 67 20 3414 1332 183 886 49 576 54 875 1759 627 35 242 75 22 780 1857 25 1246 37 25 25 57 482 26 90 24 20 28 20 260 120 172 968 35
leaf_count=1269 2618 1477 1615 3570 25 378 577 3948 4683 41 122 327 37 5152 79 869 20 60 66 114 837 57 194 628 30 6223 23 67 20 3414 1332 183 886 49 576 54 875 1759 627 35 242 75 22 780 1857 25 1246 37 25 25 57 482 26 90 24 20 28 20 260 120 172 968 35
internal_value=0 0.0199846 -0.00617396 -0.00210272 -0.0135999 -0.018269 -0.0170718 -0.00878553 -0.0219907 -0.0073962 0.011196 0.0200786 0.00195702 -0.0124174 0.0142946 0.0397895 -0.0890508 -0.0392501 -0.0191803 0.0359679 0.0162155 -0.0164298 0.0167782 -0.00319858 0.0160907 0.0165266 -0.0197175 -0.0581668 0.00399617 -0.0101366 0.00844528 -0.0289675 -0.0328307 -0.059459 0.0104746 -0.0234094 0.013891 -0.00166817 0.0302127 -0.0173335 -0.0557601 -0.042952 -0.122089 0.00716041 -0.0159058 -0.0523458 0.00268011 0.0645157 -0.0628276 -0.101074 0.0159147 0.0321477 0.0221601 0.0374384 -0.103977 -0.128168 -0.0290984 -0.0555287 0.0264862 0.0299602 0.0468923 0.0171608 0.0120289
internal_weight=0 12259 39293 25379 13914 10702 10524 16891 6977 3547 8488 2007 3212 11184 9523 2736 178 977 6000 900 8026 136 7890 2243 7696 7612 5934 92 1497 8566 6481 1216 1033 147 5149 84 969 5707 749 4718 372 124 86 1107 1923 66 1624 151 312 50 932 1467 508 959 66 44 605 262 1389 1129 292 1579 1003
internal_count=51552 12259 39293 25379 13914 10702 10524 16891 6977 3547 8488 2007 3212 11184 9523 2736 178 977 6000 900 8026 136 7890 2243 7696 7612 5934 92 1497 8566 6481 1216 1033 147 5149 84 969 5707 749 4718 372 124 86 1107 1923 66 1624 151 312 50 932 1467 508 959 66 44 605 262 1389 1129 292 1579 1003
is_linear=0
shrinkage=0.03


Tree=7
num_leaves=64
num_cat=0
split_feature=18 31 31 30 31 27 10 6 29 30 39 39 30 28 51 10 30 51 30 11 11 31 6 2 14 33 31 51 31 4 2 30 40 10 43 4 13 31 30 30 10 19 31 30 8 39 2 4 25 25 30 30 7 28 29 13 30 6 8 30 14 30 31
split_gain=6699.94 1450.28 1199.2 2434 1082.37 946.871 601.671 582.869 492.619 458.873 353.803 329.93 209.241 435.626 186.929 178.156 174.767 255.6 173.929 171.19 168.193 224.913 167.531 171.413 164.363 259.824 162.765 158.132 160.715 175.589 144.469 138.983 211.005 177.309 137.503 134.459 132.027 125.315 280.995 204.323 130.109 118.331 159.651 112.671 108.854 108.532 133.723 104.938 99.8097 99.628 93.527 119.545 91.7515 91.6395 100.337 87.5782 86.7182 83.7701 162.863 81.7666 81.5195 98.2068 80.3888
threshold=24.500000000000004 1.0000000180025095e-35 1.0000000180025095e-35 74190.000000000015 1460.0000000000002 1.0000000180025095e-35 2444.5000000000005 3.0000000000000004 1762522.0000000002 44130.000000000007 21802.500000000004 40101.500000000007 556988.50000000012 4.5000000000000009 0.75450511171962653 561.50000000000011 95550.000000000015 0.75450511171962653 2176425.0000000005 148.50000000000003 50.500000000000007 13246588.000000002 3.0000000000000004 1002.5000000000001 3003.5000000000005 9.0000000000000018 3324918.5000000005 0.92249319807368846 3562536.0000000005 10026.500000000002 1010.5000000000001 105630.00000000001 3045780001.0000005 11012.500000000002 43.500000000000007 10309.500000000002 180.50000000000003 28566.500000000004 59070.000000000007 41490.000000000007 9297.5000000000018 860.00000000000011 203126.50000000003 33870.000000000007 15.500000000000002 42905.500000000007 37.500000000000007 11206.500000000002 64.000000000000014 27.500000000000004 5941127.0000000009 5655060.0000000009 407.50000000000006 2.5000000000000004 22469.500000000004 797.5150000000001 84450.000000000015 3.0000000000000004 4.5000000000000009 65308783.500000007 1028.5000000000002 34650.000000000007 4585.0000000000009
decision_type=10 8 10 10 10 10 10 2 10 10 10 10 10 10 2 10 10 2 10 10 8 10 2 2 8 10 10 2 8 2 2 10 10 10 10 2 10 10 10 10 10 10 10 10 2 10 2 2 8 10 10 10 2 10 10 10 10 2 2 10 10 10 10
left_child=1 24 3 9 16 7 11 15 55 43 19 50 53 18 -11 -6 17 35 44 -8 21 -3 -15 -24 48 -26 31 28 57 30 -30 32 33 37 -17 -4 -37 39 -39 60 62 42 -21 -2 -14 46 -40 -29 -1 -27 51 -7 -33 54 -5 -9 -13 -22 -59 -43 -12 -62 -41
right_child=2 20 4 12 5 6 10 8 -10 14 26 56 13 22 -16 34 -18 -19 -20 41 27 -23 23 -25 25 49 -28 47 29 -31 -32 52 -34 -35 -36 36 -38 38 45 40 -42 59 -44 -45 -46 -47 -48 -49 -50 -51 -52 -53 -54 -55 -56 -57 -58 58 -60 -61 61 -63 -64
leaf_value=0.042605860143260163 -0.021576082190024708 0.010978946598038121 -0.021027721278369427 0.0063689633794115309 0.024382419326032786 -0.0022914522632106428 -0.028225492325925541 -0.058280515246743318 0.033570799466810727 -0.0015006049362858652 -0.041716027236543593 -0.050044294529195343 0.052999342274158562 0.01108806454659827 -0.010080453676040184 0.0051622039081616515 -0.02905295722000301 -0.17187501211048048 0.064782629115507001 -0.045521198172981919 0.016531424935415782 -0.036231707500053507 0.036842112636566157 -0.054845898757162302 0.032448851650656162 0.0039788071811199185 0.028247031125832687 -0.067693832851946356 0.087986800378223637 0.017622201741527812 0.035872395496109891 -0.014682551535674887 0.00066301433114154687 -0.0047417604748765567 -0.017404387310878115 -0.1600779588554393 -0.074534762687981121 -0.17172878587793092 -0.13785129524767398 -0.054887164650218825 -0.09653655474074184 -0.024224566742777825 -0.15282124038785697 -0.012423959286201301 0.02365895915047218 -0.0010345566365867853 -0.033776649811863901 0.002285457733604643 0.066249010363551838 -0.088535806482488447 0.0096280885156593294 -0.076299934979528181 -0.022788042099518777 0.001217726508766979 0.014785713280166538 -0.11446185281872749 -0.014256137279548348 0.020385814062984925 -0.060079749894181363 -0.057272736006540009 -0.065631101253357804 -0.15526984586973083 -0.0029615535021800059
leaf_weight=1653 1577 3873 28 2872 399 1101 605 149 57 6614 24 63 141 1233 3492 2431 40 34 150 26 3740 93 25 69 667 20 66 30 53 622 495 3403 124 83 270 22 62 24 20 35 20 96 24 5211 590 24 25 54 178 22 840 20 1993 1309 2292 30 1860 56 38 226 22 22 115
leaf_count=1653 1577 3873 28 2872 399 1101 605 149 57 6614 24 63 141 1233 3492 2431 40 34 150 26 3740 93 25 69 667 20 66 30 53 622 495 3403 124 83 270 22 62 24 20 35 20 96 24 5211 590 24 25 54 178 22 840 20 1993 1309 2292 30 1860 56 38 226 22 22 115
internal_value=0 0.0201231 -0.00578058 -0.00188312 -0.0127108 -0.0117688 -0.0160627 0.00221061 -0.0432378 -0.00851738 -0.021331 -0.006599 0.0110277 0.0190024 -0.00446526 0.00567055 -0.0846103 -0.0998315 0.0353565 -0.0380725 0.0145032 0.00987189 0.00814489 -0.0304608 0.0401555 0.0278916 -0.0186049 0.0181132 0.0187984 0.0285309 0.0409127 -0.019126 -0.0336663 -0.0439485 0.00290638 -0.0779611 -0.0969389 -0.0537798 -0.0833093 -0.042241 -0.0246609 -0.0540873 -0.0970252 -0.0145502 0.0293183 -0.0525547 -0.080032 -0.0227071 0.0449043 -0.0444812 0.00205951 -0.00361185 -0.0176763 0.00830751 0.0101047 -0.0676964 -0.0154286 0.0158284 -0.0121428 -0.0474199 -0.0861913 -0.11045 -0.0150775
internal_weight=0 11594 39958 25575 14383 14197 10861 3336 236 16894 6977 3884 8681 2208 10106 3100 186 146 881 977 9054 3966 1327 94 2540 709 6000 5088 5004 1170 548 5934 538 414 2701 112 84 331 93 238 170 372 50 6788 731 69 45 84 1831 42 1961 1121 5396 6473 5164 179 1923 3834 94 322 68 44 150
internal_count=51552 11594 39958 25575 14383 14197 10861 3336 236 16894 6977 3884 8681 2208 10106 3100 186 146 881 977 9054 3966 1327 94 2540 709 6000 5088 5004 1170 548 5934 538 414 2701 112 84 331 93 238 170 372 50 6788 731 69 45 84 1831 42 1961 1121 5396 6473 5164 179 1923 3834 94 322 68 44 150
is_linear=0
shrinkage=0.03


Tree=8
num_leaves=64
num_cat=0
split_feature=18 30 37 30 8 9 42 30 25 30 33 11 5 6 19 1 2 30 13 17 32 17 37 51 28 25 8 14 51 19 8 25 0 1 13 28 13 25 6 2 4 6 25 6 28 51 30 2 18 25 14 6 19 29 30 6 2 51 2 48 38 5 5
split_gain=6303.97 1025.99 1006.79 935.378 606.901 412.102 368.391 336.528 261.193 245.459 225.68 207.227 270.858 204.538 197.206 187.766 180.255 178.092 162.251 140.089 141.755 124.702 173.391 125.317 120.438 117.353 145.866 115.325 101.226 99.3384 160.213 96.4659 95.7444 121.233 95.5377 94.5096 91.1061 177.185 97.5323 218.33 87.2797 83.1843 82.1779 390.395 243.048 151.743 95.2389 102.765 96.227 81.9618 76.1221 75.0763 74.8104 74.4662 71.8461 71.7049 159.834 78.3028 94.0712 69.9932 69.243 69.4016 66.3094
threshold=24.500000000000004 53250.000000000007 1001166.5000000001 1323122.0000000002 44.500000000000007 62.500000000000007 7.5000000000000009 1034325.5000000001 56.500000000000007 65308783.500000007 0.75000000000000011 7501.5000000000009 2009.5000000000002 3.0000000000000004 2760.0000000000005 1256.5000000000002 1591.5000000000002 36990.000000000007 124.50000000000001 10006.500000000002 4.330000000000001 10001.500000000002 984985.00000000012 0.92249319807368846 1.0000000180025095e-35 4.8750000000000009 4.5000000000000009 3523.0000000000005 0.83658584423032034 4150.0000000000009 4.5000000000000009 33.500000000000007 1.5000000000000002 3253.5000000000005 134.50000000000003 2.5000000000000004 136.50000000000003 27.500000000000004 3.0000000000000004 974.50000000000011 11206.500000000002 3.0000000000000004 5.7500000000000009 3.0000000000000004 4.5000000000000009 0.87715247653618544 101730.00000000001 39.500000000000007 27.000000000000004 6.7500000000000009 2004.5000000000002 3.0000000000000004 560.00000000000011 1123543.0000000002 1214070.5000000002 3.0000000000000004 54.500000000000007 0.92740838998300168 72.500000000000014 30001001008.000004 190371.50000000003 1900.5000000000002 1936.5000000000002
decision_type=10 10 8 10 2 10 10 10 8 10 10 10 2 2 10 2 2 10 10 8 10 8 10 2 10 10 2 10 2 10 2 10 2 2 8 10 10 10 2 2 2 2 10 2 10 2 10 2 10 10 10 2 10 10 10 2 2 2 2 10 10 2 2
left_child=5 17 4 14 15 8 10 -6 19 32 16 21 13 -13 35 59 62 -2 -15 41 -21 22 -7 25 -12 26 34 -20 -19 30 -27 36 -8 -34 -23 60 38 -38 54 53 -25 -1 46 52 -45 -46 -17 -48 -49 -9 -26 -51 -44 -40 -31 57 -57 -35 -59 -3 61 -4 -5
right_child=1 2 3 6 7 11 9 49 -10 -11 24 12 -14 18 -16 42 -18 28 27 20 -22 23 -24 40 50 29 -28 -29 -30 31 -32 -33 33 55 -36 -37 37 -39 39 -41 -42 -43 43 44 45 -47 47 48 -50 51 -52 -53 -54 -55 -56 56 -58 58 -60 -61 -62 -63 -64
leaf_value=0.01533699215660334 -0.019744955824432139 0.050146892265397675 0.019193849623203276 -0.0050647582263458344 0.0011417036691157426 -0.035026873169462333 -0.0027147229349842911 -0.022332297399203553 0.055190371870050131 -0.051906378068468491 0.069539645202457909 0.023178193026159165 0.055461248007805448 0.025795907331140417 -0.0065306957367266098 -0.00069870717455225754 0.011366914842922165 -0.0084278521685229365 -0.1080384762822227 0.01063979807202982 0.040629959853048146 0.036885531504559962 0.03056045794526913 -0.060308310154359786 0.021072101599431983 0.031519416593480856 0.018435577783159265 -0.019887687373248971 -0.014947172491108107 -0.024294950812197239 0.014100748765397613 0.022174720857094612 -0.072631677083138904 -0.021187201309931233 0.085650239327679512 -0.0069807267653966042 0.0014365008572721329 -0.080403939300569979 0.037780465185642244 -0.032853986184028058 0.0022168941713041727 0.066308406651020058 0.014964846235708993 0.02508320563137531 -0.0536687505512305 -0.14333201293945311 0.019929925010896101 -0.057061097536768232 0.0076116970498995018 -0.004568946238846492 -0.02015097795867107 -0.047779231607340843 0.00065744156565135392 0.11415573767489857 0.0097328503823755179 0.067230629462462208 -0.030966872397544129 -0.031173090811590757 -0.10838085700571537 0.013996026364872851 0.0046911625214932423 -0.048449813820594968 -0.015307560239187258
leaf_weight=730 2756 49 20 731 2428 103 251 943 355 241 36 2108 230 38 3460 789 297 5385 22 176 731 169 56 32 151 640 587 34 3561 57 1846 565 42 2695 46 787 133 29 20 22 54 30 412 25 53 25 817 21 1479 502 55 39 1631 27 2754 26 35 49 20 2958 4582 43 2564
leaf_count=730 2756 49 20 731 2428 103 251 943 355 241 36 2108 230 38 3460 789 297 5385 22 176 731 169 56 32 151 640 587 34 3561 57 1846 565 42 2695 46 787 133 29 20 22 54 30 412 25 53 25 817 21 1479 502 55 39 1631 27 2754 26 35 49 20 2958 4582 43 2564
internal_value=0 -0.00560717 -0.00251356 -0.0074395 0.00399648 0.0195194 -0.0154831 -0.0057373 0.0318254 -0.0227365 -0.00912831 0.0169198 0.0244831 0.0212474 -0.000932816 0.00860703 -0.0110175 -0.0130771 -0.0220509 0.0268496 0.0348105 0.0143437 -0.0119269 0.014942 0.0189133 0.0153909 0.0261786 -0.0545184 -0.0110229 0.0139709 0.018585 0.0107908 -0.0204818 -0.0220373 0.0473189 0.00263284 0.00867647 -0.0132139 0.00990781 0.0451453 -0.0210483 0.017349 0.00518432 0.000669683 -0.0563171 -0.082407 0.00830357 0.0113691 0.00670628 -0.0169922 0.0100659 -0.00768392 0.00354273 0.0816556 0.00904285 -0.0212851 0.0108878 -0.0219952 -0.0535522 0.0145851 0.00426167 -0.0269756 -0.0130352
internal_weight=0 39958 28256 16085 12171 11594 7193 3912 2022 3359 3834 9572 2432 2202 8892 8259 3592 11702 94 1667 907 7140 159 6981 242 6895 802 56 8946 6093 2486 3607 3118 2867 215 5432 3042 162 2880 69 86 760 5252 2146 103 78 3106 2317 1500 1484 206 541 2043 47 2811 2825 61 2764 69 3007 4645 63 3295
internal_count=51552 39958 28256 16085 12171 11594 7193 3912 2022 3359 3834 9572 2432 2202 8892 8259 3592 11702 94 1667 907 7140 159 6981 242 6895 802 56 8946 6093 2486 3607 3118 2867 215 5432 3042 162 2880 69 86 760 5252 2146 103 78 3106 2317 1500 1484 206 541 2043 47 2811 2825 61 2764 69 3007 4645 63 3295
is_linear=0
shrinkage=0.03


Tree=9
num_leaves=64
num_cat=0
split_feature=18 31 31 30 31 10 48 40 30 6 2 40 30 6 18 30 28 30 42 6 29 40 30 6 2 11 31 14 33 1 51 31 4 30 37 47 15 51 2 13 37 29 18 14 31 25 25 31 30 31 25 31 37 14 28 4 48 25 25 6 8 43 31
split_gain=5931.41 1321.29 1105.36 2196.58 1021.43 778.417 566.965 499.247 406.951 339.509 372.273 327.58 219.706 249.581 193.952 193.362 407.668 176.603 164.91 162.81 447.053 176.268 162.693 154.679 160.777 151.631 200.341 147.559 234.041 145.448 140.08 147.247 191.027 128.077 120.428 132.541 115.705 112.402 112.329 107.433 105.928 137.488 118.102 101.566 102.77 100.496 99.7292 95.3797 119.692 183.282 95.2839 116.554 95.0371 93.9737 103.83 93.3546 93.3189 90.3746 88.6048 86.4676 134.364 85.3156 84.5389
threshold=24.500000000000004 1.0000000180025095e-35 1.0000000180025095e-35 74190.000000000015 1460.0000000000002 2444.5000000000005 40024001500.500008 2045785013.0000002 53250.000000000007 3.0000000000000004 974.50000000000011 2039260011.0000002 147750.00000000003 3.0000000000000004 75.500000000000014 556988.50000000012 4.5000000000000009 35850.000000000007 7.5000000000000009 3.0000000000000004 1309725.0000000002 4094030026.5000005 1694029.0000000002 3.0000000000000004 1002.5000000000001 50.500000000000007 13246588.000000002 3003.5000000000005 9.0000000000000018 11032.500000000002 0.92249319807368846 7007014.0000000009 10026.500000000002 44850.000000000007 999797.50000000012 4005450.0000000005 25.500000000000004 0.83658584423032034 1012.5000000000001 441.50000000000006 999797.50000000012 23835.000000000004 80.000000000000014 1028.5000000000002 27495.000000000004 6.7500000000000009 3.8750000000000004 11465.000000000002 51690.000000000007 22850.500000000004 7.2500000000000009 2329323.0000000005 998091.00000000012 3037.5000000000005 1.5000000000000002 11206.500000000002 40407021001.500008 27.500000000000004 64.000000000000014 3.0000000000000004 4.5000000000000009 21.500000000000004 28566.500000000004
decision_type=10 8 10 10 10 10 10 10 10 2 2 10 10 2 10 10 10 10 10 2 10 10 10 2 2 8 10 8 10 2 2 8 2 10 10 10 10 2 2 10 10 10 10 10 10 10 10 10 10 10 8 10 10 10 10 2 10 10 8 2 2 10 10
left_child=1 27 3 8 18 6 9 11 17 14 -11 12 29 52 50 40 22 -2 33 21 39 46 -17 -18 -25 26 -3 58 -29 36 31 59 38 -4 -20 -36 62 -19 -33 -21 41 53 61 44 -38 -12 -9 -45 49 -49 51 -6 -14 -5 -55 -32 -10 -30 -1 -27 -61 -42 -7
right_child=2 25 4 15 5 7 -8 19 56 10 45 -13 13 -15 -16 16 23 37 34 20 -22 -23 -24 24 -26 30 -28 28 57 -31 55 32 -34 -35 35 -37 43 -39 -40 -41 42 -43 -44 47 -46 -47 -48 48 -50 -51 -52 -53 -54 54 -56 -57 -58 -59 -60 60 -62 -63 -64
leaf_value=0.040388524778552364 -0.018939476326746835 0.010217127779827022 -0.11175384262204169 0.0083208346471848015 -0.0073663334944285451 -0.018462155171060705 -0.014553549435247811 -0.012099286300885911 -0.0051708541381634953 0.042162714443496757 -0.110791897353004 -0.055238156782976271 -0.011379561326113221 0.035926521346476427 0.011727857763882521 0.026617097106879171 0.010558740950545433 -0.0067122558575229445 -0.060715550616383548 0.0017520371345537049 0.031094391929066698 -0.020664772745041096 0.056401019622021438 0.035816891884803768 -0.05298111132305601 0.015661799158403253 -0.034340038063425213 0.03075976929070939 0.0039010265618562696 -0.0041734658677344133 -0.063853768553584808 0.084133350358289824 0.016544171174371548 -0.032343963327653269 -0.18086033876792623 -0.093557556870886502 -0.010563499109861863 -0.013558288129516054 0.036903370034398114 -0.071417745622091508 0.017916783051995129 0.018831544422441612 0.0077774083444862351 -0.12548544700531397 -0.092580304943025105 -0.048482781912426685 0.0020977819717887883 -0.039848173740117447 -0.020978411471005529 -0.16402390969544647 0.0093793744219785227 -0.062097383495923628 -0.021823787477481302 0.01514700501491981 -0.036881751654048757 0.0021503874949283068 0.0025066994522990045 -0.084212516593662176 0.062665053846502894 0.015564233584907546 -0.057011635666222943 -0.0082464498670388603 -0.057191130945050128
leaf_weight=1653 2202 3873 25 1456 654 133 2175 604 2965 37 34 259 996 74 2315 661 1233 5379 30 21 69 541 220 25 69 3838 93 667 20 83 30 51 612 68 29 34 44 3605 407 129 130 1424 2499 34 20 74 1695 23 32 20 326 37 3686 56 90 54 2743 22 178 58 38 818 82
leaf_count=1653 2202 3873 25 1456 654 133 2175 604 2965 37 34 259 996 74 2315 661 1233 5379 30 21 69 541 220 25 69 3838 93 667 20 83 30 51 612 68 29 34 44 3605 407 129 130 1424 2499 34 20 74 1695 23 32 20 326 37 3686 56 90 54 2743 22 178 58 38 818 82
internal_value=0 0.0189338 -0.00543895 -0.00169709 -0.0120925 -0.0111774 -0.00254001 -0.0168906 -0.00799948 0.00497494 -0.039963 -0.0223054 -0.0206736 -0.018738 0.00693052 0.0105679 0.018234 -0.0113255 -0.0819388 -0.00717962 -0.0321031 -0.0052577 0.0340546 0.00773071 -0.0293646 0.0135696 0.00917229 0.0380546 0.0264346 -0.0402181 0.0169973 0.0176422 0.0275098 -0.0536907 -0.110187 -0.133745 -0.0479287 -0.00945936 0.0421626 -0.061174 0.00795295 0.012049 0.00435722 -0.0661919 -0.0361938 -0.0680986 -0.00163211 -0.0838055 -0.0649106 -0.0976043 -0.00398968 -0.0102969 -0.019602 0.00601998 -0.0169255 -0.0214225 -0.00148138 -0.0422537 0.0425541 0.0149584 -0.0131637 -0.00465866 -0.0332332
internal_weight=0 11594 39958 25575 14383 14197 5652 8545 16894 3477 145 5486 5227 4756 3332 8681 2208 11186 186 3059 219 2840 881 1327 94 9054 3966 2540 709 471 5088 5004 1070 93 93 63 388 8984 458 150 6473 3026 3447 173 64 108 2299 109 75 43 1017 691 4682 1602 146 84 5708 42 1831 3934 96 948 215
internal_count=51552 11594 39958 25575 14383 14197 5652 8545 16894 3477 145 5486 5227 4756 3332 8681 2208 11186 186 3059 219 2840 881 1327 94 9054 3966 2540 709 471 5088 5004 1070 93 93 63 388 8984 458 150 6473 3026 3447 173 64 108 2299 109 75 43 1017 691 4682 1602 146 84 5708 42 1831 3934 96 948 215
is_linear=0
shrinkage=0.03


Tree=10
num_leaves=64
num_cat=0
split_feature=15 31 31 30 27 31 6 10 30 29 39 39 30 28 6 31 51 31 25 30 1 51 47 30 30 9 39 2 51 11 38 18 15 14 33 30 30 31 51 31 36 30 29 6 2 30 9 43 6 4 25 38 16 14 11 14 37 2 6 6 2 34 29
split_gain=5579.11 1252.89 1163.08 2111.76 922.057 740.909 570.844 523.762 446.588 385.753 339.072 237.632 218.103 369.789 216.544 210.873 174.639 156.704 155.165 151.151 151.13 148.734 133.055 227.516 132.083 142.563 181.648 156.598 131.925 129.793 151.641 122.034 125.464 118.367 200.762 117.819 141.567 126.416 129.081 109.524 108.447 105.353 101.082 164.367 139.772 101.011 100.785 95.5229 86.7726 154.142 82.7721 82.2184 79.6695 103.834 78.8623 77.5117 75.506 79.1913 136.371 127.523 145.617 132.319 111.481
threshold=4.5000000000000009 1.0000000180025095e-35 1.0000000180025095e-35 75330.000000000015 1.0000000180025095e-35 1460.0000000000002 3.0000000000000004 2275.5000000000005 44130.000000000007 1762522.0000000002 21802.500000000004 40101.500000000007 410625.00000000006 4.5000000000000009 3.0000000000000004 133702.50000000003 0.82418114476398319 2032410.5000000002 7.2500000000000009 2176425.0000000005 560.50000000000011 0.92249319807368846 4048150.0000000005 81390.000000000015 105630.00000000001 629.50000000000011 44804.500000000007 33.500000000000007 0.83658584423032034 234.50000000000003 251533.50000000003 110.50000000000001 18.500000000000004 3003.5000000000005 9.0000000000000018 126144092.00000001 118972942.50000001 58307.500000000007 0.91986383076330835 100673221.50000001 989.00000000000011 44850.000000000007 845775.00000000012 3.0000000000000004 1004.5000000000001 29970.000000000004 18802.500000000004 34.500000000000007 3.0000000000000004 10067.000000000002 27.500000000000004 165439.00000000003 28.500000000000004 1028.5000000000002 59.500000000000007 2009.5000000000002 997530.50000000012 63.500000000000007 3.0000000000000004 3.0000000000000004 1004.5000000000001 11.000000000000002 1710451.5000000002
decision_type=10 8 10 10 10 10 2 10 10 10 10 10 10 10 2 10 2 10 8 10 2 2 10 10 10 10 10 2 2 10 10 10 10 10 10 10 10 10 2 10 10 10 10 2 2 10 10 10 2 2 10 10 10 10 10 10 10 2 2 2 2 10 10
left_child=1 33 3 8 6 22 20 11 45 15 14 47 21 19 29 -8 -10 24 46 -14 -4 -5 23 28 25 26 27 -12 -6 -9 -31 32 -27 56 -35 36 37 38 -20 48 -22 -24 43 -15 -45 -2 -3 -7 -39 -50 -36 -47 -33 -54 -29 -55 57 58 -1 -59 -61 -62 -60
right_child=2 18 4 12 5 7 9 10 16 -11 17 -13 13 42 -16 -17 -18 -19 35 -21 40 -23 41 -25 -26 31 -28 54 -30 30 -32 52 -34 34 50 -37 -38 39 -40 -41 -42 -43 -44 44 -46 51 -48 -49 49 -51 -52 -53 53 55 -56 -57 -58 59 62 60 61 -63 -64
leaf_value=0.04411157723229378 -0.023921399909341411 0.0051067824366052691 0.022592307793647917 0.0096097806610915878 -0.097701219719003987 -0.0068124029901223326 -0.1569396746456623 -0.030655803744889423 -0.0010755321152820612 0.029196968507766721 -0.12997471095742405 -0.013334363799165786 0.027056154302679727 0.0082703889608876733 0.033399089857076222 -0.053470584315464989 -0.0095187692920879387 0.006320461445348916 0.021956237879160182 0.060455077224810208 0.0051726696911638505 -0.0036240931917422823 -0.096131525345403576 -0.036854967610402536 -0.01692625933861254 -0.073342065591551361 -0.013134664419350553 -0.017041232625488189 -0.18588079450222161 -0.046977572213671513 -0.11453111571725456 -0.096673085384748197 -0.0024033612635445917 0.029869520955421228 0.0037839963734149929 0.033082375044009356 -0.041044371553829735 0.011783202852379496 -0.012459689372680285 0.055892055416107173 -0.01130576185294847 -0.026100279055214649 0.030972474738724109 0.028612722873687744 -0.064962475895881652 -0.0071143233297773995 -0.058171689484430397 0.0080005800064883257 0.0032736737587872673 -0.09147078720107675 -0.082526413335464885 -0.014669859242419149 0.0013308030743475841 -0.092434496991486564 -0.084745532136876134 -0.032918112489084404 0.015880559473080889 0.040868604290271393 0.062618745875616486 0.055972364242706032 0.011874975574513277 -0.089933640763163569 0.13602999132255028
leaf_weight=250 756 1502 387 4859 37 635 20 644 7169 50 37 1839 946 1302 39 156 3184 241 2054 140 2244 907 29 33 5391 25 55 30 26 319 33 22 219 652 20 299 42 5173 103 50 428 58 161 20 51 1894 23 1023 68 20 20 4107 46 31 32 54 107 1386 52 27 27 20 29
leaf_count=250 756 1502 387 4859 37 635 20 644 7169 50 37 1839 946 1302 39 156 3184 241 2054 140 2244 907 29 33 5391 25 55 30 26 319 33 22 219 652 20 299 42 5173 103 50 428 58 161 20 51 1894 23 1023 68 20 20 4107 46 31 32 54 107 1386 52 27 27 20 29
internal_value=0 0.0180277 -0.0053741 -0.00154326 -0.0122606 -0.0164602 0.00167168 -0.015438 -0.00758775 -0.0443379 -0.0200547 -0.00590883 0.0107893 0.0179666 -0.035947 -0.0652284 -0.0036722 -0.0173944 0.0129052 0.0313617 0.00507088 0.00752807 -0.0763152 -0.100667 -0.0183562 -0.0323468 -0.0568478 -0.0811329 -0.134093 -0.0386624 -0.0533107 -0.0228426 -0.00967167 0.0364885 0.0258672 0.0146145 0.0138793 0.0141881 0.0203128 0.0117007 0.00253316 -0.049444 0.00848356 0.00584648 -0.0386033 -0.0135871 0.00415242 0.00232733 0.0112807 -0.0182592 -0.0393712 -0.0122852 -0.0438473 -0.0349758 -0.0519854 -0.0546241 0.040361 0.0418236 0.0550723 0.0388199 0.000448721 -0.0314478 0.0889018
internal_weight=0 11924 39679 25496 14183 10898 3285 10715 17110 226 7218 3497 8386 2620 1035 176 10353 6183 9334 1086 3059 5766 183 96 5942 551 154 99 63 996 352 397 244 2590 692 7809 7510 7468 2157 5311 2672 87 1534 1373 71 6757 1525 1658 5261 88 40 6001 153 131 62 85 1898 1791 331 1460 74 47 81
internal_count=51603 11924 39679 25496 14183 10898 3285 10715 17110 226 7218 3497 8386 2620 1035 176 10353 6183 9334 1086 3059 5766 183 96 5942 551 154 99 63 996 352 397 244 2590 692 7809 7510 7468 2157 5311 2672 87 1534 1373 71 6757 1525 1658 5261 88 40 6001 153 131 62 85 1898 1791 331 1460 74 47 81
is_linear=0
shrinkage=0.03


Tree=11
num_leaves=64
num_cat=0
split_feature=18 31 31 30 27 31 6 10 30 29 39 39 30 28 6 31 51 30 31 51 10 25 31 47 30 51 11 19 30 40 14 33 30 31 5 51 30 40 30 30 37 39 5 9 5 38 42 30 31 32 25 5 13 8 10 36 37 30 31 38 7 7 30
split_gain=5250.16 1152.05 1075.95 2017.35 876.742 702.156 530.292 521.527 420.313 377.428 319.033 222.112 208.437 344.08 203.747 198.41 171.217 154.833 150.733 141.536 139.678 139.194 132.117 125.191 214.069 124.128 122.122 142.679 115.78 114.682 112.353 190.183 110.31 133.487 167.681 124.516 116.455 106.768 100.293 99.1269 97.0702 124.684 134.245 112.843 93.9057 85.6902 85.1211 79.8038 175.659 78.6922 77.8802 77.3742 73.5251 83.3259 81.15 71.5466 71.2934 70.8238 67.3413 66.4014 85.7974 75.0495 64.4142
threshold=24.500000000000004 1.0000000180025095e-35 1.0000000180025095e-35 75330.000000000015 1.0000000180025095e-35 1460.0000000000002 3.0000000000000004 2275.5000000000005 44482.500000000007 1762522.0000000002 21802.500000000004 40101.500000000007 410625.00000000006 4.5000000000000009 3.0000000000000004 133702.50000000003 0.82418114476398319 1392525.0000000002 43259.500000000007 0.92249319807368846 561.50000000000011 6.1050000000000013 3324918.5000000005 4048150.0000000005 81390.000000000015 0.83658584423032034 234.50000000000003 1150.0000000000002 915290.50000000012 3054990055.0000005 3003.5000000000005 9.0000000000000018 126144092.00000001 43259.500000000007 2006.5000000000002 0.91986383076330835 118972942.50000001 4050839554.5000005 33870.000000000007 44850.000000000007 1040757.5000000001 45401.500000000007 1948.5000000000002 1388.0000000000002 1999.5000000000002 193351.50000000003 8.5000000000000018 5941127.0000000009 2329323.0000000005 3.7200000000000002 27.500000000000004 1910.5000000000002 484.50000000000006 44.500000000000007 2833.5000000000005 159.50000000000003 988385.00000000012 84450.000000000015 39066041.500000007 257978.50000000003 209.50000000000003 306.50000000000006 5186475.0000000009
decision_type=10 8 10 10 10 10 2 10 10 10 10 10 10 10 2 10 2 10 10 2 10 8 10 10 10 2 10 10 10 10 10 10 10 10 2 2 10 8 10 10 10 10 2 10 2 10 10 8 10 10 10 2 10 2 10 8 10 10 10 10 2 2 10
left_child=1 30 3 8 6 23 20 11 38 15 14 46 19 17 26 -8 -10 -14 40 59 -4 -3 28 24 25 -6 44 -28 -20 56 -1 -32 33 35 36 -23 55 -22 -2 -25 52 42 43 -42 51 -19 -7 48 -48 -21 -33 -9 54 -54 -12 58 -15 -13 -35 61 -61 -5 -47
right_child=2 21 4 12 5 7 9 10 16 -11 18 57 13 29 -16 -17 -18 45 22 49 37 32 -24 39 -26 -27 27 -29 -30 -31 31 50 -34 34 -36 -37 -38 -39 -40 -41 41 -43 -44 -45 -46 62 47 -49 -50 -51 -52 -53 53 -55 -56 -57 -58 -59 -60 60 -62 -63 -64
leaf_value=0.039512706444588201 -0.019713153325842444 0.0031755022391737574 0.021914538597153831 0.018268537383337662 -0.094770184759352658 0.0069510649878741244 -0.15223148560523986 0.004494406333232814 -0.00086604781440789789 0.029413555615088519 -0.090483890756964683 -0.043211453167805031 0.023682873509053879 0.025092868403995713 0.032397117427048774 -0.051866466890877254 -0.0093116356010605854 0.029164108700167973 0.0078621350028651189 -0.0016422925010083586 0.0043681571073934146 0.021759849867094182 0.023877276937194356 -0.093247576754154821 -0.035749318951910185 -0.18030437181775386 -0.11109518474814566 -0.045568245309069284 -0.016142275135892926 -0.0087737974711068843 0.029222680468617149 0.0036704769730567929 0.032089903653913912 0.0086102461824465789 0.034264544743624059 -0.012085897957643909 -0.039813040814229421 -0.017950919222946692 -0.011094114129839549 -0.025317270564284688 -0.13027253598906099 -0.0079663109045941382 -0.032544312583642418 -0.041396288109943273 0.018049683973725354 0.054607817060993206 -0.0098047813597723372 0.0060640474302094162 -0.093348210714757449 -0.045203355579422067 -0.080050620960071678 -0.035574810638434665 -0.0084687761407967205 -0.037518979039731552 -0.028815734936654718 0.016020172895794244 0.0083354181614841392 -0.011789543470156408 -0.029587140977382659 0.020632210757869942 -0.035816567215224492 0.0082137376813252588 0.1043375535096441
leaf_weight=1846 1568 1181 387 803 37 1125 20 47 7024 51 20 67 816 299 39 156 3120 114 188 868 2504 1948 79 29 33 26 33 319 4748 285 645 20 299 3785 268 103 42 209 5398 58 36 48 55 20 35 144 403 282 24 39 20 562 391 115 483 1448 969 1772 42 39 64 3977 28
leaf_count=1846 1568 1181 387 803 37 1125 20 47 7024 51 20 67 816 299 39 156 3120 114 188 868 2504 1948 79 29 33 26 33 319 4748 285 645 20 299 3785 268 103 42 209 5398 58 36 48 55 20 35 144 403 282 24 39 20 562 391 115 483 1448 969 1772 42 39 64 3977 28
internal_value=0 0.0177561 -0.00513397 -0.00143838 -0.0116919 -0.0157492 0.00181285 -0.01477 -0.00736012 -0.042448 -0.019453 -0.00556709 0.0105594 0.0175195 -0.0348686 -0.0632716 -0.00346367 0.0303402 -0.0168725 0.00736781 0.00505389 0.0127845 -0.014612 -0.0740258 -0.0976473 -0.13007 -0.0375025 -0.0517114 -0.015228 0.00842193 0.0356624 0.0252862 0.0142147 0.0135147 0.011111 0.0200601 0.00994399 0.00264877 -0.0130342 -0.0479607 -0.0265785 -0.0483651 -0.0658349 -0.098531 -0.0297361 0.0493346 0.00182024 -0.00632105 -0.0145004 -0.00351537 -0.0381901 -0.0324824 -0.0231453 -0.0150711 -0.0312677 0.0103402 0.0122869 -0.0129343 0.00819104 0.00938932 -0.0144428 0.00990286 0.0627034
internal_weight=0 11647 39956 25555 14401 11074 3327 10891 17110 227 7218 3673 8445 2655 1035 176 10144 1102 6183 5790 3100 9116 5015 183 96 63 996 352 4936 1553 2531 685 7935 7636 5585 2051 5317 2713 6966 87 1168 159 111 56 644 286 1834 709 427 907 40 609 1009 506 503 5275 1268 1839 3827 4883 103 4780 172
internal_count=51603 11647 39956 25555 14401 11074 3327 10891 17110 227 7218 3673 8445 2655 1035 176 10144 1102 6183 5790 3100 9116 5015 183 96 63 996 352 4936 1553 2531 685 7935 7636 5585 2051 5317 2713 6966 87 1168 159 111 56 644 286 1834 709 427 907 40 609 1009 506 503 5275 1268 1839 3827 4883 103 4780 172
is_linear=0
shrinkage=0.03


Tree=12
num_leaves=64
num_cat=0
split_feature=15 31 31 30 27 31 10 30 39 39 30 30 2 22 51 31 36 30 30 1 51 19 2 30 5 31 39 47 30 51 31 5 17 51 31 14 33 5 14 32 31 8 30 5 37 30 37 5 19 31 10 22 13 16 25 8 37 2 22 29 22 5 19
split_gain=4941.33 1108.85 1030.24 1869.44 816.091 655.864 463.15 395.72 300.178 209.914 197.458 193.393 365.823 167.13 154.508 142.165 142.129 140.092 133.852 133.791 125.663 125.382 122.708 119.453 229.194 243.935 123.596 117.793 201.418 116.793 114.249 152.844 123.462 118.275 109.304 104.852 177.723 103.782 272.919 157.129 101.149 94.144 93.2685 92.8099 91.4823 91.3134 88.9775 85.8224 82.4667 163.71 88.1723 74.6019 74.4653 74.3263 73.2775 72.8484 70.3376 74.5637 135.53 127.627 87.323 228.711 68.9185
threshold=4.5000000000000009 1.0000000180025095e-35 1.0000000180025095e-35 75330.000000000015 1.0000000180025095e-35 1460.0000000000002 2275.5000000000005 44130.000000000007 21802.500000000004 40101.500000000007 6290325.0000000009 556988.50000000012 587.50000000000011 4.5000000000000009 0.82418114476398319 2032410.5000000002 644.50000000000011 6290325.0000000009 1694029.0000000002 1687.5000000000002 0.92249319807368846 7750.0000000000009 44.500000000000007 105630.00000000001 1947.5000000000002 30982.000000000004 42905.500000000007 4048150.0000000005 81390.000000000015 0.83658584423032034 59596.500000000007 2006.5000000000002 10001.500000000002 0.91986383076330835 53985632.000000007 3003.5000000000005 9.0000000000000018 1939.5000000000002 2002.5000000000002 1.2500000000000002 17235929.000000004 47.500000000000007 44850.000000000007 1985.5000000000002 988624.00000000012 29970.000000000004 988054.50000000012 1910.5000000000002 315.00000000000006 2032410.5000000002 3933.5000000000005 4.5000000000000009 229.51000000000002 49.500000000000007 27.500000000000004 14.500000000000002 997530.50000000012 63.500000000000007 3.5000000000000004 1710451.5000000002 4.5000000000000009 1919.5000000000002 815.00000000000011
decision_type=10 8 10 10 10 10 10 10 10 10 10 10 2 10 2 10 8 8 10 2 2 10 2 10 2 10 10 10 10 2 10 2 10 2 10 10 10 2 10 10 10 2 10 2 10 10 10 2 10 10 10 8 10 10 10 2 10 2 10 10 10 2 10
left_child=1 35 3 7 10 27 9 45 13 52 16 20 18 22 -9 23 -4 21 55 -18 -5 -3 47 24 25 37 -27 28 29 -6 33 32 40 -19 -34 56 -37 39 -39 -10 -32 -26 -29 -43 -14 -2 -12 -8 49 -24 -50 -25 -7 -47 -38 -13 57 58 -1 -60 -59 -62 -52
right_child=2 17 4 11 5 6 8 14 15 -11 46 12 44 -15 -16 -17 19 30 -20 -21 -22 -23 48 51 41 26 -28 42 -30 -31 31 -33 34 -35 -36 36 54 38 -40 -41 -42 43 -44 -45 -46 53 -48 -49 50 -51 62 -53 -54 -55 -56 -57 -58 60 59 -61 61 -63 -64
leaf_value=0.035911820531364352 -0.022612363388711622 0.0046046387943511902 -0.0002614853333612706 0.0094053475078802809 -0.0919270780602017 0.0065316849142099988 0.021793878238115991 -0.0010110785691676634 -0.013004385754673017 -0.012546302974286286 0.028319979559859328 0.051019730147685891 0.022366044401781502 0.039836547242270572 -0.008952782307733562 0.0062215625215225169 -0.080012815289439682 0.021232592494661921 0.052201890146376884 -0.015476480023284162 -0.0019784778895488137 -0.061900182556575888 -0.031194813586771487 -0.016264086276778684 0.00032508902146571102 -0.14945352055132388 -0.05317410720326006 -0.090450147817810536 -0.034676839316433124 -0.1748952402289097 0.019587805370191252 0.033094090027104915 0.010196650086177771 -0.011723320727209443 0.031738558181675307 0.028102318924663163 0.0035603628158569333 -0.0060490456426685506 -0.15917052159458397 -0.093543847873806957 -0.039459005892276765 -0.05367079054266214 -0.024557752149131404 0.0043917303396439223 0.0019563319400289834 -0.013341605375866839 0.0065030229946010732 -0.027332353575511854 -0.027845572827549778 -0.14238876472819936 -0.092910323526223443 0.020551749721169469 -0.0071015203386053157 -0.0053309753496519358 -0.077649102173745627 0.022126511909662954 0.014350238101514465 0.037768354455790465 0.060369128073389455 0.13204269277197975 0.060209660168899143 -0.076726294992757696 -0.046992172018428952
leaf_weight=192 756 1364 1222 5218 37 1128 35 7169 135 1839 191 89 254 27 3184 241 31 2023 218 429 1048 26 26 5341 186 30 20 29 33 26 39 281 5198 103 221 652 20 22 20 26 79 75 58 37 891 4658 1412 374 247 22 33 50 530 1343 20 668 107 1416 111 28 23 21 271
leaf_count=192 756 1364 1222 5218 37 1128 35 7169 135 1839 191 89 254 27 3184 241 31 2023 218 429 1048 26 26 5341 186 30 20 29 33 26 39 281 5198 103 221 652 20 22 20 26 79 75 58 37 891 4658 1412 374 247 22 33 50 530 1343 20 668 107 1416 111 28 23 21 271
internal_value=0 0.016966 -0.00505762 -0.00145218 -0.0115389 -0.0154899 -0.0145281 -0.00713932 -0.0188694 -0.00556726 0.00156835 0.0101513 0.0179837 -0.0338225 -0.0034535 -0.0163664 -0.00561198 0.012147 0.0314885 -0.0198257 0.00750138 0.00336066 -0.0357955 -0.0172825 -0.0305874 -0.0515862 -0.110942 -0.071805 -0.0947179 -0.126168 0.0136844 0.0115095 0.0104141 0.019636 0.0110752 0.0343333 0.0243366 -0.0369666 -0.078964 -0.0260108 -0.0199435 -0.0127596 -0.0465219 -0.0344894 0.0064839 -0.0127867 0.00910255 -0.0231284 -0.0444447 -0.0821587 -0.0411593 -0.0159226 0.00217366 -0.0115489 -0.0370444 0.0255235 0.037978 0.0393896 0.0522454 0.074807 0.036475 -0.00514614 -0.0519767
internal_weight=0 11924 39679 25496 14183 10898 10715 17110 7218 3497 3285 8386 2120 1035 10353 6183 1682 9334 975 460 6266 1390 1008 5942 551 253 50 183 96 63 7944 5818 5537 2126 5419 2590 692 203 42 161 118 298 87 112 1145 6757 1603 409 599 48 551 5391 1658 6001 40 757 1898 1791 331 139 1460 44 304
internal_count=51603 11924 39679 25496 14183 10898 10715 17110 7218 3497 3285 8386 2120 1035 10353 6183 1682 9334 975 460 6266 1390 1008 5942 551 253 50 183 96 63 7944 5818 5537 2126 5419 2590 692 203 42 161 118 298 87 112 1145 6757 1603 409 599 48 551 5391 1658 6001 40 757 1898 1791 331 139 1460 44 304
is_linear=0
shrinkage=0.03


Tree=13
num_leaves=64
num_cat=0
split_feature=18 31 31 30 27 31 10 30 39 39 30 30 28 22 51 30 31 13 39 25 51 31 2 47 30 51 30 40 17 31 31 14 22 31 30 37 1 5 9 30 43 37 9 34 9 5 19 31 10 22 30 42 13 37 28 27 51 4 19 8 31 26 1
split_gain=4649.45 1019.74 952.887 1785.86 776.741 621.538 460.988 372.672 282.437 196.059 190.711 186.371 307.693 157.252 151.864 137.237 136.731 127.196 190.117 126.79 125.976 120.098 115.456 110.831 189.514 109.89 109.063 106.798 101.625 129.993 124.397 99.3543 128.224 97.8325 90.6025 90.0824 120.299 118.244 106.113 87.7563 83.2064 81.9722 88.593 81.5048 166.591 80.7503 77.5929 154.035 82.9613 76.2799 144.115 75.0559 84.7424 73.6698 73.2413 69.791 82.5338 80.1659 79.1635 136.367 79.0623 68.508 68.2984
threshold=24.500000000000004 1.0000000180025095e-35 1.0000000180025095e-35 75330.000000000015 1.0000000180025095e-35 1460.0000000000002 2275.5000000000005 44482.500000000007 21802.500000000004 40101.500000000007 6290325.0000000009 410625.00000000006 4.5000000000000009 4.5000000000000009 0.82418114476398319 1392525.0000000002 43259.500000000007 769.0150000000001 30605.500000000004 6.1050000000000013 0.92249319807368846 3324918.5000000005 44.500000000000007 4048150.0000000005 81390.000000000015 0.83658584423032034 915290.50000000012 3054990055.0000005 10002.500000000002 4949378.5000000009 100673221.50000001 3003.5000000000005 4.5000000000000009 6840.0000000000009 33870.000000000007 1040757.5000000001 12577.500000000002 1948.5000000000002 1388.0000000000002 44850.000000000007 34.500000000000007 988054.50000000012 99.000000000000014 4.330000000000001 538.50000000000011 1910.5000000000002 315.00000000000006 2032410.5000000002 3933.5000000000005 1.5000000000000002 127890.00000000001 16.500000000000004 853.50000000000011 982883.50000000012 1.5000000000000002 4.5000000000000009 0.92249319807368846 10462.500000000002 3860.0000000000005 4.5000000000000009 1266846.5000000002 1.0000000180025095e-35 2811.5000000000005
decision_type=10 8 10 10 10 10 10 10 10 10 10 10 10 10 2 10 10 10 10 8 2 10 2 10 10 2 10 10 8 10 10 10 10 8 10 10 2 2 10 10 10 10 10 10 10 2 10 10 10 8 10 10 10 10 10 10 2 2 10 2 10 10 2
left_child=1 31 3 7 10 23 9 34 13 40 17 20 15 22 -9 -13 35 53 -19 -3 49 26 45 24 25 -6 -18 -14 29 -21 33 -1 -33 -30 -2 62 37 38 -37 -25 43 -12 61 44 -7 -8 47 -24 -48 50 -5 -51 -53 -4 -22 56 58 -58 59 -35 -60 -43 -10
right_child=2 19 4 11 5 6 8 14 16 -11 41 12 27 -15 -16 -17 21 18 -20 28 54 -23 46 39 -26 -27 -28 -29 30 -31 -32 32 -34 55 -36 36 -38 -39 -40 -41 -42 42 -44 -45 -46 -47 48 -49 -50 51 -52 52 -54 -55 -56 -57 57 -59 60 -61 -62 -63 -64
leaf_value=0.037176896732143395 -0.018616076086460192 0.0028612027859388121 -0.023110336158212952 0.0083164954175553567 -0.089169265405350431 -0.01225354853170839 0.021140062278934887 -0.00080973397547688219 -0.072916345688635892 -0.01216991390804424 0.027470380114927809 0.022372540282753213 0.011642964926750009 0.038641452102197542 -0.0087637032361607657 0.046522681906207147 0.0081006296417314282 -0.11321641440689563 -0.017107231104676889 0.0086844173783500647 0.0047078637899208757 0.022974311683114756 -0.030258969376938269 -0.08773664307909021 -0.033636533455415209 -0.16964838424554238 -0.015197054667172284 -0.0086808852082559534 0.029414528611075061 -0.036071251652589655 0.037222924681719886 0.026944213056817386 -0.02975887456222584 0.043862777441740039 -0.01042400535533247 -0.12484755558970695 -0.0070095813977953791 -0.031848970668183429 -0.038662136916071177 -0.023821019814189135 0.0073818404721492179 0.012302940756082535 0.0080073049959384895 -0.00025997329688093112 -0.098436360935802047 -0.026512382650924697 -0.027010205966328093 -0.13811709945852105 -0.050417406269177595 0.0054076902543262473 0.024314711849827857 -0.0040450528521347338 -0.074919800228672104 0.0004245702665212998 -0.012369206150709194 0.0091412309208268941 -0.055208837517004984 0.0055097873692329111 0.010779676210833337 0.017659332372550501 0.026111873070275859 -0.058062254576520485 -0.020620175267844938
leaf_weight=1846 1568 1181 132 2251 37 165 35 7024 23 1839 191 816 1268 27 3120 286 188 20 251 203 479 79 26 29 33 26 4748 285 329 82 203 647 38 210 5398 36 49 54 20 58 1023 20 1395 623 23 374 247 22 304 1907 654 49 22 1285 428 2941 28 65 2325 1201 348 33 986
leaf_count=1846 1568 1181 132 2251 37 165 35 7024 23 1839 191 816 1268 27 3120 286 188 20 251 203 479 79 26 29 33 26 4748 285 329 82 203 647 38 210 5398 36 49 54 20 58 1023 20 1395 623 23 374 247 22 304 1907 654 49 22 1285 428 2941 28 65 2325 1201 348 33 986
internal_value=0 0.0167094 -0.00483135 -0.00135352 -0.0110029 -0.0148218 -0.0139005 -0.00692514 -0.0183033 -0.00524821 0.00170839 0.00993488 0.0165163 -0.0328079 -0.00325614 0.0286402 -0.0158754 -0.00536921 -0.0242002 0.0120321 0.00691698 -0.0137224 -0.0347217 -0.0696509 -0.0918763 -0.122383 -0.0143097 0.00791322 0.013397 -0.00419265 0.0140523 0.0335562 0.0237986 0.0134207 -0.012268 -0.0251196 -0.0461073 -0.0635236 -0.094067 -0.0451262 0.00169236 0.00899758 0.00656091 -0.00548438 -0.0227972 -0.0224345 -0.0431114 -0.0796939 -0.0399245 0.00882414 0.0119182 0.00428009 -0.0260062 -0.00176781 -0.00335056 0.0126814 0.0151741 -0.0127711 0.0158104 0.0215592 0.0127758 -0.0315094 -0.0218123
internal_weight=0 11647 39956 25555 14401 11074 10891 17110 7218 3673 3327 8445 2655 1035 10144 1102 6183 1688 271 9116 5790 5015 1008 183 96 63 4936 1553 7935 285 7650 2531 685 7447 6966 1168 159 110 56 87 1834 1639 1448 811 188 409 599 48 551 4883 2905 1978 71 1417 907 7118 4177 93 4084 1411 2673 53 1009
internal_count=51603 11647 39956 25555 14401 11074 10891 17110 7218 3673 3327 8445 2655 1035 10144 1102 6183 1688 271 9116 5790 5015 1008 183 96 63 4936 1553 7935 285 7650 2531 685 7447 6966 1168 159 110 56 87 1834 1639 1448 811 188 409 599 48 551 4883 2905 1978 71 1417 907 7118 4177 93 4084 1411 2673 53 1009
is_linear=0
shrinkage=0.03


Tree=14
num_leaves=64
num_cat=0
split_feature=15 31 31 30 30 37 8 5 30 6 18 31 13 51 31 22 2 25 14 31 30 28 15 34 38 18 30 22 30 19 30 22 19 8 2 17 30 31 39 10 25 39 38 14 33 5 9 22 30 19 51 4 13 25 32 37 6 22 13 6 15 51 10
split_gain=4376.37 981.75 912.381 1654.75 726.461 650.54 462.783 395.274 350.647 314.406 305.961 253.769 288.379 243.066 217.06 215.811 189.755 186.483 185.512 173.325 172.87 293.344 149.663 136.32 135.605 130.152 126.68 120.586 141.575 114.446 108.948 107.737 106.913 147.986 147.224 133.706 106.445 205.977 123.279 105.633 97.0619 96.8344 95.4923 92.951 160.668 92.1837 90.0793 89.4962 85.4334 83.7044 79.8956 81.0075 78.5954 77.7899 75.6953 72.5619 73.9355 194.589 72.9913 71.7205 71.2647 71.0727 71.8187
threshold=4.5000000000000009 1.0000000180025095e-35 1.0000000180025095e-35 75330.000000000015 95550.000000000015 1001166.5000000001 40.500000000000007 1996.5000000000002 44482.500000000007 3.0000000000000004 107.50000000000001 4585.0000000000009 484.50000000000006 0.70102021142753579 28566.500000000004 4.5000000000000009 1206.5000000000002 2.2900000000000005 3000.5000000000005 43902856.500000007 410625.00000000006 4.5000000000000009 19.500000000000004 6.2500000000000009 174886.50000000003 71.500000000000014 6290325.0000000009 1.5000000000000002 136770.00000000003 7750.0000000000009 59070.000000000007 4.5000000000000009 4150.0000000000009 4.5000000000000009 195.50000000000003 10001.500000000002 48150.000000000007 23355.000000000004 44701.500000000007 7879.5000000000009 47.500000000000007 41502.500000000007 226484.00000000003 3003.5000000000005 9.0000000000000018 2011.5000000000002 598.50000000000011 3.5000000000000004 34650.000000000007 5360.0000000000009 0.92249319807368846 10462.500000000002 277.01000000000005 2.8750000000000004 4.330000000000001 988385.00000000012 3.0000000000000004 4.5000000000000009 552.50000000000011 3.0000000000000004 26.500000000000004 0.92821940167523809 1846.5000000000002
decision_type=10 8 10 10 10 10 2 2 10 2 10 10 10 2 10 8 2 10 10 10 10 10 10 10 10 10 8 8 10 10 10 10 10 2 2 10 10 10 10 10 10 10 8 10 10 2 8 10 10 10 2 2 10 10 10 10 2 8 10 2 10 2 10
left_child=1 43 3 8 7 6 9 11 48 25 19 12 13 18 36 -11 -12 30 52 31 27 23 -10 -22 47 -6 29 28 53 -3 -16 -7 33 42 35 -34 37 38 39 -13 50 -32 -28 -1 -45 -36 54 59 -2 -48 -35 -52 -4 -5 -29 -23 -57 58 -58 -8 -24 -55 -63
right_child=2 26 4 20 5 10 24 -9 22 15 16 14 -14 -15 17 -17 -18 -19 -20 -21 21 55 60 -25 -26 -27 32 46 -30 -31 41 -33 34 40 45 -37 -38 -39 -40 -41 -42 -43 -44 44 -46 -47 49 -49 -50 -51 51 -53 -54 61 -56 56 57 -59 -60 -61 -62 62 -64
leaf_value=0.035739952996631824 -0.017579385531036579 0.0042655790771998874 -0.032671020001805613 0.009380815569236322 -0.0036541613542144633 -0.02012056243822119 -0.013536822843784406 0.0019333796603412767 -0.0097237940904951869 -0.053826611983505156 -0.012129368490135371 -0.031888529242254618 -0.029123403540310948 -0.16472616460747444 -0.094458864144980906 0.050357002019882205 0.0051547921931383292 -0.13991533044311735 -0.14511356235410158 -0.045528454868713528 0.02442984607036814 0.019767294662085651 0.0021670107440010622 0.060706007465430832 -0.072708455486731091 0.010383148217893622 0.027331718441194849 0.0065506484296528516 0.023579101986205359 -0.059272629140177738 -0.07695743088743516 0.022994644419061686 -0.029993538616090706 0.015685872458109738 0.013912180771352584 0.0060179138162780223 0.0015581835588475443 -0.11996984477924263 -0.0090762128559090747 -0.11271107786081054 -0.044765971675515173 0.0036990905130231699 0.073749966260998737 0.026476516606931805 -0.035465543758124107 0.04532656255338726 4.7625727532935804e-05 0.0023224967751802848 -0.0099564615490994705 -0.020639908979457347 -0.056476968717243933 0.0053444933957205367 -0.10246664806455373 0.0043811706516064383 -0.038670613586026074 0.0059953247071018907 -0.029620723596308379 0.042797094256832049 -0.10267882514744997 -0.0706711340546608 -0.003639935548629924 -0.010907230517107316 -0.06400683374714948
leaf_weight=1898 1776 1364 53 2342 772 3295 1749 177 2389 121 3405 43 78 39 32 21 687 27 26 246 983 338 3344 103 33 2585 551 1651 602 26 21 53 97 2414 2496 2139 106 23 137 22 25 37 43 652 40 87 554 355 5190 258 27 65 20 206 34 1118 32 26 20 20 4411 88 31
leaf_count=1898 1776 1364 53 2342 772 3295 1749 177 2389 121 3405 43 78 39 32 21 687 27 26 246 983 338 3344 103 33 2585 551 1651 602 26 21 53 97 2414 2496 2139 106 23 137 22 25 37 43 652 40 87 554 355 5190 258 27 65 20 206 34 1118 32 26 20 20 4411 88 31
internal_value=0 0.0159667 -0.00475972 -0.00136677 -0.010859 -0.0091544 -0.00143216 -0.0379021 -0.00671738 0.00530549 -0.0148371 -0.0485209 -0.0752305 -0.101291 -0.035643 -0.0384192 -0.00922756 -0.0707661 -0.0763015 -0.0212239 0.00955011 0.0159399 -0.00315846 0.0278704 -0.0123617 0.00715503 0.0114322 0.00664665 0.0104383 0.00307709 -0.0500214 -0.019438 0.0128942 0.017216 0.0100915 0.0044557 -0.0232279 -0.0349049 -0.0252193 -0.0592439 0.0140534 -0.0255041 0.030692 0.0323083 0.0228961 0.0149703 0.00168266 -0.0114241 -0.0118999 -0.00652551 0.0146401 -0.0127988 -0.0517931 0.00747219 0.00563817 0.00749374 0.00402513 -0.0242143 -0.05772 -0.0141828 -0.00113595 -0.00628162 -0.0247399
internal_weight=0 11924 39679 25496 14183 13342 5656 841 17110 3499 7686 664 216 138 448 142 4092 117 99 3594 8386 2620 10144 1086 2157 3357 9334 5766 3269 1390 90 3348 7944 3125 4819 2236 331 225 202 65 2531 58 594 2590 692 2583 2497 2124 6966 812 2506 92 73 2667 1685 1534 1196 78 52 1769 7755 325 119
internal_count=51603 11924 39679 25496 14183 13342 5656 841 17110 3499 7686 664 216 138 448 142 4092 117 99 3594 8386 2620 10144 1086 2157 3357 9334 5766 3269 1390 90 3348 7944 3125 4819 2236 331 225 202 65 2531 58 594 2590 692 2583 2497 2124 6966 812 2506 92 73 2667 1685 1534 1196 78 52 1769 7755 325 119
is_linear=0
shrinkage=0.03


Tree=15
num_leaves=64
num_cat=0
split_feature=43 31 31 30 40 6 31 29 40 10 31 30 2 2 30 28 29 40 30 6 19 48 30 39 11 31 27 4 29 37 19 25 6 2 22 30 30 39 31 31 37 42 29 8 38 25 31 2 39 37 40 22 22 36 31 1 31 6 6 14 38 6 38
split_gain=4113.95 899.707 768.527 1507.35 660.797 586.549 473.598 398.788 352.675 272.47 255.371 239.479 216.781 205.018 204.699 232.34 167.196 158.086 155.232 152.304 131.835 115.388 115.134 114.404 113.525 177.554 103.342 100.581 97.22 105.172 102.723 94.8036 94.5153 199.008 105.787 90.3195 88.7139 101.966 88.3168 177.294 179.828 111.888 97.5778 87.0988 101.083 215.264 81.8794 80.1068 80.0499 79.104 78.6873 323.52 90.3508 111.194 75.9736 73.8007 163.524 146.567 73.2904 72.0146 89.566 71.302 72.0141
threshold=16.500000000000004 2304.5000000000005 1.0000000180025095e-35 63510.000000000007 2058580643.5000002 3.0000000000000004 1460.0000000000002 1890006.0000000002 4094030026.5000005 2332.5000000000005 62627.000000000007 37830.000000000007 974.50000000000011 1113.5000000000002 556988.50000000012 4.5000000000000009 481959.00000000006 3027140010.5000005 6290325.0000000009 3.0000000000000004 2005.5000000000002 40598002000.500008 1392525.0000000002 44601.500000000007 28.500000000000004 4949378.5000000009 4.5000000000000009 10025.500000000002 14961.000000000002 999797.50000000012 2805.0000000000005 64.000000000000014 3.0000000000000004 1002.5000000000001 4.5000000000000009 3321000.0000000005 105630.00000000001 21701.500000000004 27495.000000000004 45698.000000000007 1003343.0000000001 2.5000000000000004 16468.500000000004 15.500000000000002 220715.50000000003 2.8750000000000004 3562536.0000000005 32.500000000000007 43701.500000000007 1002430.0000000001 1009165517.0000001 4.5000000000000009 4.5000000000000009 47.500000000000007 228827.00000000003 1622.5000000000002 7007014.0000000009 3.0000000000000004 1.5000000000000002 2004.5000000000002 188709.00000000003 1.5000000000000002 193351.50000000003
decision_type=10 8 10 10 10 2 10 10 10 10 10 10 2 2 10 10 10 10 8 2 8 10 10 10 8 10 10 2 10 10 10 8 2 2 8 10 10 10 10 10 10 10 10 2 10 10 10 2 10 10 10 10 10 10 10 2 8 2 2 10 10 2 10
left_child=1 16 3 11 6 8 23 10 17 20 -7 -2 -12 19 28 22 -1 35 46 36 -8 49 43 59 25 -20 55 -27 -5 -30 -31 50 -17 -34 -35 -6 38 58 41 40 -40 -11 47 -16 -45 -46 -3 -42 -23 -13 52 -52 -18 -54 -19 56 57 -26 -38 60 -4 -24 -63
right_child=2 18 4 14 5 7 9 -9 -10 13 12 21 -14 -15 15 32 31 54 24 -21 -22 48 61 -25 26 27 -28 -29 29 30 -32 -33 33 34 -36 -37 37 -39 39 -41 42 -43 -44 44 45 -47 -48 -49 -50 -51 51 -53 53 -55 -56 -57 -58 -59 -60 -61 -62 62 -64
leaf_value=0.019231433621151147 -0.015308484969147829 0.0016981242158918856 -0.10978615546332889 0.00017187006058930472 0.0013299446609553866 -0.15557374221937995 -0.01038974274563338 0.027933284717146307 -0.018065191822238612 -0.073400779425659604 0.045597857715828076 0.00042940376765229809 -0.054803852023602079 -0.040928903380204641 0.046063675819896163 0.0096500471931247733 0.034512182372063396 -0.0078008490885793716 0.008641930059337383 0.023597708449403686 0.0058170738861575214 0.0047211468354099121 -0.0023947286662749116 -0.032497884855079262 0.017141509894431341 -0.046730691833155494 0.0092923993724656016 -2.3205777312197335e-05 0.011572575000763504 0.0074276095179415134 -0.003727848255865801 0.05668378935328551 0.042119417921189339 -0.073748654988594356 0.0083728749062865968 0.016135558452377217 -0.00078857999113274779 -0.014650898524691895 -0.14917045213620769 -0.0016874169806639354 -0.11252563694268465 -0.016025656392935236 -0.0018199022114276887 0.019585769409082618 -0.10194655045866965 0.023517454203392844 -0.056689678908071729 -0.031973474039579737 -0.0044327353200557919 -0.0094758201064616184 0.028925134735071776 -0.062422568910830721 0.021272837949842957 0.095388897899158151 0.0026702331262461214 0.0084969765366684699 0.033314366793052469 -0.029304476139091311 -0.031092542263937373 -0.12678559748455881 -0.035764460511385432 0.030193493615907546 0.063303671528170583
leaf_weight=1025 3046 1238 28 2663 573 21 1876 64 810 34 21 822 247 342 96 1171 1200 941 1981 82 595 1128 27 46 2080 84 2279 82 2608 2102 1149 154 31 48 20 1051 82 4170 22 45 25 305 24 423 20 32 22 20 3616 6189 613 37 29 49 1849 656 616 63 579 32 31 104 137
leaf_count=1025 3046 1238 28 2663 573 21 1876 64 810 34 21 822 247 342 96 1171 1200 941 1981 82 595 1128 27 46 2080 84 2279 82 2608 2102 1149 154 31 48 20 1051 82 4170 22 45 25 305 24 423 20 32 22 20 3616 6189 613 37 29 49 1849 656 616 63 579 32 31 104 137
internal_value=0 0.0152111 -0.0047235 -0.00162218 -0.0103917 -0.00239805 -0.0157383 -0.0398253 0.000131008 -0.0148142 -0.0548306 -0.00781203 -0.0469366 -0.0184052 0.00699563 0.0153637 0.0291498 0.00347014 0.0104526 -0.0169755 -0.00648725 -0.00586952 0.0276145 -0.0710566 0.0120232 0.00614457 0.0142398 -0.0236583 0.00492472 0.00708497 0.00348494 0.0340328 0.00727042 -0.0208765 -0.0495953 0.0109117 -0.0176025 -0.0163862 -0.0299735 -0.0503969 -0.0744839 -0.0217801 -0.0506708 0.0200009 0.0147335 -0.0247379 0.000678655 -0.0767247 -0.00225618 -0.00831449 0.0322236 0.0237253 0.0365458 0.0678329 -0.000861411 0.0175414 0.0196918 0.0157761 -0.0273332 -0.0905478 -0.0708934 0.0438361 0.0490155
internal_weight=0 12208 39347 25432 13915 5577 8338 353 5224 8201 289 14801 268 5730 10631 2109 3107 4414 9101 5388 2471 11755 839 137 7841 2147 5694 166 8522 5859 3251 2082 1270 99 68 1624 5306 4831 475 136 91 339 69 571 475 52 1260 45 4744 7011 1928 650 1278 78 2790 3415 2759 2143 661 91 59 268 241
internal_count=51555 12208 39347 25432 13915 5577 8338 353 5224 8201 289 14801 268 5730 10631 2109 3107 4414 9101 5388 2471 11755 839 137 7841 2147 5694 166 8522 5859 3251 2082 1270 99 68 1624 5306 4831 475 136 91 339 69 571 475 52 1260 45 4744 7011 1928 650 1278 78 2790 3415 2759 2143 661 91 59 268 241
is_linear=0
shrinkage=0.03


Tree=16
num_leaves=64
num_cat=0
split_feature=43 31 31 30 40 6 31 29 43 10 31 30 2 2 30 28 29 30 6 33 47 47 14 38 48 30 11 31 4 31 29 25 6 2 22 15 39 8 38 5 31 39 40 22 22 36 18 16 1 30 36 9 6 38 39 22 28 38 31 38 42 30 4
split_gain=3870.81 846.534 723.107 1418.27 621.744 551.884 445.608 375.22 333.068 256.367 240.278 225.326 204.243 192.901 192.602 218.609 157.315 146.058 143.302 140.608 128.275 120.128 117.29 109.697 108.569 108.329 106.815 167.06 94.6366 91.7253 91.4743 89.2007 88.9294 187.247 99.5353 86.8209 94.5491 81.9513 95.1093 218.269 77.0403 75.319 74.0369 304.4 85.011 104.622 69.9131 83.3264 74.9164 69.5826 107.782 67.4597 67.0881 67.758 67.0103 66.8148 97.8937 63.7018 170.005 63.2126 65.0997 62.8612 61.8283
threshold=16.500000000000004 2304.5000000000005 1.0000000180025095e-35 63510.000000000007 2058580643.5000002 3.0000000000000004 1460.0000000000002 1890006.0000000002 43.500000000000007 2332.5000000000005 62627.000000000007 37830.000000000007 195.50000000000003 1113.5000000000002 556988.50000000012 4.5000000000000009 481959.00000000006 6290325.0000000009 3.0000000000000004 1.5000000000000002 3032550.0000000005 4048150.0000000005 2002.5000000000002 187266.00000000003 40598002000.500008 1392525.0000000002 28.500000000000004 4949378.5000000009 10025.500000000002 100673221.50000001 14961.000000000002 64.000000000000014 3.0000000000000004 1002.5000000000001 4.5000000000000009 28.500000000000004 21706.500000000004 15.500000000000002 220715.50000000003 1930.5000000000002 3562536.0000000005 43701.500000000007 1009165517.0000001 4.5000000000000009 4.5000000000000009 47.500000000000007 47.500000000000007 10.500000000000002 8784.5000000000018 95550.000000000015 323.50000000000006 889.00000000000011 1.5000000000000002 193351.50000000003 32155.000000000004 3.5000000000000004 4.5000000000000009 260312.50000000003 1302730.5000000002 164456.00000000003 11.500000000000002 3654229.5000000005 10038.500000000002
decision_type=10 8 10 10 10 2 10 10 10 10 10 10 2 2 10 10 10 8 2 10 10 10 10 10 10 10 8 10 2 10 10 8 2 2 8 10 10 2 10 2 10 10 10 10 10 10 10 10 2 10 10 10 2 10 10 8 10 10 10 10 10 10 2
left_child=1 16 3 11 6 8 21 10 19 20 -7 -2 -12 18 30 25 55 40 35 51 62 22 23 -4 59 37 27 -19 -29 -28 -5 42 54 -34 -35 36 57 -16 -39 -40 -3 -26 44 -44 -18 -46 47 -32 -48 50 -22 61 -27 -54 -17 -1 -57 -11 -59 -13 -61 -6 -8
right_child=2 17 4 14 5 7 9 -9 -10 13 12 24 -14 -15 15 32 31 26 -20 -21 49 -23 -24 -25 41 52 29 28 -30 -31 46 -33 33 34 -36 -37 -38 38 39 -41 -42 -43 43 -45 45 -47 48 -49 -50 -51 -52 -53 53 -55 -56 56 -58 58 -60 60 -62 -63 -64
leaf_value=0.013352997730323819 -0.014849230432540222 0.0016471804854548829 -0.10533138329593035 0.00016671388068151952 -0.00066420165070144011 -0.15090652908597674 -0.010059732980048761 0.027095285221002994 -0.014307755404290915 -0.022932371102246982 0.046694436103105544 0.00062684433831771671 -0.052965787266260916 -0.039701035186023408 0.044681765326531606 0.012518865053566168 0.033476816780112863 0.0083826721963991685 0.022889777254029291 0.015900406670440251 -0.014321753012670859 -0.037101050956174726 -0.1400667459666729 -0.013144216518183902 0.004579512553558201 -0.002322886988727583 0.013108981547564872 -0.045328770790781292 -2.2509282045974962e-05 0.034418696008147072 0.021890617140443689 0.054983275552074627 0.040855836089580294 -0.071536194607615469 0.0081216881331056361 -0.032323967448157208 -0.014417150906645016 0.018998196443595679 0.030741203097819254 -0.093012006263370098 -0.054988991049203004 -0.0042997532737416022 0.028057380857183116 -0.060549891534689308 0.020634652968327484 0.092527230850287842 0.0086720420524787917 -0.016242087686047981 -0.0039062051287356526 -0.01081895439487174 -0.10076198943704366 -0.0050201426054396212 0.029287688372871622 0.061404561242700488 -0.0069463551336421481 0.051372996262274678 0.017464461860967413 -0.026878702897229229 -0.12708300076425075 -0.0061134542775641947 -0.012206205903682498 0.0091553280098584742 0.0061646418162923404
leaf_weight=693 3046 1238 26 2663 1168 21 293 64 1128 633 20 680 248 342 96 981 1200 1981 82 744 37 60 30 21 1128 27 5506 84 82 188 67 154 31 48 20 316 4273 423 29 23 22 3616 613 37 29 49 5103 224 465 1362 20 1005 104 137 190 120 212 64 20 3333 2998 1179 759
leaf_count=693 3046 1238 26 2663 1168 21 293 64 1128 633 20 680 248 342 96 981 1200 1981 82 744 37 60 30 21 1128 27 5506 84 82 188 67 154 31 48 20 316 4273 423 29 23 22 3616 613 37 29 49 5103 224 465 1362 20 1005 104 137 190 120 212 64 20 3333 2998 1179 759
internal_value=0 0.0147548 -0.0045818 -0.00157352 -0.0100799 -0.00232611 -0.0152662 -0.0386305 0.000127078 -0.0143698 -0.0531857 -0.00757767 -0.0455285 -0.017853 0.00678576 0.0149028 0.0282754 0.010139 -0.0164662 0.0041023 -0.00629263 -0.0689249 -0.0937227 -0.0641414 -0.00569343 0.0267861 0.0116625 0.00596023 -0.0229486 0.0138126 0.00477698 0.0330119 0.0070523 -0.0202502 -0.0481074 -0.0170744 -0.0161087 0.0194009 0.0142915 -0.0239958 0.000658295 -0.00218849 0.0312569 0.0230136 0.0354495 0.0657979 0.00687242 -0.00746239 0.0076216 -0.012178 -0.0446517 0.00148362 0.042521 0.047545 0.00936055 0.0186545 0.0297206 -0.0261898 -0.0507369 -0.00806505 -0.00899863 0.00426857 0.00164588
internal_weight=0 12208 39347 25432 13915 5577 8338 353 5224 8201 289 14801 268 5730 10631 2109 3107 9101 5388 4096 2471 137 77 47 11755 839 7841 2147 166 5694 8522 2082 1270 99 68 5306 4990 571 475 52 1260 4744 1928 650 1278 78 5859 291 5568 1419 57 3352 268 241 1171 1025 332 717 84 7011 6331 2347 1052
internal_count=51555 12208 39347 25432 13915 5577 8338 353 5224 8201 289 14801 268 5730 10631 2109 3107 9101 5388 4096 2471 137 77 47 11755 839 7841 2147 166 5694 8522 2082 1270 99 68 5306 4990 571 475 52 1260 4744 1928 650 1278 78 5859 291 5568 1419 57 3352 268 241 1171 1025 332 717 84 7011 6331 2347 1052
is_linear=0
shrinkage=0.03


Tree=17
num_leaves=64
num_cat=0
split_feature=15 31 31 30 5 30 37 8 30 31 31 6 40 18 5 30 47 30 39 51 30 30 4 37 19 5 31 19 30 40 13 11 31 30 31 22 51 8 19 30 30 4 1 42 30 4 9 31 30 47 5 47 51 30 11 15 34 40 37 4 1 11 31
split_gain=3643.84 829.453 662.092 1348.18 564.631 553.923 350.906 338.943 211.105 210.355 207.558 202.505 305.397 185.842 183.105 179.688 171.71 156.555 207.383 146.587 124.725 123.589 125.567 117.772 163.389 113.207 110.697 105.555 103.592 239.082 101.436 99.7874 166.351 98.4655 94.491 92.0757 102.142 88.1225 86.5981 83.4472 82.4206 79.4885 79.05 77.4219 75.2734 72.2119 71.3614 70.5975 102.464 69.8809 68.6011 80.433 68.331 67.1962 64.829 85.179 64.2214 94.1153 233.647 64.0831 75.7449 75.6873 62.1679
threshold=4.5000000000000009 2304.5000000000005 1.0000000180025095e-35 63510.000000000007 1999.5000000000002 147750.00000000003 1001166.5000000001 40.500000000000007 37830.000000000007 4585.0000000000009 27495.000000000004 3.0000000000000004 4049780032.5000005 107.50000000000001 1997.5000000000002 93030.000000000015 4048150.0000000005 54870.000000000007 42905.500000000007 0.75450511171962653 6290325.0000000009 44482.500000000007 11229.500000000002 1013060.0000000001 405.00000000000006 1947.5000000000002 3324918.5000000005 1405.0000000000002 1694029.0000000002 5024011101.000001 494.50000000000006 24.500000000000004 4949378.5000000009 26222400.000000004 3562536.0000000005 1.5000000000000002 0.91477745580421999 50.500000000000007 505.00000000000006 294584.50000000006 46410.000000000007 10025.500000000002 506.50000000000006 8.5000000000000018 5504400.0000000009 10025.500000000002 538.50000000000011 243065.00000000003 3654229.5000000005 3038650.0000000005 1929.5000000000002 4106550.5000000005 0.86051010677306972 53250.000000000007 127.50000000000001 26.500000000000004 11.000000000000002 1012625074.5000001 989266.00000000012 11237.500000000002 1653.5000000000002 71.500000000000014 43259.500000000007
decision_type=10 8 10 10 2 10 10 2 10 10 10 2 8 10 2 10 10 10 10 2 8 10 2 10 10 2 10 10 10 8 10 8 10 10 10 8 2 2 10 10 10 2 2 8 10 2 8 10 10 10 2 10 2 10 10 10 10 8 10 2 2 10 10
left_child=1 33 3 8 5 9 7 43 -2 16 40 42 30 23 37 52 21 -12 25 53 26 -4 49 -8 -25 -19 -3 -26 35 -30 -13 32 -22 -1 62 36 39 -9 -37 -17 -11 -34 -6 -7 -31 -36 -40 -39 -49 -23 -18 -52 -5 -10 -54 -56 -35 58 -58 60 61 -38 -33
right_child=2 20 4 15 11 6 13 14 19 10 17 12 -14 -15 -16 28 50 18 -20 -21 31 22 -24 24 27 -27 -28 -29 29 44 -32 34 41 56 45 38 59 47 46 -41 -42 -43 -44 -45 -46 -47 -48 48 -50 -51 51 -53 54 -55 55 -57 57 -59 -60 -61 -62 -63 -64
leaf_value=0.024810074741684351 -0.014382477648911207 0.0021180375271939384 -0.044874776647098963 0.0036184661537862579 0.022210175227028905 0.0073611782985965211 -0.01326044893136776 -0.0095057353310981033 -0.0048791782631243752 -0.025100787001592323 -0.11234508053745541 -0.025984021750363434 0.020424567302068073 -0.0099998853763055354 -0.099297069504497223 0.016272653848048962 0.0099677650873427788 -0.1058653687722981 0.0074002934526652096 -0.0096681252801750772 0.0081262279671856785 -0.11685832716929524 -0.16200045976255623 -0.10085553781986235 -0.035272955690655583 -0.022336862352879149 -0.065825733987783852 -0.019439449309049974 0.011876442411150608 0.044188393625047277 -0.075881754823029043 0.017179439247500053 -0.04396890783948558 0.04338032129919156 0.030104723122037418 0.020066610358882173 -0.0002344520330429077 -0.017871513264401562 0.0074168470920910924 0.052452685087919233 0.0063014250842790154 -0.0011710418219843955 0.0041113532502526527 -0.0052072755230947888 0.10287069626476453 0.010805700102351606 -0.0015222176664963969 -0.093143420341657471 -0.02466008061652674 -0.041165737552302219 -0.0046622745227068657 -0.068162813175084255 -0.004038634209997405 0.0013054351227796712 0.0037926820572465659 -0.078164458197355263 0.02831606509220148 0.071273761936708507 -0.075359754732676906 -0.031360685125905639 0.01698467793290695 -0.052601633932321305 0.0097657423987676968
leaf_weight=2094 3048 1134 37 3470 243 1658 1400 1572 4738 214 35 77 90 3457 22 1311 23 40 48 4644 1805 23 28 25 517 23 22 1419 691 136 70 1425 84 528 490 343 125 189 2288 60 116 73 2045 601 23 271 1239 32 51 21 26 58 736 2373 21 25 286 38 21 49 209 31 3564
leaf_count=2094 3048 1134 37 3470 243 1658 1400 1572 4738 214 35 77 90 3457 22 1311 23 40 48 4644 1805 23 28 25 517 23 22 1419 691 136 70 1425 84 528 490 343 125 189 2288 60 116 73 2045 601 23 271 1239 32 51 21 26 58 736 2373 21 25 286 38 21 49 209 31 3564
internal_value=0 0.0146083 -0.00435646 -0.00147357 -0.0095603 -0.012351 -0.010705 -0.00379837 -0.00734691 -0.0383813 -0.0272391 0.00329921 -0.0230982 -0.0148836 -0.0132602 0.00660889 -0.0629352 -0.0570221 -0.0395779 -0.00552263 0.0100144 -0.0894367 -0.112337 -0.0199068 -0.0246518 -0.0753708 0.00082499 -0.0236677 0.00974368 0.0195086 -0.0497448 0.0113919 0.00554993 0.0283388 0.0133853 0.00827592 0.0139125 -0.0122337 0.00567612 0.017856 -0.0140624 -0.0240693 0.00603356 0.00401738 0.052677 0.0232321 0.00427664 -0.0279999 -0.0510633 -0.0807323 -0.0359384 -0.0485079 0.00181307 -0.00281532 -0.00619808 -0.0407492 0.036803 0.0267369 0.0212242 0.00085306 0.00517765 -0.0106408 0.0118833
internal_weight=0 11835 39720 25560 14160 11635 10943 4125 14803 692 476 2525 237 6818 1866 10757 216 146 111 11755 8868 109 72 3361 1961 63 1156 1936 6505 850 147 7712 1962 2967 5750 5655 1785 1844 3870 1371 330 157 2288 2259 159 761 3527 272 83 44 107 84 4252 7111 782 46 873 345 307 414 365 156 4989
internal_count=51555 11835 39720 25560 14160 11635 10943 4125 14803 692 476 2525 237 6818 1866 10757 216 146 111 11755 8868 109 72 3361 1961 63 1156 1936 6505 850 147 7712 1962 2967 5750 5655 1785 1844 3870 1371 330 157 2288 2259 159 761 3527 272 83 44 107 84 4252 7111 782 46 873 345 307 414 365 156 4989
is_linear=0
shrinkage=0.03


Tree=18
num_leaves=64
num_cat=0
split_feature=43 31 31 29 27 31 6 37 10 17 13 29 28 47 22 51 29 29 37 1 38 14 13 1 29 6 2 5 27 22 14 18 29 22 34 11 1 31 6 2 31 6 8 19 38 19 14 37 43 16 14 33 4 2 31 29 29 6 2 9 37 6 1
split_gain=3428.15 750.022 640.578 1020.65 538.592 429.291 344.874 295.27 292.285 194.571 192.408 174.268 191.863 152.108 131.182 123.118 139.789 118.674 116.586 113.237 109.151 109.784 186.855 108.187 105.862 110.51 126.97 98.9307 95.6489 93.7089 91.8121 88.251 87.9181 87.0094 85.1846 83.8077 104.299 139.79 105.159 93.1842 85.659 82.5105 104.581 82.1679 121.856 81.7598 81.5895 81.4275 79.9361 78.4416 77.6152 168.579 75.1222 70.4826 68.507 68.1445 67.8361 110.55 103.133 82.7833 66.0358 77.9854 64.6351
threshold=16.500000000000004 1.0000000180025095e-35 1.0000000180025095e-35 15450.000000000002 1.0000000180025095e-35 1460.0000000000002 3.0000000000000004 1031646.5000000001 2444.5000000000005 10470.500000000002 797.5150000000001 22469.500000000004 2.5000000000000004 4007600.0000000005 2.5000000000000004 0.83658584423032034 9270.0000000000018 267075.00000000006 997366.50000000012 616.50000000000011 167250.50000000003 2001.5000000000002 499.50000000000006 5305.5000000000009 845775.00000000012 3.0000000000000004 1002.5000000000001 1999.5000000000002 4.5000000000000009 4.5000000000000009 2001.5000000000002 61.500000000000007 170999.50000000003 4.5000000000000009 6.2500000000000009 28.500000000000004 1622.5000000000002 7007014.0000000009 3.0000000000000004 1223.5000000000002 4949378.5000000009 3.0000000000000004 40.500000000000007 7560.0000000000009 187590.00000000003 8515.0000000000018 1010.5000000000001 998473.50000000012 43.500000000000007 10.500000000000002 3003.5000000000005 9.0000000000000018 10453.500000000002 1202.5000000000002 224340.50000000003 1535625.0000000002 13650.000000000002 1.5000000000000002 60.500000000000007 11002.000000000002 999238.50000000012 1.5000000000000002 721.50000000000011
decision_type=10 8 10 10 10 10 2 10 10 10 10 10 10 10 8 2 10 10 10 2 10 10 10 2 10 2 2 2 10 10 10 10 10 8 10 8 2 8 2 2 10 2 2 10 10 10 10 10 10 10 10 10 2 2 10 10 10 2 2 10 10 2 2
left_child=1 18 3 15 6 20 19 10 13 23 -8 43 17 33 -3 16 -2 49 50 -4 30 46 -23 27 25 31 32 34 35 -11 -6 -14 -27 41 56 40 37 38 -37 -40 -16 42 52 44 -5 -38 -22 -17 -21 -13 -1 55 -7 -39 -41 62 58 -58 59 -10 -49 -62 -52
right_child=2 14 4 11 5 8 7 -9 9 29 -12 12 24 -15 28 47 -18 -19 -20 48 21 22 -24 -25 -26 26 -28 -29 -30 -31 -32 -33 -34 -35 -36 36 45 53 39 54 -42 -43 -44 -45 -46 -47 -48 60 -50 -51 51 -53 -54 -55 -56 -57 57 -59 -60 -61 61 -63 -64
leaf_value=0.033326861966310649 -0.009072994784580032 -0.0050824361538371141 0.018330428253979795 -0.0066464162831146962 -0.066754061616240784 -0.0095995876231483139 -0.041799968104809522 0.023340479657053947 0.003549151584991942 -0.01313426904690838 -0.13680369044569407 0.040428031550331429 -0.012153880345185917 -0.011034964558109667 0.009662386699267396 0.01101783934700112 -0.0016327787188468298 0.036918695900383311 0.012265074727313977 0.0034645927453316513 -0.076214666864012973 -0.15680391806988944 -0.045305617813719432 -0.013168596394664391 0.025240577180918895 -0.027294471490642298 -0.057074304522886386 0.012088331272825598 0.007030567230213473 0.018438168542101223 0.011535247708005564 0.0058516869837444783 0.035799805602857046 0.053972547573170486 -0.0065273566927669729 0.016122665224295205 0.007631454582585951 0.04261277176749044 0.024695115576569848 -0.011307417340576649 -0.015245393797727849 -0.044278925061225889 -0.061889949641797851 0.012726750428981528 0.0043940019633907316 -0.052372123024293352 0.00014797123521566389 -0.049205223986735706 -0.013654990752814972 0.01214452143800966 0.035995337292551992 -0.043338739143950596 0.0059664438311429323 0.022143825560824237 -0.08459842841733585 0.042354240867663435 -0.0085634789934565733 -0.036096968851843846 -0.11950492765009403 -0.070593109083446598 -0.01081482156178705 0.0062052386275888603 0.008896345715318648
leaf_weight=1792 3453 497 426 1434 26 358 150 60 23 5224 22 91 297 1763 1440 166 6649 199 373 2286 34 31 24 552 171 46 62 50 3681 86 28 1399 35 28 115 2281 763 268 26 24 136 36 23 545 2415 21 20 39 275 2922 118 35 1265 348 22 142 157 800 20 33 5255 254 241
leaf_count=1792 3453 497 426 1434 26 358 150 60 23 5224 22 91 297 1763 1440 166 6649 199 373 2286 34 31 24 552 171 46 62 50 3681 86 28 1399 35 28 115 2281 763 268 26 24 136 36 23 545 2415 21 20 39 275 2922 118 35 1265 348 22 142 157 800 20 33 5255 254 241
internal_value=0 0.0138855 -0.00431186 -0.00148045 -0.00948673 -0.0127246 0.00127196 -0.0339623 -0.0119769 -0.015482 -0.0539516 0.00622717 0.0099318 -0.00485172 0.00992202 -0.00616662 -0.00417595 0.0144807 0.0278362 0.0040086 -0.0610381 -0.0783174 -0.10815 -0.0241574 0.00266258 0.000563158 -0.0247634 -0.0292206 0.0107497 -0.0126229 -0.0261596 0.00269859 -3.15123e-05 0.00152317 -0.0310198 0.0133186 0.0157566 0.0183266 0.0149959 -0.020701 0.00751298 0.000650053 0.0016327 0.00182445 0.000280736 0.00602422 -0.0479322 -0.009686 0.00162629 0.0129988 0.030331 0.0203151 0.0025329 0.0310491 -0.0463596 0.024762 -0.0337464 -0.03158 -0.0610269 -0.0401418 -0.0103055 -0.0100301 0.0178035
internal_weight=0 12208 39347 25432 13915 10696 3219 232 10533 7060 172 9616 5222 3473 9507 15816 10102 3212 2701 2987 163 109 55 1750 2010 1839 143 1198 9010 5310 54 1696 81 1710 1148 5329 3753 2969 2353 72 1576 1682 1646 4394 3849 784 54 5714 2561 3013 2328 536 1623 616 46 501 1033 957 76 56 5548 5509 359
internal_count=51555 12208 39347 25432 13915 10696 3219 232 10533 7060 172 9616 5222 3473 9507 15816 10102 3212 2701 2987 163 109 55 1750 2010 1839 143 1198 9010 5310 54 1696 81 1710 1148 5329 3753 2969 2353 72 1576 1682 1646 4394 3849 784 54 5714 2561 3013 2328 536 1623 616 46 501 1033 957 76 56 5548 5509 359
is_linear=0
shrinkage=0.03


Tree=19
num_leaves=64
num_cat=0
split_feature=15 31 31 30 40 6 31 31 33 30 2 37 31 10 47 30 19 25 30 51 39 31 30 6 30 40 30 11 31 51 22 51 31 39 31 32 19 30 4 33 40 22 2 30 13 4 9 5 12 13 25 30 30 33 4 1 2 1 32 6 42 5 25
split_gain=3227.04 740.262 586.145 1212.79 509.717 418.381 420.501 412.677 306.192 285.022 215.992 205.443 171.168 162.041 138.025 137.4 137.204 113.342 112.554 108.145 104.123 103.656 101.223 96.9173 94.6433 219.001 90.7891 89.9495 150.58 88.4985 86.0931 94.4402 85.3114 80.6252 82.7544 168.303 79.8323 78.1047 75.5779 70.4433 196.43 88.3669 206.74 70.1109 68.4253 67.2737 67.2702 66.5044 66.2825 98.5968 64.8766 62.9847 62.2883 61.0405 60.9251 71.2552 71.5074 60.8575 64.3259 68.2104 63.268 60.459 59.7544
threshold=4.5000000000000009 2304.5000000000005 1.0000000180025095e-35 54870.000000000007 4094030026.5000005 3.0000000000000004 43902856.500000007 1460.0000000000002 3.2000000000000006 93030.000000000015 974.50000000000011 1000516.5000000001 62627.000000000007 2444.5000000000005 4048150.0000000005 35850.000000000007 2061.0000000000005 46.500000000000007 6290325.0000000009 0.75450511171962653 40401.500000000007 3324918.5000000005 81390.000000000015 3.0000000000000004 1694029.0000000002 5024011101.000001 3531749.5000000005 24.500000000000004 4949378.5000000009 0.60471641727463665 1.5000000000000002 0.91477745580421999 3562536.0000000005 21706.500000000004 2032410.5000000002 2.7500000000000004 505.00000000000006 294584.50000000006 10025.500000000002 13.000000000000002 1010040507.0000001 3.5000000000000004 63.500000000000007 5504400.0000000009 865.50000000000011 10035.500000000002 538.50000000000011 1899.5000000000002 314.50000000000006 670.50000000000011 5.7500000000000009 26222400.000000004 44482.500000000007 3.2000000000000006 11237.500000000002 1653.5000000000002 71.500000000000014 7349.5000000000009 1.2500000000000002 3.0000000000000004 2.5000000000000004 1985.5000000000002 3.8750000000000004
decision_type=10 8 10 10 8 2 10 10 10 10 2 10 10 10 10 10 10 8 8 2 10 10 10 2 10 8 10 8 10 2 8 2 10 10 10 10 10 10 2 10 10 8 2 10 10 2 8 2 10 10 10 10 10 10 2 2 2 2 10 2 10 2 10
left_child=1 17 3 15 5 6 11 14 10 19 -7 26 -12 16 22 -2 -9 39 21 -5 -13 -3 52 33 30 57 -4 28 -20 -17 31 37 -29 34 -15 -36 -32 -11 -30 41 -41 47 50 -27 -14 -34 -38 -1 -35 61 -43 53 -6 -44 55 56 -33 58 -26 -60 -61 -50 -48
right_child=2 18 4 9 7 8 -8 13 -10 24 12 20 44 23 -16 29 -18 -19 27 -21 -22 -23 -24 -25 25 43 -28 32 38 -31 36 54 45 48 35 -37 46 -39 -40 40 -42 42 51 -45 -46 -47 62 -49 49 -51 -52 -53 -54 -55 -56 -57 -58 -59 59 60 -62 -63 -64
leaf_value=0.037201298152255577 -0.01520578692407951 0.0019292877261618043 0.0014202312957699277 0.0028810725216039845 -0.067301696166396141 0.032474918028132779 -0.037498305011346628 -0.010245279798647648 0.018132165096424242 0.015542127287992463 -0.13881126676286967 -0.014206914068547346 -0.043883215690544548 -0.022004444647177702 -0.032439546820430737 -0.0042224110874489939 0.0058905026489062574 0.042253123240041976 0.0076207411567396112 -0.0052718475700705651 -0.00014886586464132426 -0.063818097873167556 -0.032429480009845323 0.019277262369984054 0.061066517005674538 0.042120785238495204 0.012489914734749856 0.011181546548833346 -0.042414542457887103 -0.0099881783928167118 0.019134641213513267 -0.00028623021170496942 0.027744144689128385 -0.0093258272742438898 -0.027741170252783821 -0.12341289810512375 0.0070229064402251322 0.05054482007026672 -0.00068272534910946672 0.021839542881740878 -0.05739903432982308 0.048829830988831473 0.01375192325527705 0.098755024256913557 -0.098426912271458167 0.0081979344419203688 -0.0051008626224137146 0.01649281298392825 -0.02488532582739135 -0.012760042191070672 0.088327247108283796 0.03750941558339816 -0.13138694277176491 0.030173733465341943 -0.030685321463614093 0.016393084404856394 -0.051186861184335519 -0.039024651738415871 0.014280786671022856 -0.040689400630753214 0.021475822180509568 -0.0056995069730959563 0.010944323678495698
leaf_weight=164 2192 1134 1168 5182 21 27 252 2169 81 1311 21 694 207 488 74 5189 607 370 1805 2041 1497 22 21 71 24 136 1554 4989 84 4451 343 125 536 1433 59 23 2288 60 73 144 35 109 402 23 23 225 973 937 1350 2115 57 336 39 413 49 209 31 21 582 41 23 166 266
leaf_count=164 2192 1134 1168 5182 21 27 252 2169 81 1311 21 694 207 488 74 5189 607 370 1805 2041 1497 22 21 71 24 136 1554 4989 84 4451 343 125 536 1433 59 23 2288 60 73 144 35 109 402 23 23 225 973 937 1350 2115 57 336 39 413 49 209 31 21 582 41 23 166 266
internal_value=0 0.0137475 -0.00409974 -0.00138723 -0.00899604 -0.00187926 0.000297412 -0.0135483 -0.0331954 0.00467955 -0.0481506 0.00223605 -0.0568234 -0.0126617 -0.0620579 -0.00842618 -0.00671703 0.0267188 0.00940761 0.000577305 -0.00460176 0.00067804 -0.0891166 -0.0155543 0.00923459 0.0185682 0.00773996 0.0107161 0.00516961 -0.00688459 0.00783166 0.013282 0.0126087 -0.0159933 -0.0266902 -0.0545759 0.00531774 0.017074 -0.0230106 0.0245056 0.00634597 0.0258499 0.0310936 0.0503132 -0.0493376 0.021965 0.00397405 0.0195775 -0.0147892 -0.0169454 0.0623922 0.0265797 -0.108957 0.0220737 0.000724644 0.00494132 -0.0104011 0.0112636 0.0128398 0.0110481 -0.0183488 -0.0227845 -0.00165613
internal_weight=0 11835 39720 25560 14160 5524 5165 8636 359 13728 278 4913 251 8481 155 11832 2776 2967 8868 7223 2191 1156 81 5705 6505 850 2722 7712 1962 9640 5655 1785 5750 5634 570 82 3870 1371 157 2597 179 2418 1317 159 230 761 3527 1101 5064 3631 166 1151 60 815 414 365 156 691 670 646 64 1516 1239
internal_count=51555 11835 39720 25560 14160 5524 5165 8636 359 13728 278 4913 251 8481 155 11832 2776 2967 8868 7223 2191 1156 81 5705 6505 850 2722 7712 1962 9640 5655 1785 5750 5634 570 82 3870 1371 157 2597 179 2418 1317 159 230 761 3527 1101 5064 3631 166 1151 60 815 414 365 156 691 670 646 64 1516 1239
is_linear=0
shrinkage=0.03


Tree=20
num_leaves=64
num_cat=0
split_feature=18 31 31 30 27 6 31 29 5 30 30 13 31 5 29 40 31 29 13 36 29 27 15 11 31 31 28 30 30 14 7 51 10 25 30 13 33 40 30 4 51 19 14 36 14 25 14 31 4 29 5 17 4 16 13 28 6 13 30 14 14 14 29
split_gain=2942.8 664.904 553.576 1258.48 503.271 364.937 313.8 300.036 263.384 235.01 234.241 212.627 193.406 160.594 159.283 150.516 148.484 125.401 171.664 223.18 113.526 110.166 109.937 109.289 105.806 198.453 103.137 221.078 100.909 100.704 99.2447 97.5993 96.6438 93.5925 90.42 87.7147 84.1905 243.971 84.0536 99.1626 81.1969 77.5095 75.5339 74.5369 74.0058 73.0812 70.3758 69.9286 116.938 90.5919 175.966 81.5727 69.0947 65.9726 65.275 63.4383 102.448 62.0614 60.6675 62.1923 61.5391 60.6532 92.7173
threshold=24.500000000000004 2304.5000000000005 1.0000000180025095e-35 75330.000000000015 1.0000000180025095e-35 3.0000000000000004 1460.0000000000002 1309725.0000000002 1990.5000000000002 49050.000000000007 114630.00000000001 797.5150000000001 43902856.500000007 1946.5000000000002 1608975.0000000002 1018920015.0000001 27495.000000000004 17130.000000000004 511.50000000000006 366.50000000000006 8249.0000000000018 4.5000000000000009 15.500000000000002 66.500000000000014 4585.0000000000009 3533.5000000000005 2.5000000000000004 1392525.0000000002 136770.00000000003 2008.5000000000002 306.50000000000006 0.91986383076330835 3369.5000000000005 46.500000000000007 36990.000000000007 655.00000000000011 13.000000000000002 1010040507.0000001 95550.000000000015 10309.500000000002 0.92249319807368846 4150.0000000000009 1031.5000000000002 17008.500000000004 3004.5000000000005 13.500000000000002 2000.5000000000002 315708.00000000006 10023.500000000002 18540000.000000004 1899.5000000000002 10067.000000000002 11206.500000000002 30.500000000000004 997.04500000000007 3.5000000000000004 3.0000000000000004 2.0100000000000002 26222400.000000004 1016.5000000000001 1034.5000000000002 1029.5000000000002 12903.000000000002
decision_type=10 8 10 10 10 2 10 10 2 10 10 10 10 2 10 8 10 10 10 10 10 10 10 8 10 10 10 10 10 10 2 2 10 8 10 10 10 10 10 2 2 10 10 10 10 8 10 8 2 10 2 8 2 10 10 10 2 10 10 10 10 10 10
left_child=1 33 3 9 5 22 31 11 10 34 16 -7 13 15 26 -12 20 18 19 -18 29 23 57 41 25 -22 27 28 -5 -8 -11 38 35 36 -2 -28 58 -38 39 -6 47 -3 -26 -44 61 -15 -14 49 51 -25 -51 -49 -42 -17 -55 -10 -57 -4 59 -1 -61 -41 -63
right_child=2 21 4 14 6 7 8 -9 55 30 12 -13 46 45 -16 53 17 -19 -20 -21 24 -23 -24 40 42 -27 32 -29 -30 -31 -32 -33 -34 -35 -36 -37 37 -39 -40 44 52 -43 43 -45 -46 -47 -48 48 -50 50 -52 -53 -54 54 -56 56 -58 -59 -60 60 -62 62 -64
leaf_value=0.031163973152876185 -0.013757774389617197 0.014676270830087698 0.04463505763074626 0.005751376031938692 0.0029412903094833548 -0.04103452743024661 -0.087354187510907649 0.019696291093506027 0.019695996483141787 -0.0090154025783837667 -0.087310097806155687 -0.13420063881382632 0.0092980155749763892 -0.015140107522726556 0.083881128323078147 -0.0085833332763939462 -0.06084258725930905 -0.022306884026219106 -0.033601878019315856 -0.18755634776570579 -0.0050707028065384791 0.0053264701626934063 -0.0009942435817543783 0.014192616342093622 0.015138296147215981 -0.10513500579027459 0.0081828967023925229 0.037147443571319175 0.014033347360496974 -0.01059999842941761 -0.00035826691106709122 -0.11376000496745109 -0.0047095575506075132 0.039757522388610897 -0.0072153714920932246 -0.048428838077187536 0.021315908347327071 -0.067175927748371445 -0.00085386074402115568 -0.087030091200384394 -0.048970359399914745 0.0034288919047639143 -0.0076721099101176313 -0.06173744368142095 -0.11746789162712437 -0.0066709165430154918 -0.041820588462655961 0.028394659829803028 0.013340067115343877 -0.07295236170699354 0.021967567927204074 0.071612153223582678 0.0076289680911736059 0.0011077652992190498 -0.034825134353831097 0.0039574425979791317 -0.038786970482631161 0.0092349453061982938 0.036185489291816537 -0.03141483983024955 0.020343631127289982 0.0070216439723968498 -0.075529673313722012
leaf_weight=597 2647 868 46 3377 22 145 40 67 200 1471 20 26 27 4774 25 1818 29 58 42 22 44 3756 1608 1058 101 30 1674 263 2178 25 6279 20 923 377 6748 25 141 35 33 31 30 1512 110 29 21 1135 237 613 670 32 39 42 55 1425 47 612 55 1435 381 21 1333 25 24
leaf_count=597 2647 868 46 3377 22 145 40 67 200 1471 20 26 27 4774 25 1818 29 58 42 22 44 3756 1608 1058 101 30 1674 263 2178 25 6279 20 923 377 6748 25 141 35 33 31 30 1512 110 29 21 1135 237 613 670 32 39 42 55 1425 47 612 55 1435 381 21 1333 25 24
internal_value=0 0.0133445 -0.00384082 -0.00119574 -0.00855057 0.0016793 -0.011629 -0.0341158 -0.0109861 -0.00586861 -0.0123596 -0.0552001 -0.0112749 -0.0105499 0.00826868 -0.00525949 -0.0317687 -0.0569255 -0.0785156 -0.115503 -0.0217459 0.00919536 0.00443723 0.0121495 -0.0142755 -0.0456373 0.00804471 0.010271 0.00899856 -0.0578333 -0.00200145 -0.051367 0.0031047 0.0258208 -0.00905866 0.00734988 0.0237258 0.0037181 -0.0433679 -0.0547742 0.0164789 0.00753088 -0.00460563 -0.0189519 -0.0673458 -0.0135133 -0.0365925 0.0174774 0.0221521 0.0119912 -0.0208132 0.0311659 -0.0123473 -0.0047607 -3.95488e-05 0.00487644 0.000432791 0.0103345 0.0252358 0.0230975 0.0195409 -0.0541888 -0.0334117
internal_weight=0 11560 39993 25610 14383 3327 11056 238 10880 17145 10013 171 9483 9219 8465 3310 530 151 93 51 379 8675 3089 4919 314 74 8440 5818 5555 65 7750 176 2622 2885 9395 1699 2508 176 156 123 2539 2380 240 139 101 5909 264 2454 1325 1129 71 655 85 3290 1472 867 667 1481 2332 1951 1354 80 49
internal_count=51553 11560 39993 25610 14383 3327 11056 238 10880 17145 10013 171 9483 9219 8465 3310 530 151 93 51 379 8675 3089 4919 314 74 8440 5818 5555 65 7750 176 2622 2885 9395 1699 2508 176 156 123 2539 2380 240 139 101 5909 264 2454 1325 1129 71 655 85 3290 1472 867 667 1481 2332 1951 1354 80 49
is_linear=0
shrinkage=0.03


Tree=21
num_leaves=64
num_cat=0
split_feature=18 31 37 16 31 30 40 2 31 30 6 2 31 29 18 31 30 48 48 6 11 27 6 31 30 31 11 2 30 30 31 33 14 19 2 6 30 2 51 51 10 18 14 33 29 40 6 29 40 2 6 31 29 5 5 5 2 2 17 4 14 5 2
split_gain=2768.88 628.685 521.218 714.069 520.529 478.995 221.749 191.733 190.739 262.384 212.662 339.714 260.821 187.55 172.147 168.379 155.178 191.443 130.462 212.008 122.235 116.584 112.626 105.83 131.123 145.974 104.338 103.78 102.935 98.9174 91.9523 90.4621 89.6319 88.0703 86.7831 180.203 155.52 86.2593 78.7617 78.0409 77.3598 75.1647 75.0534 75.5587 74.3735 73.7049 71.5965 71.2047 71.1383 70.9233 91.7495 80.8874 80.3702 165.566 70.592 79.612 70.2292 124.816 65.7424 65.0113 64.6515 62.9011 108.539
threshold=24.500000000000004 1460.0000000000002 1001166.5000000001 47.500000000000007 1.0000000180025095e-35 54870.000000000007 4003045005.0000005 1250.5000000000002 1.0000000180025095e-35 265710.00000000006 3.0000000000000004 974.50000000000011 301033.50000000006 24330.000000000004 72.500000000000014 1460.0000000000002 410625.00000000006 40622001005.500008 40870001508.500008 3.0000000000000004 2800.0000000000005 4.5000000000000009 3.0000000000000004 1.0000000180025095e-35 52170.000000000007 23355.000000000004 66.500000000000014 1306.5000000000002 36990.000000000007 1034325.5000000001 4585.0000000000009 0.75000000000000011 2001.5000000000002 4150.0000000000009 974.50000000000011 3.0000000000000004 1392525.0000000002 15.500000000000002 0.92249319807368846 0.69166600299162007 2833.5000000000005 103.50000000000001 3009.5000000000005 9.0000000000000018 8249.0000000000018 2031040054.0000002 1.5000000000000002 561376.00000000012 3011040038.5000005 70.500000000000014 1.5000000000000002 340040.00000000006 18540000.000000004 1899.5000000000002 1924.5000000000002 1925.5000000000002 63.500000000000007 195.50000000000003 10028.500000000002 11206.500000000002 5001.5000000000009 1998.5000000000002 1500.5000000000002
decision_type=10 8 8 10 10 10 10 2 10 10 2 2 10 10 8 10 10 10 10 2 10 10 2 10 10 10 8 2 10 10 10 10 10 10 2 2 10 2 2 2 10 10 10 10 10 10 2 10 8 2 2 10 10 2 2 2 2 2 10 2 10 2 2
left_child=1 42 3 8 5 39 7 15 13 30 14 -12 -13 -2 61 41 17 40 19 -8 29 26 -17 28 25 37 33 -9 -5 -18 32 45 -10 -3 36 -36 -15 -25 49 44 -7 -6 54 -44 -4 -24 -31 -21 -16 50 -28 52 60 -54 -1 -56 -57 -58 -53 -40 -51 62 -11
right_child=2 21 4 23 6 16 18 27 9 10 11 12 -14 34 48 22 20 -19 -20 47 -22 -23 31 24 -26 -27 38 -29 -30 46 -32 -33 -34 -35 35 -37 -38 -39 59 -41 -42 -43 43 -45 -46 -47 -48 -49 -50 51 -52 58 53 -55 55 56 57 -59 -60 -61 -62 -63 -64
leaf_value=0.035243493621346669 0.0038567586087786005 0.015276090843758538 -0.017242230197880418 -0.012392391311819111 -0.092681624916466795 0.0019528960474308478 -0.0067684457713278502 -0.098904909148164424 -0.11783560462296008 -0.0049197755420023878 0.060748627205048839 -0.13899357965216039 -0.030948077377998415 0.017513072370952079 0.018617860988079982 -0.014112223440546794 0.012240939238420357 0.0069835788256457356 0.0057289800018314819 -0.080234946897443468 -0.0052429435284870101 0.0054149855394222948 0.019059896340763029 -0.086052001331001521 -0.010733474435015192 -0.11042566123333844 0.01230359085779637 -0.032886631737617404 -0.0025453180372552653 -0.010048874779962576 -0.020864003479237954 0.066063933911231845 -0.032967675541128429 0.0034410932405603487 0.011594559461193433 -0.048644305309082599 0.054867276311334638 -0.019324912535101994 -0.047501248896121978 -0.010908233762743285 -0.0064771220078060094 -0.032178587020773967 0.019198199105465812 -0.040039628237485886 -0.0030285777907014554 -0.048191875886404882 0.043082295319135176 -0.018813309176610067 0.0062996993628041745 0.010318979207250127 0.043442910185017558 0.027121750186709329 -0.070763786786701532 0.021308540635957166 -0.029241992971301076 0.053911089235118455 -0.038515189343999175 0.024782115017050139 0.0063288304395435341 0.0074000989266417242 0.032404760153109863 0.0078557918950735422 -0.072060327824543816
leaf_weight=907 2336 896 378 1263 33 1521 1072 23 24 1445 31 24 124 1409 540 5785 508 2493 779 49 241 3987 55 20 1389 22 150 314 3923 26 57 26 21 1536 911 47 108 136 30 4823 2753 42 624 20 2683 20 187 26 1930 1157 197 655 32 39 25 70 29 845 173 55 133 374 22
leaf_count=907 2336 896 378 1263 33 1521 1072 23 24 1445 31 24 124 1409 540 5785 508 2493 779 49 241 3987 55 20 1389 22 150 314 3923 26 57 26 21 1536 911 47 108 136 30 4823 2753 42 624 20 2683 20 187 26 1930 1157 197 655 32 39 25 70 29 845 173 55 133 374 22
internal_value=0 0.0129442 -0.00372559 0.00043445 -0.00654515 -0.00332766 -0.0126534 -0.0153776 0.00577935 0.0014059 0.00248675 -0.0295542 -0.048469 0.00995372 0.00381715 -0.014133 0.00197941 0.000376666 -0.00374536 -0.01018 0.0132536 0.00925037 -0.0135639 -0.00700789 -0.0138401 -0.038082 0.0122766 -0.0373923 -0.00494348 0.0194362 -0.0461728 0.0178428 -0.0782306 0.00780136 0.0157083 0.00863921 0.0201724 -0.0278797 0.0164292 -0.0085304 -0.00347711 -0.0587999 0.026195 0.0173585 -0.00478381 0.00112609 0.0365968 -0.0589421 0.00899274 0.0173813 0.0299821 0.0153838 0.0108857 -0.0201888 0.0292284 0.0235982 0.0249976 0.0226819 0.0227773 -0.0119768 0.012596 -0.00312674 -0.00592665
internal_weight=0 11560 39993 16156 23837 15613 8224 6298 9403 4592 4490 179 148 4811 4311 5961 7729 6767 1926 1147 962 9040 5886 6753 1567 178 5053 337 5186 721 102 101 45 2432 2475 958 1517 156 2621 7884 4274 75 2520 644 3061 75 213 75 2470 2536 347 2189 1361 71 1876 969 944 874 828 85 1290 1841 1467
internal_count=51553 11560 39993 16156 23837 15613 8224 6298 9403 4592 4490 179 148 4811 4311 5961 7729 6767 1926 1147 962 9040 5886 6753 1567 178 5053 337 5186 721 102 101 45 2432 2475 958 1517 156 2621 7884 4274 75 2520 644 3061 75 213 75 2470 2536 347 2189 1361 71 1876 969 944 874 828 85 1290 1841 1467
is_linear=0
shrinkage=0.03


Tree=22
num_leaves=64
num_cat=0
split_feature=34 31 37 50 31 30 18 31 1 29 42 6 30 48 37 25 40 6 31 30 48 31 4 2 31 30 31 30 5 2 6 29 40 31 2 30 30 17 30 34 29 51 5 17 5 6 2 36 9 25 42 40 37 29 1 4 10 9 5 30 51 37 13
split_gain=2619.73 558.686 558.377 694.595 572.077 419.231 272.252 201.884 189.018 161.816 140.187 154.229 133.804 188.761 131.802 131.775 124.783 203.461 154.276 116.481 111.752 109.057 108.771 107.056 99.3148 125.294 136.153 97.6433 95.2747 92.5952 125.953 104.185 89.9439 89.2432 92.9241 85.3575 82.9495 88.6952 73.3719 72.8512 72.5185 75.7231 71.5299 114.117 79.2396 67.1777 300.371 221.29 155.631 83.1857 81.5003 68.2255 72.7896 63.8439 95.9261 62.4287 62.4126 61.9776 61.7813 60.7804 55.0916 71.0566 68.0513
threshold=4.9000000000000012 3533.5000000000005 999797.50000000012 47.500000000000007 1.0000000180025095e-35 53250.000000000007 74.000000000000014 1.0000000180025095e-35 1428.5000000000002 24330.000000000004 8.5000000000000018 3.0000000000000004 410625.00000000006 40622001005.500008 1010810.0000000001 5.7500000000000009 4094030026.5000005 3.0000000000000004 2032410.5000000002 2755416.5000000005 10222002002.500002 1460.0000000000002 10018.500000000002 1002.5000000000001 1.0000000180025095e-35 52170.000000000007 23355.000000000004 38610.000000000007 1991.5000000000002 974.50000000000011 3.0000000000000004 544050.00000000012 2039290501.0000002 11465.000000000002 42.500000000000007 45867595.500000007 74190.000000000015 11232.500000000002 349875.00000000006 4.330000000000001 8249.0000000000018 0.69166600299162007 1929.5000000000002 10001.500000000002 1966.5000000000002 3.0000000000000004 1004.5000000000001 140.50000000000003 134.50000000000003 4.1250000000000009 5.5000000000000009 1015200045.0000001 989266.00000000012 13205.000000000002 5214.5000000000009 10309.500000000002 2833.5000000000005 485.50000000000006 1957.5000000000002 1034325.5000000001 0.92249319807368846 986771.50000000012 19.500000000000004
decision_type=8 8 10 2 10 10 8 10 2 10 10 2 10 10 10 10 8 2 10 8 10 10 2 2 10 10 10 10 2 2 2 10 10 10 2 10 10 10 10 10 10 2 2 8 2 2 2 10 10 8 10 10 10 10 2 2 10 10 2 10 2 10 8
left_child=2 22 3 7 5 40 8 9 -6 39 11 35 13 56 36 -13 17 -8 -19 -3 -12 53 -2 59 27 26 33 -5 32 31 -31 -11 -16 34 55 38 37 -10 -9 -1 -4 -42 60 -44 -45 49 48 -48 -47 -24 -50 52 -51 -18 -55 -26 -7 -17 -34 -14 61 62 -21
right_child=1 19 4 24 6 12 16 10 14 29 20 15 23 -15 28 57 21 18 -20 42 -22 -23 45 -25 25 -27 -28 -29 -30 30 -32 -33 58 -35 -36 -37 -38 -39 -40 -41 41 -43 43 44 -46 46 47 -49 50 51 -52 -53 -54 54 -56 -57 -58 -59 -60 -61 -62 -63 -64
leaf_value=0.0066268968807118023 0.030135809559255596 -0.0072662642191298607 -0.015096146613097059 -0.011131600462602049 -0.098538078598935028 0.0010479533023262625 -0.00073509485936825206 -0.052993399352766569 -0.090125216110251274 0.018203423869693963 -0.0614665434915911 0.025289098130118464 0.012328937201698562 0.0064182337135419041 -0.027616579889548833 -0.021376580971738567 -0.007113569805398583 -0.066291900913417343 0.019761778986454009 0.0014931964447764171 -0.0055163277794517355 -0.012086802433846166 0.0033031379934132955 -0.004997066130478154 -0.041384512680981839 -0.010405313407886828 -0.1071128891611641 -0.0020654748561202631 -0.0014475816169358564 0.010453231512232413 -0.038673435974121095 0.055614584090454236 -0.045013469153628596 0.00014821264621180791 -0.017953487163390586 0.020366839196259548 -0.012055131630414398 -0.014990410803546829 0.0046438550218038908 -0.0092219563694436821 -0.0030349596611186401 -0.0097934009289212479 -0.025000497673172504 0.0044884175796201572 0.011953448098438726 0.074766667773947124 -0.13968090464919805 -0.0069476135777166255 -0.030018832571804523 0.013368649272035505 0.032114417070620939 0.014906343613968472 0.036028519333397714 -0.025400547172342029 -0.11408394903916379 -0.11369919895279136 -0.0060947572347038077 -0.070360370109531459 -0.099762666789548732 0.031871656027470469 -0.01174411296701202 0.01096605074077454 0.024974164597464831
leaf_weight=1776 1381 388 1228 1529 29 1702 1685 20 26 1561 33 31 532 2631 698 46 20 75 25 132 1217 4049 209 255 21 1330 22 3555 99 775 50 70 159 63 49 327 1000 31 3250 306 2468 3773 96 2711 2424 39 20 26 38 173 38 448 486 21 23 22 3118 47 21 196 78 2201 701
leaf_count=1776 1381 388 1228 1529 29 1702 1685 20 26 1561 33 31 532 2631 698 46 20 75 25 132 1217 4049 209 255 21 1330 22 3555 99 775 50 70 159 63 49 327 1000 31 3250 306 2468 3773 96 2711 2424 39 20 26 38 173 38 448 486 21 23 22 3118 47 21 196 78 2201 701
internal_value=0 0.0125704 -0.00362977 0.000687502 -0.00654244 -0.00325604 -0.0131074 0.00587529 -0.0224879 0.0104503 0.00169876 0.00461874 0.00132774 -4.47542e-05 -0.0214036 -0.0282766 -0.00982631 -0.00320251 -0.0447785 0.00880176 -0.00699341 -0.012701 0.0240832 0.011731 -0.00679705 -0.013561 -0.037273 -0.00479209 -0.0293468 0.0156662 0.00747586 0.0198091 -0.0324926 -0.0273603 -0.0461976 0.00575274 -0.0140616 -0.0492624 0.00429133 0.00429753 -0.00843203 -0.00712078 0.00954902 0.00740646 0.00801232 0.018424 0.00013215 -0.0646577 0.0260481 0.0206619 0.00104779 0.0239392 0.0300799 -0.0515565 -0.0717578 -0.0783827 -0.00357258 -0.0461318 -0.0514009 0.0175904 0.0131505 0.0137905 0.0212533
internal_weight=0 11589 39964 16100 23864 15903 7961 9509 2063 4538 4971 3721 8434 7451 2034 124 5898 1785 100 8731 1250 4113 2858 983 6591 1507 177 5084 977 2456 825 1631 878 155 92 3597 1057 57 3270 2082 7469 6241 8343 5231 5135 1477 161 46 115 1316 76 1107 659 64 44 43 4820 93 180 728 3112 3034 833
internal_count=51553 11589 39964 16100 23864 15903 7961 9509 2063 4538 4971 3721 8434 7451 2034 124 5898 1785 100 8731 1250 4113 2858 983 6591 1507 177 5084 977 2456 825 1631 878 155 92 3597 1057 57 3270 2082 7469 6241 8343 5231 5135 1477 161 46 115 1316 76 1107 659 64 44 43 4820 93 180 728 3112 3034 833
is_linear=0
shrinkage=0.03


Tree=23
num_leaves=64
num_cat=0
split_feature=34 37 16 31 31 30 18 10 31 30 29 28 37 30 48 11 31 42 6 11 47 11 11 29 4 2 6 29 31 30 31 30 5 31 6 28 51 51 40 31 2 2 30 40 30 2 6 29 51 34 30 13 4 6 4 5 25 10 5 25 31 38 29
split_gain=2464.9 525.733 665.675 525.668 521.476 389.7 247.749 218.782 212.067 162.401 153.434 139.188 130.488 122.971 180.598 118.4 116.789 116.143 151.445 158.874 147.588 111.104 110.562 102.548 102.431 91.838 118.58 96.4979 91.2449 118.418 128.107 89.9606 89.6439 89.3984 105.591 216.545 87.0778 88.6878 84.6282 83.9689 87.4323 78.4458 76.6868 72.9614 72.4659 121.017 138.613 67.8535 71.6441 65.8842 64.5539 62.5029 61.4404 60.0145 58.7391 58.13 55.5825 55.2122 53.3799 52.9936 70.0656 91.1559 57.3309
threshold=4.9000000000000012 1000062.0000000001 47.500000000000007 3533.5000000000005 1.0000000180025095e-35 53250.000000000007 74.000000000000014 1428.5000000000002 1.0000000180025095e-35 265710.00000000006 24330.000000000004 1.5000000000000002 1010810.0000000001 410625.00000000006 40622001005.500008 7503.5000000000009 1460.0000000000002 8.5000000000000018 3.0000000000000004 2800.0000000000005 1021700.0000000001 7505.5000000000009 2800.0000000000005 87751.000000000015 10028.500000000002 974.50000000000011 3.0000000000000004 544050.00000000012 1.0000000180025095e-35 52170.000000000007 23355.000000000004 36990.000000000007 1991.5000000000002 2329323.0000000005 3.0000000000000004 4.5000000000000009 0.92249319807368846 0.59763769307209225 2039290501.0000002 11465.000000000002 42.500000000000007 63.500000000000007 45867595.500000007 4094030026.5000005 689625.00000000012 68.500000000000014 3.0000000000000004 8249.0000000000018 0.69166600299162007 4.330000000000001 1034325.5000000001 113.50000000000001 11206.500000000002 1.5000000000000002 10309.500000000002 1957.5000000000002 64.000000000000014 2833.5000000000005 1914.5000000000002 53.500000000000007 56788171.000000007 212150.00000000003 18540000.000000004
decision_type=8 10 10 8 10 10 8 10 10 10 10 10 10 10 10 8 10 10 2 10 10 10 10 10 2 2 2 10 10 10 10 10 2 10 2 10 2 2 10 10 2 2 10 8 10 2 2 10 2 10 10 10 2 2 2 2 8 10 2 10 10 10 10
left_child=1 2 8 24 5 47 7 -6 10 11 49 -10 -9 14 57 23 41 18 42 -20 -19 33 50 -5 56 27 -27 -12 31 30 39 -4 38 34 43 -36 37 -17 -14 40 54 -8 -11 -18 -26 51 -47 58 -49 -1 -15 -46 -38 -52 -30 -40 -2 -7 -3 60 62 -62 -25
right_child=3 4 28 15 6 13 16 12 9 17 25 -13 32 22 -16 36 21 20 19 -21 -22 -23 -24 59 44 26 -28 -29 29 -31 -32 -33 -34 -35 35 -37 52 -39 55 -41 -42 -43 -44 -45 45 46 -48 48 -50 -51 53 -53 -54 -55 -56 -57 -58 -59 -60 -61 61 -63 -64
leaf_value=0.0065949437247235067 0.025767014697499931 -0.030317402740709001 -0.011686671625753582 -0.020653418605812848 -0.1099692577958107 0.00082074219612786965 -0.027931730959336366 -0.013062130835589535 -0.095768076856103196 0.0045167646620497244 0.017953839809341284 -0.013747322911862283 -0.026788082376890017 0.012144446720322227 0.0062256867273396332 0.0032017099365475583 -0.0037362720500905547 -0.079553698300733236 0.0494257166236639 -0.042973004659836729 -0.0044144698569126336 0.010540173369640063 -0.0051503251318089577 0.0080980576408503264 -0.0014625485524296122 0.010130040629739994 -0.037513232773169876 0.053946146634540386 -0.040142977675755642 -0.010060797835249427 -0.1038995025366206 -0.0024671805383690119 -0.0014041540461281934 0.0059761877011059606 0.016822131810566552 -0.07116717179896126 -0.045916073262691495 0.024891367591908683 -0.043663065362730465 0.00014376591525173612 -0.017414883069732056 -0.098436369862407447 0.019755834198504504 -0.012214374487231332 0.08499206907219356 0.016498685868721906 -0.054305463653917495 -0.0029659753730221063 -0.0095468911960693362 -0.0083332014827878949 -0.01134326120838523 0.034511089481736638 0.0074562247842550273 0.039530362212331964 -0.1102882232889533 -0.096769786753824777 0.043930712893565954 -0.0059421760114170942 -0.012160311166532333 0.021796998083591462 -0.039687115691957021 0.019638531239250221 -0.0055181276721757277
leaf_weight=1775 1751 169 1263 117 25 1675 49 1003 27 3261 1586 60 698 506 2631 216 1186 24 20 103 1193 248 264 6901 187 788 50 70 21 1353 22 3875 99 299 39 71 30 791 159 63 49 20 327 3977 27 580 26 2464 3762 313 24 121 55 160 22 21 166 3092 1058 231 63 37 290
leaf_count=1775 1751 169 1263 117 25 1675 49 1003 27 3261 1586 60 698 506 2631 216 1186 24 20 103 1193 248 264 6901 187 788 50 70 21 1353 22 3875 99 299 39 71 30 791 159 63 49 20 327 3977 27 580 26 2464 3762 313 24 121 55 160 22 21 166 3092 1058 231 63 37 290
internal_value=0 -0.00352087 0.000632561 0.0121933 -0.00637144 -0.00322641 -0.0126683 -0.0217767 0.00569145 0.00142877 0.010357 -0.039202 -0.0206631 0.00122358 -8.36284e-05 0.0085377 -0.00956718 0.00214608 0.00478351 -0.0279488 -0.00589626 -0.00910717 0.0113606 0.00721684 0.0233607 0.01538 0.00728736 0.0194753 -0.00664851 -0.0130795 -0.0361548 -0.00473347 -0.0284664 -0.00998164 -0.0108865 -0.039971 0.0177777 0.020239 -0.0315179 -0.0265395 -0.0448117 -0.0483679 0.00590561 -0.0102669 0.0152544 0.0194004 0.0134609 -0.00821318 -0.00694243 0.00435715 0.0176778 0.0437205 -0.0113811 0.0328947 -0.0760312 -0.0498588 0.0273399 -0.00356586 -0.0146612 0.00765034 0.00720214 -0.0177366 0.00754894
internal_weight=0 39964 16265 11589 23699 15805 7894 2005 9597 5015 4582 87 1980 8352 7398 8731 5889 4928 3711 123 1217 5820 954 7639 2858 2494 838 1656 6668 1530 177 5138 977 5572 5273 110 1092 1007 878 155 92 69 3588 5163 941 754 606 7453 6226 2088 690 148 85 184 43 180 1917 4767 1227 7522 7291 100 7191
internal_count=51553 39964 16265 11589 23699 15805 7894 2005 9597 5015 4582 87 1980 8352 7398 8731 5889 4928 3711 123 1217 5820 954 7639 2858 2494 838 1656 6668 1530 177 5138 977 5572 5273 110 1092 1007 878 155 92 69 3588 5163 941 754 606 7453 6226 2088 690 148 85 184 43 180 1917 4767 1227 7522 7291 100 7191
is_linear=0
shrinkage=0.03


Tree=24
num_leaves=64
num_cat=0
split_feature=34 31 31 30 10 7 39 51 40 6 30 29 22 31 28 30 11 1 2 4 29 22 29 43 11 2 29 2 22 19 40 51 19 28 4 22 40 6 22 6 30 39 32 22 13 2 18 30 22 51 5 34 6 4 29 17 28 5 28 29 10 29 38
split_gain=2319.22 495.357 435.929 1004.02 366.646 307.242 288.068 209.045 186.276 250.656 185.98 141.069 126.37 124.834 121.791 156.254 115.163 118.174 113.571 106.659 99.9733 99.1224 94.9886 96.6026 156.765 97.3705 92.2654 88.8684 95.5262 87.4839 188.553 86.035 84.3063 94.216 81.6261 80.0869 77.7808 76.7143 74.7538 84.1763 83.0593 71.2564 71.0446 68.8771 94.464 67.95 67.677 67.3734 65.9823 65.0612 59.6998 108.448 204.464 58.1693 56.6215 56.2848 65.1516 56.0191 55.1845 63.1698 53.4568 78.2449 184.066
threshold=4.9000000000000012 6840.0000000000009 1.0000000180025095e-35 75330.000000000015 2444.5000000000005 308.50000000000006 21802.500000000004 0.95367803020462472 4094030026.5000005 3.0000000000000004 47730.000000000007 972224.50000000012 1.5000000000000002 4570.0000000000009 2.5000000000000004 318825.00000000006 7503.5000000000009 2461.5000000000005 28.500000000000004 10018.500000000002 296774.50000000006 4.5000000000000009 10830.000000000002 44.500000000000007 51.500000000000007 27.500000000000004 3718125.0000000005 68.500000000000014 3.5000000000000004 6750.0000000000009 1002925011.0000001 0.7751589825298304 860.00000000000011 1.0000000180025095e-35 11203.500000000002 4.5000000000000009 3057435016.0000005 3.0000000000000004 4.5000000000000009 3.0000000000000004 265710.00000000006 31855.000000000004 4.330000000000001 4.5000000000000009 47.500000000000007 129.50000000000003 75.500000000000014 36990.000000000007 1.5000000000000002 0.86051010677306972 2008.5000000000002 14.500000000000002 3.0000000000000004 11203.500000000002 14130.000000000002 10001.500000000002 1.0000000180025095e-35 1913.5000000000002 3.5000000000000004 348116.00000000006 13042.500000000002 8069.5000000000009 144968.00000000003
decision_type=8 8 10 10 10 2 8 2 8 2 10 10 10 10 10 10 8 2 2 2 10 10 10 10 10 2 10 2 10 10 10 2 10 10 2 10 10 2 8 2 10 10 10 10 10 2 8 10 10 2 2 10 2 2 10 10 10 2 10 10 10 10 10
left_child=2 19 3 10 5 26 27 12 9 -8 47 14 18 22 15 49 20 -18 -7 43 -3 -11 -10 24 25 -24 29 28 -6 38 -31 -12 33 -29 -19 55 42 -38 39 40 -4 -15 46 -2 -45 -13 -16 -1 -17 53 51 54 -53 -5 -21 56 -22 -34 -56 -60 61 62 -43
right_child=1 16 4 11 6 7 8 -9 13 21 31 45 -14 41 36 48 17 34 -20 50 35 -23 23 -25 -26 -27 -28 32 -30 30 -32 -33 57 -35 -36 -37 37 -39 -40 -41 -42 60 -44 44 -46 -47 -48 -49 -50 -51 -52 52 -54 -55 58 -57 -58 -59 59 -61 -62 -63 -64
leaf_value=-0.01231964832313587 0.026736852545906735 -0.0068608642984274151 -0.044994391218060627 -0.0003141935335214449 -0.02144012651815776 -0.10221398496757382 -8.9252439303238486e-05 -0.08128411019170606 -0.004626849455581534 -0.049387008267965979 -3.3088727843462183e-05 0.068079977916910298 -0.0079920289979412643 -0.0051755016158373714 -0.0030060320233444723 0.040777523689545118 0.023774731428356132 -0.034779529477591095 -0.024158166638282578 -0.0099039297745051515 -0.02949162069421548 0.018062651578498921 -0.075372913141142237 -0.019665694516457492 -0.12736268780194224 0.0022548927825230816 0.017388307988317316 -0.026179985015800121 0.036786832281698781 -0.0040557286820399599 -0.10590890651302678 -0.0066392119572302698 -0.038032220097699465 -0.087837893873867062 0.0082773941315480975 0.044773178074795465 -0.0078888859867824908 -0.060626983096202215 0.05905470081738063 -0.026336149546007315 0.003586977643663768 0.0061575587998543464 -0.050191380979323928 0.0096003597094254066 0.08734592098456162 0.021309524051359163 0.0082165947283782161 -0.0065741229507894957 0.015989587799304972 3.1149713621688119e-05 0.031098127027254015 0.040525917691940611 -0.080758417034200544 0.010276859259648932 0.025150485656287483 0.0077761327386554951 0.013860126906432785 -0.012991005272568397 -0.0029325500130653378 0.017457633908932069 0.0013402641017102833 -0.014196712535083368 -0.12100983962835743
leaf_weight=2632 1391 453 32 560 417 23 2199 37 63 133 5817 47 2175 1098 774 104 758 46 62 71 78 23 33 61 28 26 381 38 27 74 21 2553 262 54 286 52 308 27 21 90 3101 21 22 22 39 69 1289 6080 1367 1074 227 22 29 2802 515 6824 52 116 183 541 198 3605 20
leaf_count=2632 1391 453 32 560 417 23 2199 37 63 133 5817 47 2175 1098 774 104 758 46 62 71 78 23 33 61 28 26 381 38 27 74 21 2553 262 54 286 52 308 27 21 90 3101 21 22 22 39 69 1289 6080 1367 1074 227 22 29 2802 515 6824 52 116 183 541 198 3605 20
internal_value=0 0.0118275 -0.00341525 -0.00105868 -0.00758115 -0.00192536 -0.0116219 -0.0105524 -0.00968601 -0.00269609 -0.00524168 0.00740443 -0.00939442 -0.0128805 0.00694674 0.00926899 0.00812886 0.0172374 -0.0452792 0.0222285 0.00679782 -0.0394425 -0.0354784 -0.0486111 -0.0689061 -0.041164 0.00340162 -0.0275238 -0.0178993 0.00180565 -0.0265706 -0.00204807 -0.0366159 -0.0623705 0.00231168 0.00768098 0.00127835 -0.0121394 0.00263665 0.00226905 0.00309077 -0.0119157 0.0034342 0.0281051 0.0593065 0.0402596 0.00400607 -0.00830992 0.0177421 0.00645926 0.0168552 0.0144797 -0.0284397 0.00851273 0.0161506 0.00740361 -0.0121509 -0.0303476 0.0176436 0.0123038 -0.013841 -0.0146654 -0.0558753
internal_weight=0 11589 39964 25525 14439 6017 8422 2297 7508 2355 17082 8443 2260 5153 8327 5907 8549 1090 85 3040 7459 156 211 148 87 59 3720 914 444 3339 95 8370 470 92 332 7006 2420 335 3244 3223 3133 4942 2085 1452 61 116 2063 8712 1471 4436 1588 1361 51 3362 1310 6954 130 378 1239 724 3844 3646 41
internal_count=51553 11589 39964 25525 14439 6017 8422 2297 7508 2355 17082 8443 2260 5153 8327 5907 8549 1090 85 3040 7459 156 211 148 87 59 3720 914 444 3339 95 8370 470 92 332 7006 2420 335 3244 3223 3133 4942 2085 1452 61 116 2063 8712 1471 4436 1588 1361 51 3362 1310 6954 130 378 1239 724 3844 3646 41
is_linear=0
shrinkage=0.03


Tree=25
num_leaves=64
num_cat=0
split_feature=18 31 31 30 40 6 30 22 6 36 37 31 30 37 31 48 39 14 29 30 31 5 28 7 22 19 14 40 22 2 22 8 40 51 2 7 2 31 25 6 17 30 31 29 48 2 17 38 29 6 5 31 9 5 37 38 32 43 6 38 7 28 2
split_gain=2304.65 570.364 419.408 859.358 436.433 385.356 334.035 257.949 204.219 204.05 185.474 180.182 170.244 143.758 133.294 188.337 126.651 122.591 121.513 115.401 109.215 158.587 140.79 113.516 108.454 105.4 113.854 104.198 297.402 260.576 111.779 103.538 97.4331 95.0607 92.7789 89.2919 88.1042 87.3715 98.3592 100.883 182.127 85.5218 84.9852 80.199 78.6778 89.2357 102.909 74.6634 69.2629 76.705 107.11 65.6075 64.6928 72.3773 63.8812 98.8297 107.996 67.6752 61.3535 60.0757 106.252 99.3765 77.3907
threshold=33.500000000000007 1.0000000180025095e-35 1.0000000180025095e-35 63510.000000000007 2058580643.5000002 3.0000000000000004 101730.00000000001 3.5000000000000004 3.0000000000000004 989.00000000000011 1002047.5000000001 397717.00000000006 1769400.5000000002 1031646.5000000001 4585.0000000000009 30578002001.500004 21701.500000000004 2000.5000000000002 381598.00000000006 35850.000000000007 18325.000000000004 1947.5000000000002 1.5000000000000002 410.50000000000006 4.5000000000000009 915.00000000000011 2009.5000000000002 1009165517.0000001 4.5000000000000009 1095.5000000000002 4.5000000000000009 42.500000000000007 3001655015.5000005 0.68494644048126652 41.500000000000007 306.50000000000006 60.500000000000007 58307.500000000007 26.500000000000004 3.0000000000000004 10054.500000000002 3531749.5000000005 27495.000000000004 1964929.0000000002 20059021500.000004 230.50000000000003 10462.500000000002 202510.50000000003 2450250.0000000005 3.0000000000000004 1899.5000000000002 2229085.0000000005 29104.500000000004 1984.5000000000002 998473.50000000012 193351.50000000003 3.7200000000000002 33.500000000000007 1.5000000000000002 189497.50000000003 302.50000000000006 1.5000000000000002 44.500000000000007
decision_type=10 8 10 10 10 2 10 10 2 10 10 10 8 10 10 10 10 10 10 10 10 2 10 2 10 10 10 10 10 2 8 2 10 2 2 2 2 10 8 2 10 10 10 10 10 2 10 10 10 2 2 10 10 2 10 10 10 10 2 10 2 10 2
left_child=1 27 3 19 6 9 14 11 10 35 31 -7 47 24 15 17 44 -4 54 -2 -16 22 -22 42 -9 26 -23 30 43 -30 -1 -8 41 -21 -25 -6 -32 48 -39 -40 -41 -20 -24 -29 -12 58 -47 -3 49 -14 -51 -10 53 -11 59 56 -56 -58 -46 60 61 -5 -61
right_child=2 12 4 18 5 7 8 13 51 52 16 -13 37 -15 20 -17 -18 -19 32 33 21 25 23 34 -26 -27 -28 28 29 -31 36 -33 -34 -35 -36 -37 -38 38 39 40 -42 -43 -44 -45 45 46 -48 -49 -50 50 -52 -53 -54 -55 55 -57 57 -59 -60 62 -62 -63 -64
leaf_value=0.024891188706806611 -0.012269016457972749 -0.065147085317543568 -0.15642892229286107 -0.063664341022570917 0.010893295592413145 -0.12713452965021133 0.0028354737064517068 -0.038809657554774384 0.018433501038794649 -0.02299234925596183 -0.0070602951397486157 -0.044805873660691851 0.0093051313487787553 0.024616827105100339 -0.0053252546295445187 -0.036650475351726289 -0.011531882774055171 -0.060207004962811381 0.024704242565874324 -0.002548234337380524 -0.12408797993324697 -0.09105944017569223 0.019700646593139089 -0.11466830444123063 0.028023354886816097 0.0032601795908815869 0.0033786987215280529 0.0087894565510870486 0.0094466383042542817 -0.13497081251137635 0.074635767623782157 -0.010641492331803736 0.013246104855645905 -0.0078100937558919442 -0.030067880753427742 0.0011392316192796704 0.021538348294794556 0.0041011862730463569 0.0132767914794057 0.017966964628547428 -0.088051086544990539 0.082411142415121971 -0.048492309562861921 0.028836683519096344 0.0084486582657442456 -0.033303831593464374 -0.085263401036365663 -0.0072633478323607436 0.022634339444645182 -0.013602408953011036 0.044781749760732056 0.075070146545767782 -0.0027292877398856141 -0.0033477302298831218 -0.0016880372600916514 0.0054806907736712597 -0.088484396572623927 -0.011375700725242495 -0.023286319983566083 0.029628032933951925 0.0070355709257949898 -0.0032825821172748387 0.0066332252923861912
leaf_weight=1947 2182 21 22 36 1293 33 1131 137 79 425 221 87 2162 65 184 162 4274 26 59 7229 24 27 29 28 26 104 20 377 23 22 75 939 342 5397 20 2436 45 4218 1985 35 25 38 38 343 62 285 39 446 548 37 120 24 801 280 2014 3844 21 20 474 238 3511 77 295
leaf_count=1947 2182 21 22 36 1293 33 1131 137 79 425 221 87 2162 65 184 162 4274 26 59 7229 24 27 29 28 26 104 20 377 23 22 75 939 342 5397 20 2436 45 4218 1985 35 25 38 38 343 62 285 39 446 548 37 120 24 801 280 2014 3844 21 20 474 238 3511 77 295
internal_value=0 0.011292 -0.00353819 -0.00124396 -0.00774631 -0.00127474 -0.0121461 -0.0318442 -0.0103222 0.000757388 -0.0109042 -0.0674463 0.00780088 -0.0131062 -0.0322187 -0.0521152 -0.0138522 -0.104309 0.00532322 -0.00589838 -0.0234038 -0.0348743 -0.0579969 -0.044204 -0.0281492 -0.0135892 -0.050873 0.0231224 0.0136634 -0.0611574 0.0266232 -0.00327799 0.020773 -0.00479742 -0.0794181 0.00452137 0.0547242 0.00870456 0.00671895 0.0121183 -0.0262072 0.0473111 -0.018976 0.0183397 -0.023026 -0.0271288 -0.0395582 -0.00986626 0.0130421 0.0107754 0.0310224 0.0316304 -0.0085626 -0.0151902 0.00464875 0.00264153 -0.00266929 -0.0508704 -0.0196155 0.00749711 0.00611402 -0.0225192 0.0169011
internal_weight=0 12429 39098 25303 13795 5583 8212 348 7528 5235 7425 120 9597 228 684 210 5355 48 10495 14808 474 290 139 115 163 151 47 2832 765 45 2067 2070 439 12626 48 3729 120 9130 6263 2045 60 97 67 720 1081 860 324 467 2867 2319 157 103 1506 705 10056 5899 2055 41 536 4157 3624 113 533
internal_count=51527 12429 39098 25303 13795 5583 8212 348 7528 5235 7425 120 9597 228 684 210 5355 48 10495 14808 474 290 139 115 163 151 47 2832 765 45 2067 2070 439 12626 48 3729 120 9130 6263 2045 60 97 67 720 1081 860 324 467 2867 2319 157 103 1506 705 10056 5899 2055 41 536 4157 3624 113 533
is_linear=0
shrinkage=0.03


Tree=26
num_leaves=64
num_cat=0
split_feature=15 31 31 29 5 22 37 8 18 32 47 38 6 40 31 25 19 1 1 40 13 31 36 5 1 31 51 29 39 29 29 37 51 38 25 40 22 22 11 5 47 19 38 31 25 29 37 34 1 11 25 6 17 37 19 6 9 5 29 4 9 29 6
split_gain=2185.01 521.069 405.104 629.229 414.616 276.316 225.118 219.827 171.646 171.25 136.177 139.438 130.351 241.291 108.318 106.349 122.371 99.7716 109.886 98.0417 93.1347 89.5625 104.885 198.451 158.235 86.5811 85.6543 90.5047 81.7322 92.7454 185.367 80.4471 77.8948 80.9302 75.3518 72.9642 303.442 112.642 80.0403 75.0599 72.638 72.2577 78.9572 76.173 71.4688 70.9604 130.173 70.1903 70.0161 75.1936 66.1563 94.7755 171.363 63.7103 60.4269 57.7601 55.1065 54.6275 54.508 51.6375 74.4593 50.6918 49.833
threshold=4.5000000000000009 1460.0000000000002 1.0000000180025095e-35 15450.000000000002 1999.5000000000002 1.5000000000000002 1000516.5000000001 40.500000000000007 107.50000000000001 1.7500000000000002 3077800.0000000005 194792.00000000003 3.0000000000000004 4049780032.5000005 4585.0000000000009 7.7500000000000009 7750.0000000000009 11032.500000000002 8923.5000000000018 3072800205.5000005 552.50000000000011 26185.000000000004 243.50000000000003 1934.5000000000002 4722.5000000000009 58307.500000000007 0.83658584423032034 9360.5000000000018 32004.500000000004 13770.000000000002 10950.000000000002 1013635.5000000001 0.89061854972086485 245559.00000000003 4.8750000000000009 1009165517.0000001 4.5000000000000009 4.5000000000000009 31.500000000000004 2011.5000000000002 3061003.5000000005 305.00000000000006 242404.50000000003 2155044.0000000005 27.500000000000004 8249.0000000000018 954863.50000000012 6.2500000000000009 1622.5000000000002 7503.5000000000009 26.500000000000004 3.0000000000000004 10054.500000000002 999238.50000000012 3660.0000000000005 1.5000000000000002 21.500000000000004 2005.5000000000002 178106.50000000003 11101.500000000002 358.50000000000006 2315250.0000000005 3.0000000000000004
decision_type=10 8 10 10 2 8 10 2 10 10 10 10 2 8 10 8 10 2 2 10 10 10 10 2 2 10 2 10 10 10 10 10 2 10 10 10 10 8 10 2 10 10 10 10 10 10 10 10 2 8 8 2 10 10 10 2 10 2 10 2 10 8 2
left_child=1 35 3 26 5 9 7 -7 41 14 19 58 53 20 28 16 -3 18 21 31 -14 45 -23 -24 -25 48 27 -2 -4 30 -30 32 56 -34 -33 37 39 -1 -39 -37 -9 -8 43 -43 -38 46 -16 -44 49 -17 54 57 -53 -6 -27 -35 -5 -52 -12 61 -61 -51 -42
right_child=2 15 4 10 12 6 8 40 -10 -11 11 -13 13 -15 17 25 -18 -19 -20 -21 -22 22 23 24 -26 50 -28 -29 29 -31 -32 34 33 55 -36 36 44 38 -40 -41 62 42 47 -45 -46 -47 -48 -49 -50 59 51 52 -54 -55 -56 -57 -58 -59 -60 60 -62 -63 -64
leaf_value=0.0243298379005998 -0.0069645633959043466 0.0016650582092337513 -0.083378563640085418 0.039257703966041189 0.010300430107294613 0.0035052654436192581 -0.0080153447953700326 -0.0055266586763994836 -0.0072596540154383328 -0.097778851062059399 -0.0055245576445455994 0.0057507174342244748 -0.02533460441018854 0.022893985084457589 0.010229025266942863 0.014821777874520712 -0.07127118464027131 0.0063649943081957351 -0.076184412542292301 -0.022366766582478534 -0.077328116582198569 -0.0043387292278930546 -0.12720913193546807 -0.099801610618829723 0.0012750838373018348 0.01360055530694796 -0.0076868448903736307 -0.00099823463554875487 -0.017871573199441687 -0.0053735193752107169 -0.099202450460992589 -0.010228701384078661 0.0025006803804485814 -0.014545512113042853 0.033623181050643325 0.0167184919539188 -0.026583921723067758 0.086306705693403873 0.034419659934514624 0.052501122964032247 -0.01621009908613515 -0.017012099024476757 -0.030114546225489574 0.010980357740317349 -0.10337049508094787 0.0027289054480197418 -0.094193863736997757 -0.0019785453947260973 0.0047476574708018781 0.015355487707434449 0.0111074928447388 0.017427955654383237 -0.085409556126594538 0.00024445719718111747 0.0031665381840919062 0.039680995630100371 0.012318597363230877 0.027090922818363953 0.019147608792908225 0.03182784063012703 -0.027742666424467013 0.054487373639205729 -0.064176842283457519
leaf_weight=1828 3532 1464 37 70 1263 2172 676 1113 3477 30 1986 2793 105 84 22 1407 21 123 34 91 44 54 26 20 46 602 5770 6498 61 63 43 298 1363 22 40 584 24 45 66 58 769 1785 704 92 20 157 21 90 507 41 1765 35 25 1029 2935 90 2883 216 84 69 26 109 20
leaf_count=1828 3532 1464 37 70 1263 2172 676 1113 3477 30 1986 2793 105 84 22 1407 21 123 34 91 44 54 26 20 46 602 5770 6498 61 63 43 298 1363 22 40 584 24 45 66 58 769 1785 704 92 20 157 21 90 507 41 1765 35 25 1029 2935 90 2883 216 84 69 26 109 20
internal_value=0 0.011344 -0.00333772 -0.0010798 -0.0074071 -0.00979854 -0.00859627 -0.00301591 -0.0119278 -0.0275765 0.00492614 0.00137742 0.00361248 -0.017766 -0.0245976 0.00798723 0.000633637 -0.0171194 -0.024721 0.00847924 -0.0406884 -0.0196639 -0.0375281 -0.0570089 -0.0293542 0.00939864 -0.00477459 -0.00309924 -0.0430363 -0.0340982 -0.0514988 0.0090682 0.010145 0.00451506 -0.00503913 0.0231366 0.0147278 0.0261116 0.0554549 0.0199512 -0.0104628 -0.0167773 -0.0189948 -0.0156401 -0.0614869 -0.00662297 -0.0407682 -0.0269253 0.0144997 0.0174926 0.00742424 0.0117252 -0.025421 0.00578577 0.00494242 0.0290294 0.0129572 0.0128503 -0.00452337 0.0328307 0.0155243 0.0437913 -0.017426
internal_weight=0 11847 39680 25520 14160 11635 10898 4074 6824 737 9720 4863 2525 233 707 9222 1485 503 380 4857 149 346 146 92 66 7737 15800 10030 204 167 104 4766 4428 1475 338 2625 686 1939 111 642 1902 3347 2671 1877 44 200 43 794 2159 1652 5578 2041 60 2292 3537 112 2953 1981 2070 245 95 150 789
internal_count=51527 11847 39680 25520 14160 11635 10898 4074 6824 737 9720 4863 2525 233 707 9222 1485 503 380 4857 149 346 146 92 66 7737 15800 10030 204 167 104 4766 4428 1475 338 2625 686 1939 111 642 1902 3347 2671 1877 44 200 43 794 2159 1652 5578 2041 60 2292 3537 112 2953 1981 2070 245 95 150 789
is_linear=0
shrinkage=0.03


Tree=27
num_leaves=64
num_cat=0
split_feature=12 31 31 30 40 6 30 31 6 36 10 2 30 39 31 39 14 22 30 22 31 5 28 18 30 11 51 6 22 19 19 38 19 14 37 51 7 4 42 38 13 31 7 14 27 37 1 42 40 22 2 22 2 30 11 1 31 6 2 36 31 30 47
split_gain=2052.67 526.686 371.453 783.607 380.029 352.961 309.046 244.398 203.882 183.637 177.944 153.616 194.141 149.375 132.464 151.34 171.485 112.932 105.983 105.957 103.752 146.564 106.108 135.894 95.9166 182.354 100.897 98.7072 97.1005 89.7575 101.848 103.936 89.2141 92.8683 89.0108 84.9038 80.0262 79.9681 78.418 122.421 84.7475 77.1308 73.9085 72.2946 69.0443 67.8487 66.9197 66.147 64.741 285.482 240.162 100.604 85.0778 63.0746 62.382 71.3298 95.0046 118.233 214.553 151.465 65.0517 60.8228 64.1906
threshold=110.50000000000001 1.0000000180025095e-35 1.0000000180025095e-35 63510.000000000007 2058580643.5000002 3.0000000000000004 216930.00000000003 301033.50000000006 3.0000000000000004 989.00000000000011 2275.5000000000005 1002.5000000000001 55905524.500000007 21601.500000000004 4585.0000000000009 32004.500000000004 1546.0000000000002 2.5000000000000004 35850.000000000007 3.5000000000000004 18325.000000000004 1947.5000000000002 1.5000000000000002 110.50000000000001 556988.50000000012 2800.0000000000005 0.83658584423032034 3.0000000000000004 3.5000000000000004 1005.5000000000001 1305.0000000000002 159667.50000000003 915.00000000000011 2009.5000000000002 1026037.5000000001 0.68494644048126652 306.50000000000006 11354.500000000002 2.5000000000000004 189005.00000000003 74.500000000000014 198886.50000000003 308.50000000000006 1002.5000000000001 4.5000000000000009 1017889.0000000001 4722.5000000000009 10.500000000000002 1009165517.0000001 4.5000000000000009 1095.5000000000002 4.5000000000000009 60.500000000000007 5186475.0000000009 27.500000000000004 1622.5000000000002 100673221.50000001 3.0000000000000004 1211.5000000000002 153.50000000000003 429792.50000000006 37470.000000000007 4042550.0000000005
decision_type=10 8 10 10 10 2 10 10 2 10 10 2 10 10 10 10 10 8 10 10 10 2 10 10 10 10 2 2 8 10 10 10 10 10 10 2 2 2 10 10 10 10 2 10 10 10 2 10 10 8 2 8 2 10 8 2 8 2 2 10 10 10 10
left_child=1 48 3 18 6 9 14 19 10 36 42 -9 -13 -12 15 16 -4 41 -2 -7 61 22 -22 34 26 29 -5 47 -29 -26 37 -32 33 -23 -24 -20 -6 -31 39 -28 45 -3 -8 -43 54 -40 -18 -27 51 -50 -51 -1 -53 -33 60 56 57 -56 -59 -60 -19 62 -16
right_child=2 17 4 24 5 7 8 11 -10 -11 13 12 -14 -15 20 -17 46 44 35 -21 21 32 23 -25 25 27 38 28 -30 30 31 53 -34 -35 -36 -37 -38 -39 40 -41 -42 43 -44 -45 -46 -47 -48 -49 49 50 -52 52 -54 -55 55 -57 -58 58 59 -61 -62 -63 -64
leaf_value=0.023589137943882565 -0.011694024679661455 0.0001605896318700528 -0.15828847315428513 0.0058208528201693947 0.010388430709118161 -0.12467992245490031 0.0024252108803927159 0.036117548157389344 0.032644097424139651 -0.0080560934632744451 -0.024408782112890898 -0.041615031286227434 0.022557785159183871 -0.010881803230792084 -0.071492253002361394 -0.033624435768735299 -0.015395058861800603 0.010014948627466772 -0.0024095656864882718 -0.0425586740557964 -0.10245731517191856 -0.079510632979458776 0.0071147513516405794 -0.093400943521410221 0.035301245708415148 0.0082390239157743052 -0.048533676442291056 -0.077733378479113935 -0.0049104363769292827 -0.05391275153241374 -0.038280431708054882 0.018853110541147997 0.0038227132199523603 0.0033277115944240774 -0.052613627345756045 -0.007382382363040502 0.0011543094506257861 0.015017297561945657 -0.063620476437782916 0.016787221941771548 -0.0022841124716264675 -0.066153639316326007 -0.0080832062853045412 -0.013334550956172088 0.0051047899323561742 -0.0069096784179027261 -0.090265695479783137 -0.011823077804677314 0.019623301816527973 0.010786018642512234 -0.12939120956442574 0.072485709246248003 0.019902166259785491 0.067489051866531369 0.013914774761921885 0.0044028722636942907 0.029188478806087475 0.040556444648434137 -0.02086168799017157 -0.12116921371221542 -0.0028977213723274638 0.009118726547836558 -0.0078997423667460688
leaf_weight=1878 2183 374 21 5919 1293 31 1089 39 102 1506 890 198 54 4211 20 164 21 968 7229 26 31 29 47 32 263 900 28 26 45 33 28 599 107 21 43 5397 2436 28 37 332 2149 32 1348 86 3689 39 22 177 659 22 22 72 45 25 2519 770 356 34 42 20 551 120 50
leaf_count=1878 2183 374 21 5919 1293 31 1089 39 102 1506 890 198 54 4211 20 164 21 968 7229 26 31 29 47 32 263 900 28 26 45 33 28 599 107 21 43 5397 2436 28 37 332 2149 32 1348 86 3689 39 22 177 659 22 22 72 45 25 2519 770 356 34 42 20 551 120 50
internal_value=0 0.0108226 -0.00328736 -0.00112981 -0.00722125 -0.00115941 -0.0112656 -0.0304157 -0.00948593 0.000785418 -0.010056 -0.0192889 -0.0278637 -0.0132419 -0.0299424 -0.048893 -0.0880187 0.00748202 -0.00559049 -0.0872211 -0.021301 -0.0319997 -0.0528954 -0.0403018 0.00508566 0.0107883 0.00366134 0.00268327 -0.031578 0.0203217 0.0147963 0.0182644 -0.0116363 -0.0447185 -0.0214221 -0.0045352 0.00435616 -0.0222727 -0.0012834 0.0117067 -0.00338517 -0.00651144 -0.00338741 -0.0276584 0.00825135 -0.0345189 -0.053701 0.00494191 0.022512 0.0146834 -0.0593026 0.0252707 0.0522613 0.0208017 0.0104581 0.01254 0.0146489 0.0126695 -0.0200068 -0.053219 0.00533102 -0.00384518 -0.026069
internal_weight=0 12139 39388 25437 13951 5583 8368 348 7640 5235 7538 291 252 5101 728 228 64 9441 14809 57 500 310 153 122 10628 2124 8504 1148 71 976 713 652 157 50 90 12626 3729 61 2585 360 2225 492 2437 118 8949 76 43 1077 2698 703 44 1995 117 624 5260 3741 2971 2615 96 62 1519 190 70
internal_count=51527 12139 39388 25437 13951 5583 8368 348 7640 5235 7538 291 252 5101 728 228 64 9441 14809 57 500 310 153 122 10628 2124 8504 1148 71 976 713 652 157 50 90 12626 3729 61 2585 360 2225 492 2437 118 8949 76 43 1077 2698 703 44 1995 117 624 5260 3741 2971 2615 96 62 1519 190 70
is_linear=0
shrinkage=0.03


Tree=28
num_leaves=64
num_cat=0
split_feature=15 33 17 37 27 38 30 6 48 30 22 11 6 6 22 0 25 30 38 40 5 16 2 30 30 32 38 32 51 13 13 30 2 29 29 2 27 17 42 2 25 40 38 37 2 14 9 9 38 12 16 11 13 6 5 2 22 6 40 22 29 30 30
split_gain=1936.33 355.667 232.205 388.801 190.963 151.412 151.64 147.239 247.501 118.886 115.669 371.188 115.105 105.993 103.153 103.151 112.593 98.7488 90.9168 90.4385 87.7336 87.5088 87.4989 84.0904 83.2017 81.5372 78.8 78.565 165.436 75.8594 90.5801 75.4252 75.319 73.4014 96.0868 70.1571 69.9157 69.8503 66.1459 68.892 63.5477 114.658 95.6734 60.5602 57.0411 56.1114 55.8529 59.036 54.0093 52.8341 52.4885 52.129 55.1749 52.0003 84.3163 60.8763 51.9066 54.9873 54.3713 50.2032 81.5674 48.8378 47.9804
threshold=4.5000000000000009 0.75000000000000011 10474.500000000002 998473.50000000012 1.0000000180025095e-35 209854.00000000003 1098485.5000000002 3.0000000000000004 10125003001.500002 94603153.500000015 3.5000000000000004 72.500000000000014 1.5000000000000002 1.5000000000000002 4.5000000000000009 1.5000000000000002 5.7500000000000009 47730.000000000007 179231.50000000003 3015830011.5000005 2005.5000000000002 5.5000000000000009 1101.5000000000002 16568320.000000002 62730.000000000007 0.87500000000000011 194792.00000000003 3.7200000000000002 0.95367803020462472 20.510000000000002 76.500000000000014 2325600.5000000005 36.500000000000007 21770163.000000004 18540000.000000004 1527.5000000000002 3.5000000000000004 10001.500000000002 11.500000000000002 28.500000000000004 7.2500000000000009 1017865039.0000001 218831.00000000003 1011716.0000000001 2211.5000000000005 3523.0000000000005 266.50000000000006 295.50000000000006 246946.00000000003 102.50000000000001 4.5000000000000009 16.500000000000004 946.50000000000011 3.0000000000000004 1899.5000000000002 160.50000000000003 4.5000000000000009 3.0000000000000004 4049780032.5000005 4.5000000000000009 232425.00000000003 84450.000000000015 17602202.500000004
decision_type=10 10 10 10 8 10 10 2 10 10 8 8 2 2 10 2 8 10 10 8 2 10 2 10 10 10 10 10 2 10 10 10 2 10 10 2 8 10 10 2 8 10 10 10 2 10 10 10 8 10 10 10 10 2 2 2 8 2 8 8 10 10 10
left_child=4 2 9 18 7 6 17 29 22 15 12 21 -6 61 36 -2 20 -5 25 -8 38 31 -9 -16 -3 -4 27 51 -29 -1 62 -12 -23 34 -32 56 -13 -14 48 -40 41 -39 49 -18 -11 -10 59 -48 -17 -42 -44 52 -19 -38 -55 -56 57 -15 -59 -26 -61 -7 -31
right_child=1 24 3 5 10 13 19 8 45 44 11 14 37 35 23 16 43 26 -20 -21 -22 32 -24 -25 46 -27 -28 28 -30 30 33 -33 -34 -35 -36 -37 53 40 39 -41 42 -43 50 -45 -46 -47 47 -49 -50 -51 -52 -53 -54 54 55 -57 -58 58 -60 60 -62 -63 -64
leaf_value=0.0066605594920039904 0.0028428173153192773 -0.012193972098875357 0.016992065652685108 -0.0081046121186468707 0.036131649033443347 0.0014148954370840766 -0.067834197541412261 0.058816318686253255 -0.10724517577460833 -0.065507090698198503 0.037805861383676524 0.019259425646870672 -0.016627329263174034 -0.0056770591233446851 0.010081245604902506 -0.0076298661092051596 -0.010703003316583838 -0.0069496838253436848 0.0074559270919123937 -0.011641232713204143 0.0049379360632798011 0.051938244466270718 -0.0034463592682810931 -0.073210178099106987 0.012908759862550013 -0.00042798244262674118 0.0021927958648233358 0.009750078031793237 -0.10554932228156498 0.019981725575748299 0.016284123994639695 0.076279651239366822 -0.027492141439156098 0.052775604519993066 -0.037185160575374479 0.010167368049142768 0.0074454562471143607 0.0015861665791168326 -0.0038877908792509025 -0.023238325220821646 0.015326408925650051 -0.064524637181311836 0.022046247199636843 -0.023037906229612416 -0.023288897613039976 -0.038686874075369401 -0.036968140955182853 0.0070834078218721275 0.00045371289588774262 0.0013929566742296182 0.010009780500293122 -0.0025523860978283 -0.025382680785353422 -0.012511431810313037 0.046021310830245091 -0.0068455527443438769 0.02509918940719217 -0.070763948605112398 -0.01313507046141639 0.014094026855367701 0.062357640320148608 0.010419683188773118 0.034175586395612349
leaf_weight=369 845 163 258 4326 111 1777 26 28 21 38 84 705 128 2450 20 6008 889 759 3118 3005 544 21 74 24 688 3857 2312 24 21 350 1247 101 22 48 31 274 2394 1454 260 456 285 24 426 600 119 22 28 1237 849 1742 1390 3544 181 42 107 24 48 23 41 80 52 780 553
leaf_count=369 845 163 258 4326 111 1777 26 28 21 38 84 705 128 2450 20 6008 889 759 3118 3005 544 21 74 24 688 3857 2312 24 21 350 1247 101 22 48 31 274 2394 1454 260 456 285 24 426 600 119 22 28 1237 849 1742 1390 3544 181 42 107 24 48 23 41 80 52 780 553
internal_value=0 -0.00314207 -0.00383811 -0.0023522 0.0106789 -0.0045468 -0.00617225 0.0176179 -0.011803 -0.00759544 0.00858821 0.0128237 0.00588846 -0.000267506 0.0102779 -0.00720618 -0.00809015 -0.004557 0.00359198 -0.0121233 -0.00669906 0.0498501 0.0136454 -0.0353504 0.00844786 0.00066421 -0.00231363 -0.0046141 -0.0440563 0.0192599 0.0213457 0.0588105 0.0112994 0.016355 0.0149871 -0.00426103 0.0108914 0.00527239 -0.007535 -0.0162116 0.0057992 0.000512649 0.00783238 -0.0156734 -0.0335073 -0.0721688 0.0100616 0.00610835 -0.006629 0.00335203 0.0128333 -0.00421827 -0.010499 0.00859327 0.0244769 0.0363358 -0.00580411 -0.00639415 -0.0338454 0.0161602 0.033107 0.00416176 0.0286741
internal_weight=0 39680 37432 26824 11847 19591 14198 2743 145 10608 9104 3544 5560 5393 3316 10451 9606 11167 7233 3031 8117 228 102 44 2248 4115 6841 4529 45 2598 2229 185 43 1326 1278 2836 3272 5449 7573 716 5321 1478 3843 1489 157 43 2085 1265 6857 2027 1816 4484 940 2567 173 131 2562 2514 64 820 132 2557 903
internal_count=51527 39680 37432 26824 11847 19591 14198 2743 145 10608 9104 3544 5560 5393 3316 10451 9606 11167 7233 3031 8117 228 102 44 2248 4115 6841 4529 45 2598 2229 185 43 1326 1278 2836 3272 5449 7573 716 5321 1478 3843 1489 157 43 2085 1265 6857 2027 1816 4484 940 2567 173 131 2562 2514 64 820 132 2557 903
is_linear=0
shrinkage=0.03


Tree=29
num_leaves=64
num_cat=0
split_feature=15 31 31 30 5 30 5 38 47 30 14 30 40 30 34 31 25 19 51 15 14 2 25 40 19 8 2 51 40 10 25 33 40 2 5 5 1 31 14 36 25 14 37 38 38 31 2 2 30 17 25 28 30 51 40 5 30 38 10 30 25 8 25
split_gain=1821.89 446.41 354.093 729.849 362.487 370.42 194.937 199.786 161.151 157.386 288.904 100.596 169.574 97.5566 96.3384 88.1472 86.3829 110.796 77.1777 74.3823 71.758 69.1095 79.4997 69.4832 68.912 91.3566 75.997 68.6852 184.617 65.2392 65.0598 68.2466 247.158 118.952 64.1146 167.138 125.578 117.265 102.678 134.948 88.1617 76.6785 73.777 141.4 67.8831 68.1449 70.8223 63.8374 60.9759 60.3327 59.263 58.1514 136.127 74.6659 61.8779 58.019 57.3304 56.4329 74.9802 55.8948 55.1057 50.5068 50.2354
threshold=4.5000000000000009 2304.5000000000005 1.0000000180025095e-35 63510.000000000007 1999.5000000000002 101730.00000000001 1946.5000000000002 235053.00000000003 3049950.5000000005 52650.000000000007 1546.0000000000002 1694029.0000000002 5024011101.000001 35850.000000000007 6.2500000000000009 2229085.0000000005 7.7500000000000009 7750.0000000000009 0.68494644048126652 15.500000000000002 2002.5000000000002 278.50000000000006 9.7500000000000018 4017570047.0000005 4150.0000000000009 4.5000000000000009 1007.5000000000001 0.92740838998300168 3013335011.0000005 1114.5000000000002 46.500000000000007 14.500000000000002 1010040507.0000001 1002.5000000000001 1947.5000000000002 1944.5000000000002 5305.5000000000009 27495.000000000004 1011.5000000000001 314.50000000000006 2.2900000000000005 2002.5000000000002 1041405.5000000001 189208.50000000003 187911.50000000003 4585.0000000000009 49.500000000000007 44.500000000000007 3531749.5000000005 10001.500000000002 47.500000000000007 2.5000000000000004 136770.00000000003 0.86051010677306972 3057435016.0000005 2011.5000000000002 5504400.0000000009 260312.50000000003 4864.5000000000009 1392525.0000000002 13.500000000000002 45.500000000000007 4.8750000000000009
decision_type=10 8 10 10 2 10 2 10 10 10 10 10 8 10 10 10 8 10 2 10 8 2 10 10 10 2 2 2 8 10 8 10 10 2 2 2 2 10 10 10 10 10 10 10 10 10 2 2 10 10 10 10 10 2 10 2 10 8 10 10 10 2 10
left_child=1 30 3 13 5 8 7 15 9 20 -11 51 -13 -2 -9 19 17 -3 61 -7 -4 -6 23 -23 25 29 49 60 -29 -18 31 -1 33 -33 35 37 38 42 -36 -40 -39 -41 44 -44 45 46 -10 -17 -24 -26 -27 52 53 -5 57 -28 -14 -53 -59 -56 -8 -15 -54
right_child=2 16 4 11 21 6 27 14 34 10 -12 12 56 18 -16 47 24 -19 -20 -21 -22 22 48 -25 26 50 55 28 -30 -31 -32 32 -34 -35 36 -37 -38 40 39 41 -42 -43 43 -45 -46 -47 -48 -49 -50 -51 -52 54 62 -55 59 -57 -58 58 -60 -61 -62 -63 -64
leaf_value=0.020029784810624372 -0.01110677062347494 0.00096002972171428138 0.0056935614054756511 0.0047086922710994064 0.021154416439676423 0.0044528537535624465 -0.012201984633436703 -0.021288328381255935 -0.011197887986898421 -0.17229580301504868 -0.034576906017188366 0.008603918676744959 0.035482416223421749 0.00043396157412832465 -0.0010495282799437471 0.055575411440804599 0.058452006919043398 -0.06851109703204461 -0.0069523251272609306 -0.0050881314334461558 -0.067667518747704367 0.0019694045776562389 -0.041313359415158624 -0.012356965596960609 -0.020817723416537044 0.0096347917303400508 0.0088774950262718588 -0.11017603661703027 -0.015639951833206968 0.019603749601380761 0.032124968572264358 0.085289037398993975 -0.074717918504029507 0.0065756465878894941 0.0076662234815635848 -0.11747087560594081 0.0051255986757804536 -0.038363244101843406 0.0029936726391315456 -0.11295241937041282 -0.11774187996983528 -0.046087541073899375 0.0069751482249961957 -0.082335621900856484 0.015409023971720174 -0.0036535179681231964 -0.088388005501550182 0.0089775114571515914 0.011809975546744898 0.0030148993021048326 -0.03772830680012703 0.0026264987573086642 0.010283054965371586 -0.0037113066304599656 -0.0092617655044996208 0.035075277680460412 0.085151308250427243 -0.074690140429884186 0.0032418513958342374 -0.057134473677724597 -0.0048038310352855372 -0.004588427018222754 0.026414669101144872
leaf_weight=2437 2183 1281 28 4362 184 1109 4914 697 20 26 29 672 128 3421 304 28 42 21 5399 2183 21 1212 20 407 100 2552 2060 23 97 528 372 20 32 127 35 20 147 34 27 29 20 33 27 39 66 64 23 481 702 2172 24 1765 2030 1211 257 79 25 20 25 24 1111 3808 190
leaf_count=2437 2183 1281 28 4362 184 1109 4914 697 20 26 29 672 128 3421 304 28 42 21 5399 2183 21 1212 20 407 100 2552 2060 23 97 528 372 20 32 127 35 20 147 34 27 29 20 33 27 39 66 64 23 481 702 2172 24 1765 2030 1211 257 79 25 20 25 24 1111 3808 190
internal_value=0 0.0103585 -0.0030478 -0.00093682 -0.00685235 -0.00908841 -0.00774647 -0.00321781 -0.0304404 -0.0648463 -0.0996804 0.00502962 0.0150938 -0.00525082 -0.0151419 -7.758e-05 0.00697647 -0.000160472 -0.0042385 -0.00187399 -0.0257469 0.00345124 0.00205979 -0.0016321 0.00820609 0.0115983 0.00578671 -0.0112854 -0.0337594 0.0224663 0.0203859 0.0187166 0.000837511 0.017285 -0.0243133 -0.0335625 -0.0136306 -0.027835 -0.0358658 -0.0529852 -0.0677627 -0.077363 -0.0188137 -0.0457994 -0.00851856 -0.0232776 -0.0524856 0.0115409 0.0103384 0.00196593 0.00919352 0.00418958 0.00538154 0.00287905 -0.000252744 0.00984506 0.0435982 0.00178067 -0.0313946 -0.0133505 -0.0108378 -0.00221167 0.0116637
internal_weight=0 11847 39680 25520 14160 11635 10947 4802 688 104 55 10709 825 14811 1001 3801 8859 1302 12628 3292 49 2525 2341 1619 7557 3146 4411 6145 120 570 2988 2616 179 147 584 313 271 293 124 89 54 62 239 66 173 107 43 509 722 2272 2576 9884 7793 5573 2091 2139 153 1810 45 281 6025 7229 2220
internal_count=51527 11847 39680 25520 14160 11635 10947 4802 688 104 55 10709 825 14811 1001 3801 8859 1302 12628 3292 49 2525 2341 1619 7557 3146 4411 6145 120 570 2988 2616 179 147 584 313 271 293 124 89 54 62 239 66 173 107 43 509 722 2272 2576 9884 7793 5573 2091 2139 153 1810 45 281 6025 7229 2220
is_linear=0
shrinkage=0.03


Tree=30
num_leaves=64
num_cat=0
split_feature=15 31 33 31 30 30 5 31 31 30 28 5 6 30 31 5 30 22 30 47 38 40 6 29 6 51 30 30 19 29 31 30 31 31 9 29 19 7 40 2 31 43 32 2 30 9 29 51 9 5 7 2 5 30 29 13 2 30 6 2 39 6 51
split_gain=1649.18 432.794 343.212 381.741 545.289 269.68 240.14 159.348 188.941 145.459 148.057 143.297 169.057 136.356 109.957 144.432 90.2685 83.0447 77.6987 75.1691 72.7102 73.9378 73.7617 71.7016 78.0168 71.5478 70.8831 70.8576 142.774 69.8055 87.2745 187.007 90.9877 132.229 108.076 77.1935 64.9774 124.195 70.1744 63.1454 62.2455 61.1644 59.9088 59.5495 59.2613 58.9513 70.6559 62.6845 98.3551 58.5445 62.0703 57.9523 57.0982 74.1825 56.2838 65.906 54.6459 52.3642 50.5962 208.682 67.7044 49.7799 58.2967
threshold=3.5000000000000004 2304.5000000000005 0.75000000000000011 1.0000000180025095e-35 53850.000000000007 216930.00000000003 1990.5000000000002 4585.0000000000009 3533.5000000000005 93030.000000000015 3.5000000000000004 2000.5000000000002 3.0000000000000004 689625.00000000012 43902856.500000007 1946.5000000000002 195510.00000000003 4.5000000000000009 35850.000000000007 3043150.0000000005 260312.50000000003 3072800205.5000005 3.0000000000000004 20550.000000000004 1.5000000000000002 0.75450511171962653 5791499.0000000009 5941127.0000000009 7750.0000000000009 8249.0000000000018 22850.500000000004 46410.000000000007 30982.000000000004 40494.000000000007 1015.0000000000001 6570.0000000000009 4150.0000000000009 106.50000000000001 1000945501.0000001 737.50000000000011 224340.50000000003 33.500000000000007 4.330000000000001 26.500000000000004 43486875.000000007 137.50000000000003 19829.500000000004 0.83658584423032034 991.50000000000011 2006.5000000000002 102.50000000000001 14.500000000000002 1923.5000000000002 110144247.00000001 267075.00000000006 699.00000000000011 33.500000000000007 3531749.5000000005 3.0000000000000004 1002.5000000000001 41704.500000000007 3.0000000000000004 0.88789887592839567
decision_type=10 8 10 10 10 10 2 10 10 10 10 2 2 10 10 2 10 8 10 10 10 10 2 10 2 2 10 8 10 10 10 10 10 10 10 10 10 2 10 2 8 10 10 2 10 10 10 2 10 2 2 2 2 10 10 10 2 10 2 2 10 2 2
left_child=1 42 3 4 18 6 7 8 45 25 13 14 39 61 15 26 -4 44 -2 -14 21 -12 -23 -15 -25 -6 41 28 -3 35 51 -32 -33 34 -34 -9 37 -29 -38 -13 -39 -7 -1 -35 58 -5 47 48 -47 50 -40 -31 -44 -54 -19 57 -50 -56 60 -60 -18 62 -11
right_child=2 27 16 5 9 11 -8 29 -10 10 20 12 19 23 -16 -17 17 54 -20 -21 -22 22 -24 24 -26 -27 -28 36 -30 30 31 32 33 43 -36 -37 38 40 49 -41 -42 -43 52 -45 -46 46 -48 -49 56 -51 -52 -53 53 -55 55 -57 -58 -59 59 -61 -62 -63 -64
leaf_value=0.012660027964720771 -0.011329490281201086 0.0009617988771680496 -0.0047192902422310513 -0.086962226344780486 0.0018813532562387111 -0.011035626296350942 0.004455445537141541 -0.008621579634760004 -0.11564722501983245 0.012235253624858524 0.0028693234997050334 0.036326017370995348 0.012718112379312516 0.00022623820878410093 -0.027950747678408019 -0.010361043230717265 0.0096384243056768341 0.013980992384563943 -0.0050020591402265254 -0.04581214731836572 -0.038540430098100632 -0.0099757331248810192 -0.070320882998406872 -0.0025315563849590975 0.034967659427667643 -0.0045918599010742059 0.0038876012288036402 0.064870822280645363 -0.073058665383141486 -0.044668191460032876 -0.1029708941919463 0.007947493840509386 -0.1201586749761001 0.034632340925080433 -0.030882817151454776 -0.073821577224880461 0.001863986833906754 0.014886318407701134 0.020057688895258309 0.002449138581061128 0.0062615609337310545 -0.0021132426878312472 0.028170517042328036 -0.029269082689391712 0.019828246465233366 0.012907091251828453 -0.081351203235983841 -0.060441888836590019 -0.083490424431860444 0.023116936438792954 0.0053182847828051353 0.0034052408996381256 0.015443159961026678 0.037032721094109794 0.031323436471145778 0.0051137900152584395 -0.020646118853579868 0.072440528762340542 0.044661764814273308 -0.040384602442202044 -0.014411057975080053 -0.0030179030705526797 0.0029997089347966453
leaf_weight=761 2161 1028 392 22 5375 1081 212 26 36 1798 1835 51 25 90 241 6075 983 217 9109 94 43 206 20 58 359 2152 1002 38 24 26 28 67 23 21 26 44 2468 1415 302 1706 1610 1919 909 35 305 55 25 37 20 242 1731 171 1086 165 63 41 33 50 38 82 118 345 935
leaf_count=761 2161 1028 392 22 5375 1081 212 26 36 1798 1835 51 25 90 241 6075 983 217 9109 94 43 206 20 58 359 2152 1002 38 24 26 28 67 23 21 26 44 2468 1415 302 1706 1610 1919 909 35 305 55 25 37 20 242 1731 171 1086 165 63 41 33 50 38 82 118 345 935
internal_value=0 0.00988425 -0.00289195 -0.00357878 -0.00136732 -0.00771205 -0.0234941 -0.0320197 -0.0525782 0.00276684 0.00638706 -0.00653817 0.00108874 0.0100947 -0.00792488 -0.00744594 0.00838631 0.0110945 -0.00621533 -0.0335159 6.96537e-05 0.000875201 -0.015316 0.0245107 0.0297519 3.06352e-05 -0.00302085 0.00658203 -0.000726881 -0.0219825 -0.0171121 -0.0310722 -0.0193678 -0.0367975 -0.0727878 -0.0496044 0.00756704 0.010973 0.00536749 0.00343247 0.010296 -0.00532827 0.0198983 -0.00530605 0.00799954 -0.0407528 -0.0347728 -0.026742 -0.0151967 0.00916821 0.00750781 -0.00293948 0.0224485 0.0182907 0.0238246 0.0376952 -0.044361 0.0495168 0.00504478 -0.0134533 0.00706091 0.00772012 0.00907564
internal_weight=0 11779 39876 37587 24486 13101 907 695 228 13216 5689 12194 1876 3585 10318 10077 2289 1897 11270 119 2104 2061 226 507 417 7527 4002 8858 1052 467 397 200 172 105 49 70 7806 3063 4743 1757 3025 3000 2921 56 1526 192 170 145 108 2275 2033 197 2160 1251 371 154 53 113 1221 120 1101 3078 2733
internal_count=51655 11779 39876 37587 24486 13101 907 695 228 13216 5689 12194 1876 3585 10318 10077 2289 1897 11270 119 2104 2061 226 507 417 7527 4002 8858 1052 467 397 200 172 105 49 70 7806 3063 4743 1757 3025 3000 2921 56 1526 192 170 145 108 2275 2033 197 2160 1251 371 154 53 113 1221 120 1101 3078 2733
is_linear=0
shrinkage=0.03


end of trees

feature_importances:
assesstot=254
exempttot=231
TAX_CLASS_AT_TIME_OF_SALE=106
LOT=96
assessland=84
district_ideology=79
landuse=78
YEAR_BUILT=73
appbbl=65
numfloors=58
xcoord=55
taxmap=54
ycoord=46
cb2010=45
Tax_lot=43
healtharea=42
census_tract_2010=40
BLOCK=39
ZIP_CODE=39
Tax_block=39
bsmtcode=36
Census_Tract_2020=35
Council_District=28
postcode=28
policeprct=27
lottype=26
schooldist=25
commfar=23
sanitdistrict=23
tract2010=21
bct2020=20
Community_Board=19
healthcenterdistrict=15
bctcb2020=15
facilfar=14
residfar=12
council_district=10
BOROUGH=3
community_board=3
proxcode=3
COUNCIL_DISTRICT=1

parameters:
[boosting: gbdt]
[objective: regression]
[metric: l2]
[tree_learner: serial]
[device_type: cpu]
[data_sample_strategy: bagging]
[data: ]
[valid: ]
[num_iterations: 1500]
[learning_rate: 0.03]
[num_leaves: 64]
[num_threads: 0]
[seed: 42]
[deterministic: 0]
[force_col_wise: 0]
[force_row_wise: 0]
[histogram_pool_size: -1]
[max_depth: -1]
[min_data_in_leaf: 20]
[min_sum_hessian_in_leaf: 0.001]
[bagging_fraction: 0.85]
[pos_bagging_fraction: 1]
[neg_bagging_fraction: 1]
[bagging_freq: 5]
[bagging_seed: 400]
[feature_fraction: 0.85]
[feature_fraction_bynode: 1]
[feature_fraction_seed: 30056]
[extra_trees: 0]
[extra_seed: 12879]
[early_stopping_round: 0]
[early_stopping_min_delta: 0]
[first_metric_only: 0]
[max_delta_step: 0]
[lambda_l1: 0]
[lambda_l2: 0]
[linear_lambda: 0]
[min_gain_to_split: 0]
[drop_rate: 0.1]
[max_drop: 50]
[skip_drop: 0.5]
[xgboost_dart_mode: 0]
[uniform_drop: 0]
[drop_seed: 17869]
[top_rate: 0.2]
[other_rate: 0.1]
[min_data_per_group: 100]
[max_cat_threshold: 32]
[cat_l2: 10]
[cat_smooth: 10]
[max_cat_to_onehot: 4]
[top_k: 20]
[monotone_constraints: ]
[monotone_constraints_method: basic]
[monotone_penalty: 0]
[feature_contri: ]
[forcedsplits_filename: ]
[refit_decay_rate: 0.9]
[cegb_tradeoff: 1]
[cegb_penalty_split: 0]
[cegb_penalty_feature_lazy: ]
[cegb_penalty_feature_coupled: ]
[path_smooth: 0]
[interaction_constraints: ]
[verbosity: -1]
[saved_feature_importance_type: 0]
[use_quantized_grad: 0]
[num_grad_quant_bins: 4]
[quant_train_renew_leaf: 0]
[stochastic_rounding: 1]
[linear_tree: 0]
[max_bin: 255]
[max_bin_by_feature: ]
[min_data_in_bin: 3]
[bin_construct_sample_cnt: 200000]
[data_random_seed: 175]
[is_enable_sparse: 1]
[enable_bundle: 1]
[use_missing: 1]
[zero_as_missing: 0]
[feature_pre_filter: 1]
[pre_partition: 0]
[two_round: 0]
[header: 0]
[label_column: ]
[weight_column: ]
[group_column: ]
[ignore_column: ]
[categorical_feature: ]
[forcedbins_filename: ]
[precise_float_parser: 0]
[parser_config_file: ]
[objective_seed: 16083]
[num_class: 1]
[is_unbalance: 0]
[scale_pos_weight: 1]
[sigmoid: 1]
[boost_from_average: 1]
[reg_sqrt: 0]
[alpha: 0.9]
[fair_c: 1]
[poisson_max_delta_step: 0.7]
[tweedie_variance_power: 1.5]
[lambdarank_truncation_level: 30]
[lambdarank_norm: 1]
[label_gain: ]
[lambdarank_position_bias_regularization: 0]
[eval_at: ]
[multi_error_top_k: 1]
[auc_mu_weights: ]
[num_machines: 1]
[local_listen_port: 12400]
[time_out: 120]
[machine_list_filename: ]
[machines: ]
[gpu_platform_id: -1]
[gpu_device_id: -1]
[gpu_use_dp: 0]
[num_gpu: 1]

end of parameters

pandas_categorical:[]
