tree
version=v4
num_class=1
num_tree_per_iteration=1
label_index=0
max_feature_idx=47
objective=regression
feature_names=BOROUGH EASE-MENT ZIP_CODE YEAR_BUILT TAX_CLASS_AT_TIME_OF_SALE Community_Board Council_District Census_Tract_2020 Tax_block Tax_lot community_board census_tract_2010 cb2010 schooldist council_district postcode policeprct healtharea sanitboro spdist3 landuse easements areasource numfloors proxcode lottype bsmtcode assessland assesstot exempttot yearbuilt residfar commfar facilfar borocode tract2010 taxmap appbbl plutomapid sanitdistrict healthcenterdistrict firm07_flag pfirm15_flag notes bct2020 bctcb2020 geom COUNCIL_DISTRICT
feature_infos=[1:5] none [0:11697] [0:2017] [1:4] [101:503] [1:51] [1:157903] [1:16350] [1:7529] [101:503] [1:1621] [2:9000] [1:32] [1:51] [10001:11697] [1:123] [100:9300] [1:5] none [1:11] [0:3] [0:7] [1:90] [0:3] [0:9] [0:5] [0:135900000] [0:794395096] [0:699286050] [0:2025] [0:15] [0:15] [0:15] [1:5] [1:157903] [1:53203] [1000050001:5080460094] [1:4] [1:83] [11:51] [1:1] [1:1] none [1000202:5032300] [10002021002:50323001022] none [1:51]
tree_sizes=5535 5870 5883 5874 5871 5911 5916 5876 5851 5887 5925 5872 5884 5903 5906 5899 5869 5867 5886 5874 5917 5905 5831 5883 5884 5902 5903 5932 5903 5902 5899 5909 5889 5920 5920 5853 5921 5919 5897 5842 5924 5887 5935 5886 5881 5889 5877 5895 5852 5867 5910 5892 5899 5893 5874 5890

Tree=0
num_leaves=64
num_cat=0
split_feature=16 29 28 30 27 29 14 37 28 8 28 5 28 9 4 36 30 9 28 27 9 12 28 29 29 28 29 30 6 28 15 26 13 13 4 12 40 40 29 28 36 17 31 5 6 23 35 23 28 8 26 28 28 37 8 4 9 9 28 44 2 23 39
split_gain=18743 3733.09 7799.96 3122.77 2257.7 2779.79 3036.69 5384.17 2153.49 1541.1 1349.05 1204.66 1082.58 1416.53 979.143 870.207 814.074 748.898 604.02 570.38 694.299 537.019 494.779 437.816 441.687 418.971 592.343 403.453 397.498 387.716 370.625 416.395 356.466 337.761 334.067 326.595 323.195 330.803 306.597 296.834 278.981 257.827 252.158 251.879 247.23 243.596 239.52 226.917 225.656 213.31 192.408 356.556 175.152 170.893 170.818 170.28 588.233 159.728 254.455 159.156 158.264 157.794 153.211
threshold=33.500000000000007 1.0000000180025095e-35 73710.000000000015 2001.5000000000002 68436459.000000015 1.0000000180025095e-35 5.5000000000000009 1010410019.0000001 106290.00000000001 2371.5000000000005 44550.000000000007 308.50000000000006 591303.50000000012 5918.5000000000009 3.0000000000000004 21701.500000000004 1949.5000000000002 7501.5000000000009 5846176.0000000009 1935908.0000000002 5918.5000000000009 4041.0000000000005 1375425.0000000002 1460.0000000000002 28305.000000000004 58950.000000000007 38085.500000000007 2005.5000000000002 7.5000000000000009 5987921.0000000009 10001.500000000002 1.0000000180025095e-35 19.500000000000004 26.500000000000004 3.0000000000000004 3526.5000000000005 33.500000000000007 31.500000000000004 6853.0000000000009 36090.000000000007 31808.500000000004 2215.0000000000005 6.7700000000000005 407.50000000000006 25.500000000000004 10.250000000000002 815.00000000000011 64.000000000000014 5005486.0000000009 12141.000000000002 2.5000000000000004 129750.00000000001 903599.50000000012 3009740019.0000005 3044.5000000000005 3.0000000000000004 5918.5000000000009 604.50000000000011 903599.50000000012 2009301.5000000002 10021.500000000002 2.7750000000000004 4.5000000000000009
decision_type=10 10 8 10 10 10 8 8 10 10 10 2 8 10 2 10 10 10 10 10 10 10 8 10 10 10 10 10 2 10 10 10 10 10 2 10 10 10 10 10 10 10 10 2 2 8 10 8 8 10 10 10 10 10 10 2 10 8 10 10 2 10 10
left_child=4 2 10 8 5 6 35 16 23 11 39 -10 50 22 29 41 -8 -6 52 20 -16 -18 -14 36 -25 26 46 30 45 59 31 -20 -12 -34 54 47 37 -3 -32 -2 -27 -11 -29 62 -36 -9 -26 55 -24 61 51 -4 -7 -31 -15 -1 -57 58 -30 -5 -58 -38 -17
right_child=1 3 12 14 17 18 7 28 9 15 32 -13 13 34 19 43 21 -19 27 -21 -22 -23 48 24 25 40 -28 42 57 53 38 -33 33 -35 44 -37 49 -39 -40 -41 -42 -43 -44 -45 -46 -47 -48 -49 -50 -51 -52 -53 -54 -55 -56 56 60 -59 -60 -61 -62 -63 -64
leaf_value=13.23055948696228 13.152197320642472 13.089447368541952 13.184967477785809 13.128996846426666 13.244965954390297 13.158050693113195 12.924025325203212 13.21415448480416 13.184298980930445 13.123421273573696 13.163660175359547 13.15881432231458 13.212815892933913 13.195619462089043 13.190002719666973 13.183491903279519 13.242340339382476 13.074883579836243 13.125151837407707 13.214805140213695 13.107908069486752 13.107343625253137 13.23801853087266 13.144192637695738 12.918476004053284 13.026465883218032 13.160829611550362 13.194443181894753 13.206965506173677 13.215439599749079 13.218081791087746 13.203826925097465 13.17851115247278 13.169358720813767 13.212383696833811 13.215256544352338 13.123148603663283 12.976155889171082 13.194566678072265 13.161768763476092 13.137952250825974 13.152278716503661 13.222300989481033 13.149001997291222 13.123414798541152 13.247937729652778 13.04420701826327 13.260210690101003 13.289133992507441 13.042746872557816 13.179738855087944 13.19674987314457 13.183876183559974 13.190815464612815 13.173093340297418 13.284151170752432 13.218739339297953 13.197270146564286 13.268521391742532 13.178698860412155 13.134431804234913 13.048031332062294 13.157526485758998
leaf_weight=2939 4289 73 7132 59 27 258 21 435 2887 1138 4444 3958 1262 1422 126 211 28 170 143 83 351 502 533 815 25 23 26 453 281 300 519 105 6438 8317 37 938 371 34 12961 9110 166 369 825 4205 117 344 30 298 91 37 2646 3420 2817 1642 385 208 101 1155 77 3371 25 27 6662
leaf_count=2939 4289 73 7132 59 27 258 21 435 2887 1138 4444 3958 1262 1422 126 211 28 170 143 83 351 502 533 815 25 23 26 453 281 300 519 105 6438 8317 37 938 371 34 12961 9110 166 369 825 4205 117 344 30 298 91 37 2646 3420 2817 1642 385 208 101 1155 77 3371 25 27 6662
internal_value=13.1772 13.1697 13.1746 13.1607 13.1994 13.2001 13.2157 13.1914 13.1553 13.1581 13.166 13.1696 13.1911 13.2051 13.18 13.1519 13.1072 13.0982 13.1938 13.1422 13.1296 13.1145 13.2236 13.1222 13.1332 13.0999 13.0428 13.1963 13.2117 13.1839 13.1948 13.1585 13.1711 13.1734 13.1872 13.231 13.1002 13.0534 13.1955 13.1587 13.1244 13.1305 13.2124 13.1548 13.1448 13.2291 12.9871 13.2351 13.2455 13.1116 13.187 13.1888 13.1817 13.1946 13.1908 13.2329 13.2532 13.2027 13.2202 13.1778 13.202 13.1181 13.1583
internal_weight=0 76632 49643 26989 25630 25433 7352 2843 21057 19430 32598 6845 17045 3847 5932 12585 551 197 18081 560 477 530 1886 1627 1085 270 81 15006 2292 5372 13728 248 19199 14755 1961 4509 542 107 13480 13399 189 1507 1278 11078 154 779 55 3571 624 435 13198 10552 3075 1942 1807 3273 334 1513 358 3430 126 398 6873
internal_count=102262 76632 49643 26989 25630 25433 7352 2843 21057 19430 32598 6845 17045 3847 5932 12585 551 197 18081 560 477 530 1886 1627 1085 270 81 15006 2292 5372 13728 248 19199 14755 1961 4509 542 107 13480 13399 189 1507 1278 11078 154 779 55 3571 624 435 13198 10552 3075 1942 1807 3273 334 1513 358 3430 126 398 6873
is_linear=0
shrinkage=1


Tree=1
num_leaves=64
num_cat=0
split_feature=16 29 27 30 20 11 29 8 5 29 24 4 27 27 25 4 23 27 15 30 23 30 5 4 15 29 44 5 27 29 23 30 27 44 7 8 2 6 27 29 24 27 30 20 3 8 6 39 45 23 40 29 4 20 3 39 23 25 17 29 32 5 27
split_gain=17635.3 3512.47 5258.31 2938.21 2435.17 5911.07 4549.95 1768.3 1296.69 1187.81 967.189 921.276 851.221 775.849 759.742 594.431 592.611 536.671 523.533 491.152 407.286 399.365 426.159 402.461 388.219 366.441 346.776 342.221 333.892 326.079 295.469 294.893 315.842 285.503 312.519 284.245 272.385 250.889 247.145 240.717 237.723 232.777 221.935 221.309 219.633 217.516 210.391 204.1 200.58 196.424 195.389 205.62 172.827 400.965 172.391 171.908 171.78 166.821 199.406 165.826 165.562 164.064 163.352
threshold=33.500000000000007 1.0000000180025095e-35 19223.500000000004 2001.5000000000002 4.5000000000000009 130.50000000000003 1.0000000180025095e-35 2371.5000000000005 308.50000000000006 1460.0000000000002 1.0000000180025095e-35 3.0000000000000004 13350.000000000002 164252.50000000003 2.5000000000000004 1.5000000000000002 7.2500000000000009 1935908.0000000002 10470.500000000002 2016.5000000000002 13.500000000000002 2005.5000000000002 109.50000000000001 3.0000000000000004 10001.500000000002 16571411.500000002 3080100.0000000005 411.50000000000006 16634.500000000004 2036003.5000000002 8.2500000000000018 2001.5000000000002 387855.00000000006 4062950.0000000005 681.00000000000011 11445.000000000002 11398.000000000002 12.500000000000002 8310.0000000000018 39957.500000000007 1.5000000000000002 5612648.5000000009 2012.5000000000002 4.5000000000000009 1899.5000000000002 1427.5000000000002 30.500000000000004 11.500000000000002 50156012008.500008 3.8750000000000004 33.500000000000007 42913.000000000007 3.0000000000000004 4.5000000000000009 1961.5000000000002 15.500000000000002 64.000000000000014 1.0000000180025095e-35 4150.0000000000009 5620313.0000000009 3.7000000000000006 311.50000000000006 223201.50000000003
decision_type=10 10 8 10 10 10 8 10 2 10 10 2 10 8 10 2 8 10 10 10 8 8 2 2 10 10 10 2 10 10 10 10 8 10 10 10 2 2 10 10 10 8 10 10 2 10 2 10 10 10 10 10 2 10 2 10 8 10 10 10 10 2 10
left_child=4 2 12 7 6 40 20 8 -3 33 14 30 15 26 -7 38 45 19 29 43 60 23 41 24 25 -18 -4 55 -10 -11 -5 32 -15 34 35 61 -20 -31 54 -26 -6 -23 52 -13 -12 -8 -28 -40 -35 -16 51 -30 -33 -54 -2 -14 -22 -41 -59 -47 -1 -9 -21
right_child=1 3 13 11 5 10 16 9 28 18 44 17 27 31 49 -17 21 -19 36 62 56 22 -24 -25 39 -27 46 -29 50 37 -32 42 -34 48 -36 -37 -38 -39 47 57 -42 -43 -44 -45 -46 59 -48 -49 -50 -51 -52 -53 53 -55 -56 -57 -58 58 -60 -61 -62 -63 -64
leaf_value=0.03640408121611495 -0.022071685590464643 0.0063929385669607439 0.015256397156649278 0.0020199171899710371 0.05653282463161842 -0.2604575700759888 0.011161811718491529 -0.095875705235766398 -0.060780007827520501 -0.032087483870735213 -0.028497406073978968 -0.067670267145058402 0.0032620748643813887 0.032447908004043242 0.011410123450623359 0.010631004021508522 0.027322001342069017 0.036478484165237607 -0.020136770425271313 -0.025947128145760574 0.054017860531495876 0.032044063367865333 0.018165236087764047 -0.02931375499029296 0.02711616780417692 -0.050485221522671361 0.0091494248886978772 -0.0098633877804297724 -0.15023622249998153 -0.159480573790414 0.017536704212671655 0.014395146163526556 0.070937823775420836 -0.028838438727022086 -0.14229866282943684 -0.16837987446784972 -0.032516361994806488 -0.053689848640462536 -0.0080417461442496719 0.02670252749129999 0.1046941241989662 0.059427669636789977 0.033733896387367041 0.015913014161896201 0.078983376560394059 -0.0025326033548497824 -0.0043130247691786951 -0.014631739415390253 -0.10423922700528056 -0.075929276201243928 -0.017145646524761853 -0.032425489604473112 -0.072082194245674386 0.054730631253298592 -0.0121439098790211 -0.011007388934980348 0.077738095928147011 0.020861691631704954 0.011647289824905859 -0.071687582493759686 0.051764516723406026 -0.039981875376328822 0.054562658709473903
leaf_weight=2263 3361 2908 6247 3818 230 20 2282 76 171 2557 28 355 7309 766 24 1060 88 83 8434 43 1982 659 1220 166 2328 143 2949 3150 20 21 1554 479 256 154 79 25 1974 514 11215 1253 154 485 533 31 44 1259 1618 6791 40 674 3919 40 66 34 2961 848 319 3338 5763 32 876 125 48
leaf_count=2263 3361 2908 6247 3818 230 20 2282 76 171 2557 28 355 7309 766 24 1060 88 83 8434 43 1982 659 1220 166 2328 143 2949 3150 20 21 1554 479 256 154 79 25 1974 514 11215 1253 154 485 533 31 44 1259 1618 6791 40 674 3919 40 66 34 2961 848 319 3338 5763 32 876 125 48
internal_value=0 -0.0072473 -0.00251157 -0.0159581 0.0214996 -0.020706 0.0235256 -0.0212119 -0.0089683 -0.0273848 -0.0676384 0.00269141 -0.00831138 0.0139252 -0.0781499 -0.0113607 0.0166046 -0.0339262 -0.0257048 -0.0461769 0.0477188 0.019152 0.0304996 0.0171009 0.0176976 -0.0208444 0.010663 -0.00146471 -0.0197323 -0.0365438 0.00650858 0.0304564 0.0420892 -0.0728378 -0.0909357 -0.0729813 -0.0224847 -0.0578424 -0.0123189 0.0183997 0.0758475 0.0436534 0.0197652 -0.0609576 0.0371853 0.00559438 0.00437994 -0.0105272 -0.044385 -0.0729262 -0.0179682 -0.0716957 0.0069062 -0.0289658 -0.0174219 0.00177862 0.0573063 0.0164398 0.0150269 -0.00424675 0.0406907 -0.0611159 0.0165196
internal_weight=0 76632 49643 26989 25630 1174 24456 21057 7058 13999 790 5932 36695 12948 718 25388 19016 560 13500 477 5440 15443 2364 13079 12913 231 10814 11307 4150 3092 5372 2134 1022 499 305 226 10408 535 24328 12682 384 1144 1112 386 72 3573 4567 18006 194 698 3979 60 579 100 6322 8157 2301 10354 9101 1291 3139 201 91
internal_count=102262 76632 49643 26989 25630 1174 24456 21057 7058 13999 790 5932 36695 12948 718 25388 19016 560 13500 477 5440 15443 2364 13079 12913 231 10814 11307 4150 3092 5372 2134 1022 499 305 226 10408 535 24328 12682 384 1144 1112 386 72 3573 4567 18006 194 698 3979 60 579 100 6322 8157 2301 10354 9101 1291 3139 201 91
is_linear=0
shrinkage=0.03


Tree=2
num_leaves=64
num_cat=0
split_feature=16 29 28 30 20 37 29 28 36 28 28 9 30 4 14 14 28 27 9 28 37 30 45 3 28 5 36 23 28 29 29 29 7 31 4 28 4 29 20 36 28 28 29 36 17 25 28 29 28 28 44 6 27 25 12 37 7 33 33 36 44 6 9
split_gain=16593.1 3304.88 7004.15 2764.57 2291.25 5578.97 4281.04 1941.22 1287.03 1270.71 935.331 1313.06 892.907 866.828 628.76 619.017 562.59 504.953 615.949 449.778 416.231 415.778 396.52 380.973 351.192 345.785 329.647 326.74 385.747 326.289 326.278 332.156 315.462 310.646 307.959 303.369 302.154 296.093 291.879 285.465 276.822 258.655 252.327 236.228 219.498 252.21 216.749 212.884 375.971 206.72 200.713 197.391 171.005 170.931 163.935 160.568 160.501 158.552 265.064 151.384 150.421 147.042 193.525
threshold=33.500000000000007 1.0000000180025095e-35 74910.000000000015 2001.5000000000002 4.5000000000000009 1010045021.0000001 1.0000000180025095e-35 106290.00000000001 10403.500000000002 44550.000000000007 591303.50000000012 5918.5000000000009 1939.5000000000002 3.0000000000000004 32.500000000000007 39.500000000000007 5846176.0000000009 1935908.0000000002 5918.5000000000009 1375425.0000000002 1015165013.5000001 2005.5000000000002 40515502002.500008 2006.5000000000002 5987921.0000000009 109.50000000000001 31601.500000000004 13.500000000000002 104791942.50000001 100673221.50000001 1460.0000000000002 28305.000000000004 681.00000000000011 9.5000000000000018 3.0000000000000004 26378775.000000004 3.0000000000000004 9158.0000000000018 3.5000000000000004 44002.500000000007 36090.000000000007 46218150.000000007 285847.00000000006 10515.500000000002 4150.0000000000009 1.0000000180025095e-35 61951975.500000007 42913.000000000007 59490.000000000007 5005486.0000000009 1001950.0000000001 4.5000000000000009 1395000.5000000002 4.5000000000000009 2006.5000000000002 3009740019.0000005 50.500000000000007 4.330000000000001 4.7300000000000013 44152.500000000007 2013250.0000000002 44.500000000000007 70.500000000000014
decision_type=10 10 8 10 10 10 8 10 10 10 8 10 10 2 10 10 8 10 10 8 10 8 10 2 10 2 10 8 10 10 10 10 10 10 2 10 2 10 8 10 10 10 10 8 10 10 10 10 10 8 10 2 10 10 10 10 10 10 10 10 10 2 10
left_child=4 2 9 7 6 33 20 22 23 40 57 19 14 24 46 -16 52 18 -15 -12 35 29 30 -7 60 43 -11 28 59 34 32 -32 61 -6 37 -1 56 -18 -38 -28 -2 -36 -43 -23 51 -46 -9 48 -33 -21 -37 -39 -8 -10 -34 -26 -13 -4 -59 -14 -5 62 -3
right_child=1 3 10 13 5 8 16 12 53 26 11 36 27 17 15 -17 21 -19 -20 49 -22 25 -24 -25 55 -27 39 -29 -30 -31 31 47 54 -35 41 50 38 44 -40 -41 -42 42 -44 -45 45 -47 -48 -49 -50 -51 -52 -53 -54 -55 -56 -57 -58 58 -60 -61 -62 -63 -64
leaf_value=0.044235006684589857 -0.023845696717474059 -0.072626600666120242 0.011136173934474105 -0.041193569112066668 0.055520352176004546 -0.11554950086360281 0.0050063007478335485 -0.016344947514818679 0.047753050305168417 -0.012716858972515442 0.033967408796055788 0.032606022672246625 -0.022039714565153114 0.012107214156292772 0.010801818041514533 -0.016811419801306775 0.0357619081448943 0.035384128765169394 -0.065216750707755927 0.057969152094974524 0.023275167252563424 0.036223766240263633 -0.038374248385933028 -0.065481306699464517 0.03668883929029107 0.018378344102094143 0.00029131163839577541 -0.012190413418155039 -0.066005265539398006 -0.04823387488297054 -0.036564572740164558 -0.20744404589571058 -0.17195778806494283 0.11265244310552423 0.023996472414582967 0.037830952680874677 -0.082125445956089449 0.034231533957878126 0.0023200508062126896 -0.0079940185058753506 -0.014602541632613774 -0.013787552175983306 -0.10836059714472571 0.075457466904306783 0.026551419582973846 0.011217481352788666 -0.047281109089274041 -0.044572589686140418 -0.07310630668904633 0.10689293283436979 0.065861751095151841 0.018368836572870039 -0.066973736047977572 -0.021299614459276198 -0.073670273763792857 0.012820178250169699 0.0086415830851863957 -0.092672829484710326 0.0036356878586021198 -0.031758436948698919 0.0014873244138350185 -0.023958085788679976 -0.16029693107017212
leaf_weight=3323 4289 141 10393 76 193 188 3019 2371 85 4483 1262 302 9308 126 2038 1139 732 83 351 533 626 1010 878 502 300 1141 8281 2448 196 70 332 30 56 154 64 284 61 885 93 6829 9110 62 43 160 1115 7194 223 50 50 91 1207 3491 30 52 21 1642 1505 26 2385 1707 3354 42 27
leaf_count=3323 4289 141 10393 76 193 188 3019 2371 85 4483 1262 302 9308 126 2038 1139 732 83 351 533 626 1010 878 502 300 1141 8281 2448 196 70 332 30 56 154 64 284 61 885 93 6829 9110 62 43 160 1115 7194 223 50 50 91 1207 3491 30 52 21 1642 1505 26 2385 1707 3354 42 27
internal_value=0 -0.00702988 -0.00243623 -0.0154794 0.0208546 -0.0200848 0.0228199 -0.0205755 -0.0624468 -0.0104417 0.0134256 0.0263973 -0.0179397 0.00261067 -0.00804569 0.000902077 0.0161065 -0.0329084 -0.0447916 0.0442692 0.0462872 0.0183613 -0.0520532 -0.0791231 0.00631332 0.0301293 -0.00557283 -0.02212 -0.0242881 0.0163699 -0.0680881 -0.052482 -0.0932102 0.0808758 0.0167027 0.0492796 0.00920893 0.0172096 -0.0311291 -0.00345326 -0.0175613 -0.0235418 -0.0525175 0.0415891 0.0161391 0.0132752 -0.0190045 -0.0931328 -0.123483 0.0651039 0.0605226 0.0215769 0.00429807 0.0215433 -0.145152 0.0165074 0.0126467 0.00952826 0.00259711 -0.0235458 0.000541625 -0.0741648 -0.0867165
internal_weight=0 76632 49643 26989 25630 1174 24456 21057 827 32992 16651 3847 19430 5932 5771 3177 19016 560 477 1886 5440 15967 1627 690 5372 2311 19593 13659 11211 13656 749 462 287 347 13586 4814 1961 13417 154 15110 13399 169 105 1170 12685 8309 2594 130 80 624 1491 4376 3049 137 77 1942 1807 12804 2411 11015 3430 210 168
internal_count=102262 76632 49643 26989 25630 1174 24456 21057 827 32992 16651 3847 19430 5932 5771 3177 19016 560 477 1886 5440 15967 1627 690 5372 2311 19593 13659 11211 13656 749 462 287 347 13586 4814 1961 13417 154 15110 13399 169 105 1170 12685 8309 2594 130 80 624 1491 4376 3049 137 77 1942 1807 12804 2411 11015 3430 210 168
is_linear=0
shrinkage=0.03


Tree=3
num_leaves=64
num_cat=0
split_feature=16 29 28 30 20 11 29 28 8 28 5 28 9 24 4 36 25 23 27 26 28 45 23 9 30 5 4 15 26 28 13 29 29 7 13 4 20 28 17 13 29 5 27 8 29 28 3 28 26 28 9 3 28 29 28 11 29 8 12 3 20 2 4
split_gain=15612.4 3109.56 6592.36 2601.18 2155.84 5245.36 4028.03 1826.5 1312.19 1157.21 1017.53 911.536 1235.46 857.602 815.599 767.786 708.692 533.117 475.111 581.997 423.196 373.086 367.355 360.232 353.153 377.926 358.326 352.638 335.799 330.437 314.713 306.995 312.526 296.818 294.679 284.296 274.629 260.461 227.194 220.118 219.805 219.114 215.684 202.441 200.302 353.751 195.804 194.502 183.742 322.509 181.457 223.89 171.721 237.414 160.352 156.762 155.897 155.372 154.246 154.167 153.968 153.261 159.685
threshold=33.500000000000007 1.0000000180025095e-35 73710.000000000015 2001.5000000000002 4.5000000000000009 130.50000000000003 1.0000000180025095e-35 106290.00000000001 2371.5000000000005 44550.000000000007 308.50000000000006 591303.50000000012 5918.5000000000009 1.0000000180025095e-35 3.0000000000000004 21701.500000000004 2.5000000000000004 7.2500000000000009 1935908.0000000002 4.5000000000000009 1375425.0000000002 40515502002.500008 13.500000000000002 79.500000000000014 2005.5000000000002 109.50000000000001 3.0000000000000004 10001.500000000002 1.0000000180025095e-35 5987921.0000000009 19.500000000000004 1460.0000000000002 28305.000000000004 681.00000000000011 26.500000000000004 3.0000000000000004 3.5000000000000004 36090.000000000007 2215.0000000000005 27.500000000000004 39957.500000000007 407.50000000000006 5612648.5000000009 1427.5000000000002 42913.000000000007 59490.000000000007 1899.5000000000002 5005486.0000000009 2.5000000000000004 129750.00000000001 110.50000000000001 1949.5000000000002 46218150.000000007 285847.00000000006 110718604.50000001 76.500000000000014 5620313.0000000009 3044.5000000000005 2006.5000000000002 1984.5000000000002 1.5000000000000002 10467.500000000002 3.0000000000000004
decision_type=10 10 8 10 10 10 8 10 10 10 2 8 10 10 2 10 10 8 10 10 8 10 8 10 8 2 2 10 10 10 10 10 10 10 10 2 8 10 10 10 10 2 8 10 10 10 2 8 10 10 10 2 10 10 10 8 10 10 10 2 10 2 2
left_child=4 2 9 7 6 23 22 21 10 37 -9 48 20 16 29 38 -7 43 19 -16 -13 31 55 -6 26 42 27 28 -19 -5 -11 33 -33 -3 -32 57 -37 -2 -10 -23 -29 -17 -26 -8 45 -34 -15 -22 49 -4 51 -18 -28 -54 -24 -1 -45 -14 -35 -41 -51 -27 -63
right_child=1 3 11 14 5 13 17 8 15 30 -12 12 35 46 18 41 50 24 -20 -21 47 39 54 -25 25 61 52 40 -30 -31 34 32 44 58 -36 36 -38 -39 -40 59 -42 -43 -44 56 -46 -47 -48 -49 -50 60 -52 -53 53 -55 -56 -57 -58 -59 -60 -61 -62 62 -64
leaf_value=0.047231480840099822 -0.023130325860940836 -0.071939853596908493 0.0071504967150492534 0.00052537658744262203 0.098623552626725744 -0.24966726565361025 0.010551389815413542 0.0067128906633366504 -0.04987450881935214 -0.012545136573831222 -0.016708865547042984 0.032948387089335396 0.016844599231022002 -0.027003495384539875 0.011563846808674885 -0.017118006442435794 0.038648767825216056 -0.048434126560504616 0.034322606037898232 -0.063409175447308064 0.056230076644836098 -0.017913050033796431 0.050061485726174686 0.040376391524641495 0.029922396931532282 0.0021768933520006544 0.012347018826203269 0.025672082271170082 0.026048911553913385 0.016012184933201053 0.0013803122279746924 -0.03546763528662969 -0.20122072450257836 -0.166799052116195 -0.0071685152521600431 -0.079661679619648415 0.0022504494243091155 -0.014164465378166213 -0.022785561209567252 -0.057665757483104242 0.015470001394096652 -0.025812223640331439 0.056281469025793146 -0.0026516267521224761 -0.043235411570314318 -0.070913118335232131 0.074479305796663869 0.1036861434455572 0.0019410535573750542 0.026806912697130973 -0.095294989278150152 -0.063690291148547837 -0.013373925955064835 -0.10510977885404299 0.069912304310229989 0.033234112967112872 -0.069704286027699708 -0.0046389536757941363 -0.071460165743316928 -0.019944681738114613 0.01356159736934818 0.017747919678586986 0.050323584175906898
leaf_weight=1119 4289 210 7132 3430 205 20 2282 2887 1138 4444 3958 1262 1422 28 127 6873 20 143 83 350 533 331 1844 179 659 411 61 2328 88 1942 6438 332 30 56 8317 61 93 9110 369 420 10354 4205 485 1259 50 50 44 91 2646 1238 172 506 62 43 457 2020 32 385 21 127 2182 637 172
leaf_count=1119 4289 210 7132 3430 205 20 2282 2887 1138 4444 3958 1262 1422 28 127 6873 20 143 83 350 533 331 1844 179 659 411 61 2328 88 1942 6438 332 30 56 8317 61 93 9110 369 420 10354 4205 485 1259 50 50 44 91 2646 1238 172 506 62 43 457 2020 32 385 21 127 2182 637 172
internal_value=0 -0.00681898 -0.00236314 -0.015015 0.020229 -0.0194823 0.0221353 -0.0199583 -0.0174015 -0.0102684 -0.00683032 0.0127554 0.0256054 -0.0636929 0.00253235 -0.0231512 -0.0735911 0.0156233 -0.0319211 -0.0434478 0.0429411 -0.0504916 0.0448986 0.0714719 0.0180394 0.0287103 0.0161107 0.0166737 -0.0200596 0.00612392 -0.00554637 -0.0660455 -0.0509076 -0.0904139 -0.00343843 0.00893266 -0.0301953 -0.0170344 -0.0432416 -0.037223 0.0173428 -0.0204182 0.0410974 0.00518033 -0.0903388 -0.119778 0.0350138 0.0631508 0.00900983 0.0107824 -0.0685459 -0.0597991 -0.0276852 -0.0509419 0.054004 0.0382239 -0.00431366 0.0122673 -0.140798 -0.0489078 0.0183562 0.0170949 0.0246738
internal_weight=0 76632 49643 26989 25630 1174 24456 21057 19430 32598 6845 17045 3847 790 5932 12585 718 19016 560 477 1886 1627 5440 384 15443 2364 13079 12913 231 5372 19199 749 462 287 14755 1961 154 13399 1507 878 12682 11078 1144 3573 130 80 72 624 13198 10552 698 526 166 105 2301 3139 1291 1807 77 547 3420 1220 809
internal_count=102262 76632 49643 26989 25630 1174 24456 21057 19430 32598 6845 17045 3847 790 5932 12585 718 19016 560 477 1886 1627 5440 384 15443 2364 13079 12913 231 5372 19199 749 462 287 14755 1961 154 13399 1507 878 12682 11078 1144 3573 130 80 72 624 13198 10552 698 526 166 105 2301 3139 1291 1807 77 547 3420 1220 809
is_linear=0
shrinkage=0.03


Tree=4
num_leaves=64
num_cat=0
split_feature=40 29 28 30 20 45 29 28 8 28 28 26 5 37 4 36 25 30 27 26 28 29 29 28 29 5 27 13 28 13 28 15 26 26 4 40 40 29 36 28 28 29 27 17 37 29 5 28 15 17 25 8 26 28 6 20 28 27 27 4 20 27 37
split_gain=14693.4 3036.75 6394.5 2456.84 2082.14 4999.36 3661.24 1710.44 1192.11 1124.89 881.068 1139.99 843.874 797.316 765.141 722.41 668.144 446.871 445.946 545.069 354.94 350.601 391.495 364.004 533.59 347.753 340.793 306.266 305.098 290.176 287.553 338.556 291.032 278.66 272.411 263.409 284.594 257.765 256.209 245.068 236.916 223.383 217.28 213.767 209.342 207.257 206.164 202.543 194.404 194.222 200.738 193.186 189.479 299.136 186.133 185.349 171.41 164.471 161.975 157.691 330.759 147.751 147.503
threshold=16.500000000000004 1.0000000180025095e-35 74910.000000000015 2001.5000000000002 4.5000000000000009 10130001001.500002 1.0000000180025095e-35 106290.00000000001 2371.5000000000005 44550.000000000007 591303.50000000012 4.5000000000000009 308.50000000000006 1010045021.0000001 3.0000000000000004 21701.500000000004 2.5000000000000004 2005.5000000000002 1935908.0000000002 4.5000000000000009 1375425.0000000002 1460.0000000000002 28305.000000000004 58950.000000000007 38085.500000000007 109.50000000000001 482625.00000000006 19.500000000000004 5987921.0000000009 26.500000000000004 5846176.0000000009 10001.500000000002 1.0000000180025095e-35 4.5000000000000009 3.0000000000000004 33.500000000000007 31.500000000000004 6853.0000000000009 31808.500000000004 36090.000000000007 46218150.000000007 285847.00000000006 7717500.0000000009 2215.0000000000005 3009205029.5000005 30619.000000000004 407.50000000000006 110718604.50000001 10453.500000000002 4150.0000000000009 1.0000000180025095e-35 12141.000000000002 2.5000000000000004 129750.00000000001 4.5000000000000009 7.5000000000000009 5005486.0000000009 1395000.5000000002 1733352.5000000002 3.0000000000000004 3.5000000000000004 387855.00000000006 3009740019.0000005
decision_type=10 10 8 10 10 10 8 10 10 10 8 10 2 10 2 10 10 8 10 10 8 10 10 10 10 2 10 10 10 10 10 10 10 10 2 10 10 10 10 10 10 10 8 10 10 10 2 10 10 10 10 10 10 10 2 10 8 10 10 2 8 10 10
left_child=4 2 9 7 6 33 26 21 12 39 52 20 48 55 28 43 -15 30 19 61 -12 35 -23 24 45 42 -1 -11 -5 -29 57 32 -32 58 37 36 -3 -33 -25 -2 -36 -42 -19 -10 -13 -24 -17 -28 -9 54 -51 -37 53 -4 -39 -7 -22 -8 -6 -46 -61 -16 -30
right_child=1 3 10 14 5 13 17 8 15 27 11 44 -14 16 18 46 -18 25 -20 -21 56 22 23 38 -26 -27 47 29 62 -31 31 34 -34 -35 40 51 -38 49 -40 -41 41 -43 -44 -45 59 -47 -48 -49 -50 50 -52 -53 -54 -55 -56 -57 -58 -59 -60 60 -62 -63 -64
leaf_value=0.032853260896370411 -0.022436416130141097 -0.077411596074202796 0.0072799360569783273 0.00056744254698418628 0.073376990314248172 0.099429454680738952 0.0055688593990345951 -0.0082851340024032195 -0.048378273068431288 -0.012127153007975743 0.032992541881550111 0.023866418269913623 -0.016207599636578283 -0.24217724597454068 -0.0052006795762641594 -0.016604466186012759 -0.066344886623649652 0.029435549024220714 0.033292927777910805 -0.06131106900528837 0.054910554261298122 -0.028730131186702611 -0.11936684545927813 -0.14143894633521206 -0.011623815356019454 0.016431012463604878 0.046416910963132975 0.0014937211299455907 0.035062143907917238 -0.0068826471650419588 -0.046981102686661939 0.037538174635730684 0.020975891960081344 0.042404130235887495 0.02417444901452178 -0.052165055231173083 -0.18249281024560332 0.032874625014059973 -0.034599582665257644 -0.013739531346109583 -0.0129727074023216 -0.10195648470590279 0.055992181472153367 -0.022101993762049917 0.007426818694447633 -0.23585887060397201 -0.025037856825515677 0.067814933040731593 0.0090880175175365799 0.02438249433198534 0.0111932723138087 -0.12383082006831425 0.0019520228828642096 0.01810919831288537 0.017710411036568088 -0.010879861561653133 0.099938976075500244 -0.065069990709424014 0.12929674581713874 -0.08046606727715197 0.016100923175411952 0.074993039254958802 0.011955207357899598
leaf_weight=1705 4289 73 6776 3445 129 29 2657 774 1138 4486 1089 749 3958 20 101 6873 707 771 83 351 562 816 28 23 26 1258 3090 6642 293 8467 143 510 94 182 63 398 34 923 166 9110 62 43 433 369 1327 27 4205 457 2309 1215 7152 37 2652 3472 3457 26 88 30 73 58 71 26 1642
leaf_count=1705 4289 73 6776 3445 129 29 2657 774 1138 4486 1089 749 3958 20 101 6873 707 771 83 351 562 816 28 23 26 1258 3090 6642 293 8467 143 510 94 182 63 398 34 923 166 9110 62 43 433 369 1327 27 4205 457 2309 1215 7152 37 2652 3472 3457 26 88 30 73 58 71 26 1642
internal_value=0 -0.00654658 -0.00214659 -0.0146101 0.019832 -0.0193199 0.0217291 -0.0193774 -0.0169263 -0.00982462 0.0128931 0.0253019 -0.00704135 -0.0628501 0.00244507 -0.0224566 -0.0711821 0.0155459 -0.0308954 -0.0420411 0.0434636 -0.0489265 -0.0390912 -0.0704048 -0.123613 0.0274613 0.0438756 -0.00524402 0.00592165 -0.00320035 0.0137515 0.015516 -0.0200277 0.0693277 0.0161435 -0.0686333 -0.110802 0.0166245 -0.0476012 -0.0165234 -0.0218181 -0.0494137 0.0389862 -0.0419443 0.0109784 -0.176554 -0.0198056 0.0491739 0.00472642 0.0157878 0.0131085 -0.0582608 0.00909928 0.0109489 0.020906 0.0472832 0.0610067 0.00478019 0.0935856 0.00434857 -0.0273168 0.0112169 0.0154541
internal_weight=0 77033 49838 27195 25229 1166 24063 21254 19626 32994 16844 3944 7041 782 5941 12585 727 18811 561 478 1739 1628 1086 270 81 2462 5252 19595 5380 15109 16349 13662 237 384 13425 542 107 13257 189 13399 168 105 1204 1507 2205 55 11078 3547 3083 12747 8367 435 12900 10248 4380 55 650 2687 202 1456 129 127 1935
internal_count=102262 77033 49838 27195 25229 1166 24063 21254 19626 32994 16844 3944 7041 782 5941 12585 727 18811 561 478 1739 1628 1086 270 81 2462 5252 19595 5380 15109 16349 13662 237 384 13425 542 107 13257 189 13399 168 105 1204 1507 2205 55 11078 3547 3083 12747 8367 435 12900 10248 4380 55 650 2687 202 1456 129 127 1935
is_linear=0
shrinkage=0.03


Tree=5
num_leaves=64
num_cat=0
split_feature=40 28 20 37 28 20 30 28 26 36 25 4 25 25 11 35 20 37 28 30 23 3 26 13 30 23 28 30 15 4 23 4 37 7 27 12 4 28 6 36 4 20 11 20 13 26 11 37 33 33 28 23 28 37 25 20 20 6 17 4 15 20 37
split_gain=13675.1 2389.66 1998.76 4851.11 1575.55 2041.49 1430.44 1365.45 1171.43 1101.9 898.702 981.956 652.649 641.581 553.955 462.214 456.277 425.762 398.364 392.165 376.208 372.631 367.247 333.672 331.986 314.432 318.828 311.355 344.124 307.598 300.759 270.528 269.6 251.921 247.817 294.703 239.658 223.752 222.447 222.439 221.139 217.114 197.92 195.069 190.769 186.705 184.812 180.151 178.966 212.594 178.777 168.748 166.439 165.516 159.957 157.235 157.15 140.749 131.354 126.107 125.467 123.123 122.947
threshold=16.500000000000004 47310.000000000007 4.5000000000000009 1010045021.0000001 1595254.0000000002 3.5000000000000004 2006.5000000000002 73710.000000000015 3.5000000000000004 10403.500000000002 1.0000000180025095e-35 3.0000000000000004 1.0000000180025095e-35 4.5000000000000009 163.50000000000003 563.50000000000011 1.5000000000000002 2046525057.5000002 43486875.000000007 1989.5000000000002 11.750000000000002 1931.5000000000002 2.5000000000000004 19.500000000000004 1955.5000000000002 5.7500000000000009 115710.00000000001 1929.5000000000002 10001.500000000002 3.0000000000000004 29.500000000000004 3.0000000000000004 3061330007.5000005 64.500000000000014 1480499.5000000002 3004.5000000000005 3.0000000000000004 36090.000000000007 32.500000000000007 31609.500000000004 3.0000000000000004 4.5000000000000009 20.510000000000002 2.5000000000000004 26.500000000000004 1.5000000000000002 47.500000000000007 4092815063.0000005 4.330000000000001 4.7300000000000013 8138025.0000000009 14.250000000000002 28545300.000000004 4083100337.5000005 4.5000000000000009 3.5000000000000004 3.5000000000000004 40.500000000000007 2650.0000000000005 3.0000000000000004 10473.500000000002 4.5000000000000009 3000105007.0000005
decision_type=10 10 10 10 10 8 10 10 10 10 10 2 8 10 10 10 8 8 10 10 10 2 10 10 10 10 10 10 10 2 10 2 10 10 10 10 2 10 2 10 2 10 10 8 10 10 10 8 10 10 10 8 10 8 8 10 10 2 10 2 10 10 8
left_child=2 37 6 20 7 10 12 23 19 30 11 47 24 18 52 21 -14 -17 31 -7 -4 -12 25 -3 42 26 61 33 45 -26 -5 46 48 -18 -15 -36 -34 -2 -23 -40 53 -33 -1 -35 -25 -29 -10 -6 60 -50 -44 -30 -8 -19 -11 -27 -38 -13 -39 -53 -24 -9 -28
right_child=1 4 3 9 5 8 14 22 13 54 15 57 16 34 -16 17 27 40 -20 -21 -22 38 32 44 29 55 62 28 51 -31 -32 41 36 43 35 -37 56 58 39 -41 -42 -43 50 -45 -46 -47 -48 -49 49 -51 -52 59 -54 -55 -56 -57 -58 -59 -60 -61 -62 -63 -64
leaf_value=0.01334913034497919 -0.021723596547790904 -0.013324578151495556 0.051674045226051429 -0.060888296705416657 0.011494487100515871 0.07693440520552447 0.038995404184455275 0.0053149859810147438 0.020672526310265605 0.043004946000363906 0.0015554283823225308 -0.061039591181067242 0.056058322003059706 -0.0098260000816156878 0.0083317596945617009 -0.054900289485745268 0.033237605511895252 -0.0078849390277848392 0.029248512386567973 0.025399207445749965 0.11655239239048498 -0.020000909433929969 -0.0094108468980112023 0.00043788606477664695 0.023980773044827045 -0.017188185229084805 -0.024555931976958087 -0.046440100980841593 0.0064836418862779521 -0.029111242004968584 -0.1045580845621962 -0.040505824261803394 -0.0084139441545059007 0.0073673105293165821 -0.033915222898537579 -0.14876081731678409 -0.10231702790754597 -0.010730122174845228 0.0026297940965243558 -0.01759880428270779 -0.093161091941433974 0.036289455282501874 0.027084586145583331 0.020428811740239725 -0.0067557097246679311 0.015553323096537496 0.0017582535827083564 -0.022877542511685875 -0.10048001463924135 -0.0042824345420087763 0.048849889054509765 0.015639457988703552 0.055465908234077134 -0.021129868423654861 -0.023222104139052905 0.027686278798151758 -0.022340735391480848 -0.14397883610291914 -0.016893210514914821 -0.03266152256225445 0.0094766553553050272 -0.032128735376056282 0.01459294810889653
leaf_weight=242 4577 3962 211 495 1887 249 1028 6556 620 89 1650 113 253 791 373 326 1115 955 681 285 130 3021 358 6204 2113 578 73 138 2743 103 199 193 1400 1291 234 22 41 5922 1025 936 37 40 482 5072 7132 64 1859 148 21 1340 1150 6781 1193 7661 52 80 48 22 6560 49 2733 80 6565
leaf_count=242 4577 3962 211 495 1887 249 1028 6556 620 89 1650 113 253 791 373 326 1115 955 681 285 130 3021 358 6204 2113 578 73 138 2743 103 199 193 1400 1291 234 22 41 5922 1025 936 37 40 482 5072 7132 64 1859 148 21 1340 1150 6781 1193 7661 52 80 48 22 6560 49 2733 80 6565
internal_value=0 -0.0061433 0.0192549 -0.0189386 -0.00332326 -0.00954043 0.0211117 0.000482719 0.00744912 -0.0578765 -0.014293 0.00379687 0.0185834 0.00240011 0.0421611 -0.0168076 0.0160625 -0.0212441 0.00873497 0.0494297 0.0764077 -0.0108012 0.00584714 -0.00568026 0.029373 0.00851026 0.0095137 0.015476 0.0119511 0.021513 -0.0734103 0.00358389 -0.000398048 0.0200837 -0.0181292 -0.0437848 -0.0114485 -0.0160497 -0.0148936 -0.00702547 -0.0199761 -0.0273221 0.0386674 0.0177787 -0.0034092 -0.0267986 0.00648873 0.0089947 0.00329786 -0.00576675 0.0424217 0.0127688 0.0478425 -0.0196618 0.0185808 -0.0117323 -0.0591837 -0.0745556 -0.0139692 0.0152929 0.0072891 0.00486358 0.0141624
internal_weight=0 76985 25366 1176 59926 22755 24190 37171 4974 835 17781 2170 21596 4440 2594 15611 17506 8979 3393 534 341 6632 19873 17298 4090 13932 13274 17253 9775 2216 694 2712 5941 7478 1047 256 1489 17059 4982 1961 8653 233 1874 6363 13336 202 2479 2035 4452 1361 1632 9573 2221 8616 141 658 89 135 12482 6830 3091 6636 6638
internal_count=102351 76985 25366 1176 59926 22755 24190 37171 4974 835 17781 2170 21596 4440 2594 15611 17506 8979 3393 534 341 6632 19873 17298 4090 13932 13274 17253 9775 2216 694 2712 5941 7478 1047 256 1489 17059 4982 1961 8653 233 1874 6363 13336 202 2479 2035 4452 1361 1632 9573 2221 8616 141 658 89 135 12482 6830 3091 6636 6638
is_linear=0
shrinkage=0.03


Tree=6
num_leaves=64
num_cat=0
split_feature=40 28 20 37 32 28 30 28 36 30 4 25 30 30 11 9 4 20 28 27 13 36 30 37 30 15 4 9 40 20 4 7 37 28 16 28 20 4 37 17 15 15 11 20 20 13 26 28 35 33 28 11 25 7 2 28 7 37 17 32 15 28 14
split_gain=12866.9 2248.43 1880.64 4564.41 1596.87 2367.38 1345.9 1148.56 1036.78 1031.97 689.496 614.078 610.991 582.515 521.216 469.573 429.973 429.311 394.915 347.431 318.644 315.283 312.366 304.592 292.954 323.786 289.419 282.984 267.918 261.869 293.479 237.032 223.923 210.529 197.501 196.055 227.87 246.736 415.148 229.119 192.176 188.511 186.223 184.372 183.54 178.05 175.671 168.211 162.241 161 156.603 151.638 150.503 146.058 140.967 135.082 132.435 127.729 123.591 122.692 122.57 146.906 139.983
threshold=16.500000000000004 47310.000000000007 4.5000000000000009 1010045021.0000001 0.75000000000000011 1595254.0000000002 2006.5000000000002 73710.000000000015 10403.500000000002 2001.5000000000002 3.0000000000000004 1.0000000180025095e-35 2016.5000000000002 1939.5000000000002 163.50000000000003 954.00000000000011 3.0000000000000004 1.5000000000000002 61951975.500000007 1733352.5000000002 19.500000000000004 31307.500000000004 1955.5000000000002 2046525057.5000002 1929.5000000000002 10001.500000000002 3.0000000000000004 5918.5000000000009 43.500000000000007 4.5000000000000009 3.0000000000000004 64.500000000000014 4092815063.0000005 36090.000000000007 75.500000000000014 270930.00000000006 4.5000000000000009 3.0000000000000004 4008305013.0000005 2105.0000000000005 11101.500000000002 11354.500000000002 20.510000000000002 3.5000000000000004 2.5000000000000004 26.500000000000004 1.5000000000000002 8138025.0000000009 166.50000000000003 3.5000000000000004 28545300.000000004 50.005000000000003 4.5000000000000009 409.50000000000006 11374.500000000002 11502330.000000002 50.500000000000007 3029115021.5000005 2650.0000000000005 2.5000000000000004 11203.500000000002 99210.000000000015 10.500000000000002
decision_type=10 8 10 10 10 10 10 10 10 10 2 8 10 10 10 10 2 8 10 10 10 10 10 8 10 10 2 10 10 10 2 10 8 10 10 10 8 2 8 10 10 10 10 10 8 10 10 10 10 10 10 10 10 10 2 10 10 8 10 8 10 10 10
left_child=2 33 6 19 5 7 11 20 27 13 41 22 54 18 50 51 40 -13 21 48 -3 34 42 53 31 46 -24 -5 35 30 32 59 -25 -2 -7 -6 37 56 39 -39 -17 -11 -1 -32 -33 -22 -26 -44 -4 -34 -8 -9 -10 -15 -12 -27 -37 -42 -35 -19 62 -62 -53
right_child=1 4 3 8 28 9 14 15 52 10 12 17 -14 23 -16 16 -18 24 -20 -21 45 -23 26 29 25 55 -28 -29 -30 -31 43 44 49 58 -36 36 -38 38 -40 -41 57 -43 47 -45 -46 -47 -48 -49 -50 -51 -52 60 -54 -55 -56 -57 -58 -59 -60 -61 61 -63 -64
leaf_value=0.01294865622326458 -0.021071888664919301 -0.013111079672602381 0.063036794287377393 -0.059061645676918101 0.00094155290316550702 -0.005338646472100317 0.037825541785879213 0.023394431321938251 0.041714797613074943 0.0092120016004000813 -0.051517709713882288 0.05437657136985425 0.041695577468384391 -0.01877509968650494 0.0080818069962008739 -0.021440257630435878 -0.057151453967309654 0.021042146204788531 -0.044669889455193464 0.11317830050509656 0.00041774927043325026 -0.01198076872583048 0.023261350114933195 -0.0076938378048489403 -0.045046897400980404 0.0048642001986497633 -0.028237903578188811 -0.1014213385234526 -0.0038549739944410064 0.05383466116587321 -0.13923650041222571 0.007146291141278769 -0.022866168248277835 -0.010408218509862373 0.014362252523201332 0.031439335497145199 0.037967037715619274 -0.054772866763871352 0.040921959684675803 0.034263458945788444 0.0070609353423916185 -0.010535729409188292 0.026272048493272419 -0.040760612702843813 0.019815947387945065 -0.006559048552312154 0.015086723247659393 0.047384392734730371 -0.0046626014176469584 -0.01519062230369056 0.053801930708375863 0.021648793200577568 -0.022525440683731666 -0.060433800105865187 -0.1147664868791361 0.01407414280093911 0.015303259467385286 -0.0054777341760684538 -0.016386414140527474 0.041084103540569336 0.0040600989667973417 0.010944653149928357 -0.00083978672820988586
leaf_weight=242 4577 3865 174 495 513 866 1028 523 89 2717 222 253 66 112 373 424 135 492 227 128 6145 2076 2113 1556 138 1755 103 199 586 45 28 1291 6361 5922 972 665 576 139 92 32 1328 518 482 44 5072 7091 64 1150 39 4010 1193 276 52 234 37 7818 1469 1627 6560 623 4529 7263 2557
leaf_count=242 4577 3865 174 495 513 866 1028 523 89 2717 222 253 66 112 373 424 135 492 227 128 6145 2076 2113 1556 138 1755 103 199 586 45 28 1291 6361 5922 972 665 576 139 92 32 1328 518 482 44 5072 7091 64 1150 39 4010 1193 276 52 234 37 7818 1469 1627 6560 623 4529 7263 2557
internal_value=0 -0.005959 0.0186773 -0.0183705 -0.00322356 -0.00454584 0.0204784 8.34183e-05 -0.0561402 -0.0127862 0.0018652 0.0180259 -0.0397889 -0.0159414 0.0408963 0.00522992 -0.00465039 0.0155807 -0.00620027 0.0741155 -0.00553286 -0.00396915 0.0284918 -0.0191971 0.0150118 0.0115926 0.0208677 -0.071208 0.0149137 -0.0183998 -0.0186707 0.0194812 -0.0183062 -0.0155682 0.00507989 0.0180687 0.021024 0.0169526 -0.0104646 -0.0381111 -0.00255283 0.00604992 0.0375073 -0.0790568 0.0172454 -0.00331997 -0.0259947 0.041149 0.0506411 -0.0198984 0.0464072 0.00752193 0.0180234 -0.0469489 -0.0605532 0.0123857 0.0203316 0.000157241 -0.0135501 0.0322405 0.00695432 0.00830048 0.00135112
internal_weight=0 76985 25366 1176 59926 55854 24190 35763 835 20091 3560 21596 325 16531 2594 18662 3514 17506 4141 341 17101 3914 4090 12390 17253 9775 2216 694 4072 12044 11999 7478 11927 17059 1838 3486 2973 2397 263 171 3379 3235 1874 72 6363 13236 202 1632 213 10371 2221 15148 141 346 259 9573 2134 2955 12482 1115 14625 11792 2833
internal_count=102351 76985 25366 1176 59926 55854 24190 35763 835 20091 3560 21596 325 16531 2594 18662 3514 17506 4141 341 17101 3914 4090 12390 17253 9775 2216 694 4072 12044 11999 7478 11927 17059 1838 3486 2973 2397 263 171 3379 3235 1874 72 6363 13236 202 1632 213 10371 2221 15148 141 346 259 9573 2134 2955 12482 1115 14625 11792 2833
is_linear=0
shrinkage=0.03


Tree=7
num_leaves=64
num_cat=0
split_feature=40 29 28 30 20 37 29 28 8 8 28 26 5 28 36 4 9 27 23 29 23 37 9 28 30 40 28 29 4 15 30 29 28 29 17 26 28 30 44 44 8 37 28 20 8 36 37 4 20 4 5 44 28 20 45 15 8 5 36 9 13 29 23
split_gain=12106.5 2593.66 5253.45 2179.13 1769.49 4294.65 3331.77 1367.87 1069.8 975.502 893.797 1018.64 743.084 738.042 672.673 566.346 418.302 488.588 392.142 345.707 339.45 306 266.26 256.46 247.933 246.777 237.165 223.932 381.547 308.831 230.443 221.917 367.26 438.407 210.217 206.246 202.074 198.002 197.213 196.603 245.046 190.66 189.313 188.804 187.014 179.189 177.724 182.726 250.045 177.572 174.658 171.687 170.145 265.769 197.091 167.809 155.629 153.205 150.574 169.472 227.076 148.694 147.202
threshold=16.500000000000004 1.0000000180025095e-35 68370.000000000015 2001.5000000000002 4.5000000000000009 1010045021.0000001 1.0000000180025095e-35 115710.00000000001 2371.5000000000005 1071.5000000000002 549977.00000000012 4.5000000000000009 308.50000000000006 44550.000000000007 21701.500000000004 3.0000000000000004 5918.5000000000009 2531250.0000000005 6.1050000000000013 1460.0000000000002 9.7500000000000018 1015165013.5000001 5918.5000000000009 1595254.0000000002 2013.5000000000002 34.500000000000007 5987921.0000000009 39957.500000000007 3.0000000000000004 10001.500000000002 1986.5000000000002 28305.000000000004 59490.000000000007 41612.000000000007 2215.0000000000005 1.0000000180025095e-35 26378775.000000004 1989.5000000000002 4053451.0000000005 4062950.0000000005 12141.000000000002 4092815063.0000005 34170.000000000007 4.5000000000000009 2625.5000000000005 43902.500000000007 3011295117.0000005 3.0000000000000004 3.5000000000000004 3.0000000000000004 202.50000000000003 1001950.0000000001 96630.000000000015 1.5000000000000002 30159001501.000004 10025.500000000002 1293.5000000000002 314.50000000000006 43101.500000000007 37.500000000000007 24.500000000000004 212971.50000000003 26.500000000000004
decision_type=10 10 10 10 10 10 8 10 10 10 10 10 2 10 10 2 10 10 8 10 10 10 10 10 10 10 10 10 2 10 10 10 10 10 10 10 10 10 10 10 10 8 10 10 10 10 10 2 10 2 2 10 10 8 10 10 10 2 10 10 10 10 10
left_child=4 2 13 7 6 20 21 19 12 22 52 23 50 42 34 26 -17 -18 -8 39 61 36 -7 -12 27 -15 -5 -20 29 35 -31 -21 33 38 -10 -29 -1 -25 -33 40 -3 49 -2 57 -41 -27 -13 -48 -49 -16 -9 -38 -4 54 -54 -30 -11 -43 59 60 -34 -6 -32
right_child=1 3 10 15 5 9 18 8 14 56 11 46 -14 25 41 16 17 -19 24 31 -22 -23 -24 37 -26 45 -28 28 55 30 62 32 58 -35 -36 -37 51 -39 -40 44 -42 43 -44 -45 -46 -47 47 48 -50 -51 -52 -53 53 -55 -56 -57 -58 -59 -60 -61 -62 -63 -64
leaf_value=0.039346257322307829 -0.021149751450964593 -0.071761130181797708 0.0038325953758011101 0.0011947190954863952 0.057883834825320675 -0.05728979613857739 0.0035086033423320749 -0.0073720884225163706 -0.045563017264609783 -0.016597885457368997 0.032673308310733513 0.019114563784346596 -0.014864793563350739 -0.011345651624768284 -0.0078617088457891907 0.01683711574132252 -0.056231659220591666 0.031837263856740558 0.021501810084499834 -0.026614082665661263 0.10864053156966452 0.020350344152027945 -0.098378697909302454 0.069388379396065264 0.04135947153083757 0.00049248757134318056 0.014383913774010855 -0.04369549128024474 -0.0032898215716704723 0.012194795014915681 0.013606815128669604 -0.2041731632053852 -0.039837797806598248 0.0023627918353304263 -0.019152216192166036 0.020457123405119373 0.031338615135013397 0.028623604321241721 -0.10002556539140642 -0.10029613269161648 -0.18015926156938075 -0.014462355674185929 -0.012705816859609184 0.02765798682397282 -0.027415196534642982 -0.006596929114258192 0.0056987338991769838 -0.083356035001137682 0.0080804452005969855 -0.047916446154671048 0.0088170609331087637 0.057715452666528125 0.033269307131371939 0.0059650390571562052 0.013596810526325215 -0.071466898684474561 0.04663049801399833 -0.023037771071395301 0.0022846018650860929 -0.023730925250645369 -0.16512890572133271 -0.015430533068961111 0.028369771899048307
leaf_weight=3208 3114 305 6932 3461 176 495 2740 806 1171 65 1304 1005 3946 4493 1941 151 341 68 3884 827 136 574 199 370 334 6198 1901 138 64 9123 1017 30 30 24 353 67 273 151 36 39 20 2681 10273 74 169 6653 1161 51 57 105 2344 1191 562 4953 2485 66 76 6237 67 73 23 29 1511
leaf_count=3208 3114 305 6932 3461 176 495 2740 806 1171 65 1304 1005 3946 4493 1941 151 341 68 3884 827 136 574 199 370 334 6198 1901 138 64 9123 1017 30 30 24 353 67 273 151 36 39 20 2681 10273 74 169 6653 1161 51 57 105 2344 1191 562 4953 2485 66 76 6237 67 73 23 29 1511
internal_value=0 -0.00578023 -0.00170742 -0.0132251 0.018117 -0.0178194 0.019864 -0.0177004 -0.0155026 -0.054456 0.0106792 0.023088 -0.00619098 -0.00937816 -0.0207626 0.00287252 -0.0258351 -0.0415894 0.0140051 -0.0439968 0.071892 0.0410214 -0.0690718 0.0397818 0.01578 -0.00529364 0.00587071 0.0152416 0.013213 0.0137735 0.0144158 -0.0344609 -0.0573915 -0.107438 -0.0394456 -0.0227285 0.0435611 0.0575736 -0.147365 -0.0638556 -0.0784318 -0.018183 -0.01467 -0.0200638 -0.0410804 -0.00317772 0.00969032 0.00222668 -0.0350979 -0.0099173 0.00467469 0.0527968 0.00727282 0.0102538 0.0172253 -0.0379028 0.0174827 -0.0204598 -0.0340538 -0.0533766 -0.0942094 0.0475125 0.0224307
internal_weight=0 76985 49762 27223 25366 1176 24190 21301 19658 835 19031 4099 7096 30731 12562 5922 560 409 18944 1643 341 5246 694 1825 16204 17344 5362 15870 11986 11856 11651 1110 283 90 1524 205 4672 521 66 533 325 11038 13387 8992 208 12851 2274 1269 108 2046 3150 1464 14932 8000 3047 130 141 8918 193 126 53 205 2528
internal_count=102351 76985 49762 27223 25366 1176 24190 21301 19658 835 19031 4099 7096 30731 12562 5922 560 409 18944 1643 341 5246 694 1825 16204 17344 5362 15870 11986 11856 11651 1110 283 90 1524 205 4672 521 66 533 325 11038 13387 8992 208 12851 2274 1269 108 2046 3150 1464 14932 8000 3047 130 141 8918 193 126 53 205 2528
is_linear=0
shrinkage=0.03


Tree=8
num_leaves=64
num_cat=0
split_feature=13 29 28 30 20 37 29 28 28 29 37 11 28 28 4 29 30 30 27 30 29 30 14 27 2 14 14 20 40 27 32 20 20 4 29 28 29 23 30 15 36 4 20 27 29 28 44 36 11 37 28 44 36 4 7 29 37 11 36 27 23 29 28
split_gain=11402.6 2403.56 5040.3 2121.56 1738.82 4225.07 3165.11 1299.75 841.656 840.02 722.412 711.704 695.089 645.149 512.016 456.455 493.706 367.202 342.898 335.26 326.923 323.475 374.869 264.018 255.386 251.957 354.457 232.882 231.851 231.739 223.858 217.015 212.188 294.523 209.872 345.555 412.497 209.618 209.308 384.1 198.123 195.784 419.613 190.741 193.972 188.747 184.984 230.564 241.281 180.128 178.662 177.635 168.599 163.433 150.902 146.968 146.287 141.882 141.676 140.512 140.202 139.893 138.829
threshold=4.5000000000000009 1.0000000180025095e-35 68370.000000000015 2001.5000000000002 4.5000000000000009 1010045021.0000001 1.0000000180025095e-35 115710.00000000001 410851.50000000006 358609.00000000006 5011580060.500001 21.500000000000004 44550.000000000007 1082866.5000000002 3.0000000000000004 43102931.500000007 1946.5000000000002 1999.5000000000002 1964929.0000000002 2016.5000000000002 1460.0000000000002 1936.5000000000002 5.5000000000000009 1733352.5000000002 10028.500000000002 31.500000000000004 40.500000000000007 4.5000000000000009 34.500000000000007 7717500.0000000009 0.75000000000000011 2.5000000000000004 4.5000000000000009 3.0000000000000004 28305.000000000004 59490.000000000007 41612.000000000007 46.500000000000007 1928.5000000000002 10001.500000000002 10403.500000000002 3.0000000000000004 3.5000000000000004 11489.500000000002 31456.500000000004 4122675.0000000005 4062950.0000000005 45203.500000000007 991.50000000000011 4092815063.0000005 34170.000000000007 5009651.5000000009 43902.500000000007 3.0000000000000004 76.500000000000014 1460.0000000000002 1015165013.5000001 47.500000000000007 43101.500000000007 223201.50000000003 45.500000000000007 992953.00000000012 83850.000000000015
decision_type=10 10 10 10 10 10 8 10 10 10 8 10 10 10 2 10 8 8 10 10 10 10 10 10 2 8 8 10 10 8 10 8 10 2 10 10 10 8 10 10 10 2 10 10 10 10 10 10 10 8 10 10 10 2 10 10 10 8 10 10 10 10 10
left_child=4 2 12 7 6 23 37 20 62 21 32 -9 50 -12 30 16 25 31 19 27 46 22 -7 57 29 -13 -27 -16 -14 53 55 -8 33 54 -22 36 43 56 -33 -40 -23 49 -43 -36 -45 -15 47 48 -3 -18 -2 -48 -30 -19 -10 -5 -1 -6 -37 -21 -41 -44 -4
right_child=1 3 8 14 5 9 17 11 10 -11 13 15 28 45 18 -17 41 24 -20 59 34 40 -24 -25 -26 26 -28 -29 52 -31 -32 38 -34 -35 35 58 -38 -39 39 60 -42 42 61 44 -46 -47 51 -49 -50 -51 -52 -53 -54 -55 -56 -57 -58 -59 -60 -61 -62 -63 -64
leaf_value=0.040543331233810584 -0.020524651604310107 -0.062168667682085781 0.0024112930322483872 -0.071018609774764624 0.021202046441567406 -0.056665958152575926 -0.0020918130953188822 0.01104001155136803 0.02688768149333589 0.041337890854399449 0.0225066221718743 -0.014477599590107419 -0.010998799685811449 0.049956280988738597 -0.054254341794434807 -0.046178251879440774 -0.010490234121054457 0.026744996962606075 0.031460121368660644 -0.021692858679378604 -0.025748462812692857 -0.062130637543731264 -0.23387020928519112 0.10873560105264186 0.014886594902287879 0.0048325974304588249 -0.016680510577506188 0.022179505923762919 0.00047771319368806228 0.050790560596039626 0.019184955073438901 0.018640409293611323 0.040924126048392448 -0.034642224928428382 -0.06828791260552991 -0.051775339142242 0.0022919078730046748 0.057659365173013927 -0.03343840825515134 0.010608064017232341 0.010099888344605762 -0.13600584179162978 -0.047272532240917473 -0.11952168842486571 -0.24436976928796086 0.097960751548364575 -0.017029670038553432 -0.17475448608398436 -0.1653089731660756 -0.020109643109352184 -0.012323789340868144 -0.073532103574169533 -0.0063990212822266201 -0.04200955498963594 0.0059408685747403345 0.0034103016714168428 0.022902410743090167 0.073640249537733876 0.0022160638952210768 0.050211721702533609 0.027497491400321577 0.021174342732240514 0.0087452494857331812
leaf_weight=3937 3116 283 4657 24 77 22 920 910 373 76 1971 3158 4494 659 348 444 2120 1126 85 47 829 675 21 125 1639 2044 1040 40 6198 423 924 4122 176 145 21 126 24 592 175 9481 36 40 78 24 21 83 124 20 22 10092 10274 84 6653 32 1819 4666 474 117 67 51 464 41 9402
leaf_count=3937 3116 283 4657 24 77 22 920 910 373 76 1971 3158 4494 659 348 444 2120 1126 85 47 829 675 21 125 1639 2044 1040 40 6198 423 924 4122 176 145 21 126 24 592 175 9481 36 40 78 24 21 83 124 20 22 10092 10274 84 6653 32 1819 4666 474 117 67 51 464 41 9402
internal_value=0 -0.0054844 -0.00155398 -0.0125571 0.0179712 -0.0180595 0.0197416 -0.0169908 0.0104682 -0.0537239 0.0207477 -0.0148792 -0.00909744 0.0314827 0.00293564 -0.0161168 -0.0153997 0.0139837 -0.0241296 -0.0338521 -0.0426225 -0.0633057 -0.143208 0.0747348 0.0231845 -0.00852133 -0.00242215 -0.0463746 -0.00513349 0.0317868 0.00568844 0.0120296 0.0091584 0.00676612 -0.0333633 -0.0556698 -0.104215 0.0408973 0.0129419 0.0106208 -0.0584734 -0.0188704 -0.0519456 -0.142944 -0.177784 0.0553261 -0.06194 -0.0760788 -0.0696083 -0.0184397 -0.0142322 -0.039848 -0.00308239 0.024845 0.00950527 0.00302943 0.0386477 0.0528271 -0.0330322 0.0157269 0.0113961 -0.02369 0.00664715
internal_weight=0 77817 50020 27797 24534 1149 23385 21612 19285 830 5226 19967 30735 2713 6185 19057 18613 18382 571 486 1645 754 43 319 3220 6242 3084 388 17345 1581 5614 15162 2513 2337 1112 283 90 5003 14242 10120 711 12371 159 66 45 742 533 325 305 12212 13390 208 12851 1158 2192 4690 4411 194 193 98 9945 119 14059
internal_count=102351 77817 50020 27797 24534 1149 23385 21612 19285 830 5226 19967 30735 2713 6185 19057 18613 18382 571 486 1645 754 43 319 3220 6242 3084 388 17345 1581 5614 15162 2513 2337 1112 283 90 5003 14242 10120 711 12371 159 66 45 742 533 325 305 12212 13390 208 12851 1158 2192 4690 4411 194 193 98 9945 119 14059
is_linear=0
shrinkage=0.03


Tree=9
num_leaves=64
num_cat=0
split_feature=40 29 28 30 20 37 29 28 37 28 26 11 28 4 15 5 14 9 27 28 28 29 27 37 9 17 30 29 15 2 27 28 26 40 29 28 29 11 37 28 44 44 11 5 27 17 28 6 44 9 2 37 33 33 28 20 27 30 28 35 31 15 29
split_gain=10724.2 2297.47 4650.11 1930.19 1566.82 3799.76 2949.38 1210.6 865.752 797.401 890.799 678.634 653.369 501.774 428.63 881.924 386.846 372.586 433.022 365.315 328.997 306.018 298.574 271.621 244.829 244.675 244.155 280.862 224.914 221.157 233.683 219.869 219.728 218.481 196.434 325.133 388.118 186.634 184.009 183.512 183.313 174.052 196.421 223.688 266.227 172.771 169.672 168.829 167.137 188.744 164.454 162.029 156.276 219.082 157.99 184.854 151.581 165.187 151.885 147.456 141.159 133.396 131.614
threshold=16.500000000000004 1.0000000180025095e-35 68370.000000000015 2001.5000000000002 4.5000000000000009 1010045021.0000001 1.0000000180025095e-35 115710.00000000001 1010610034.5000001 410851.50000000006 4.5000000000000009 21.500000000000004 44550.000000000007 3.0000000000000004 10473.500000000002 308.50000000000006 10.500000000000002 5918.5000000000009 2531250.0000000005 5846176.0000000009 1018125.0000000001 1460.0000000000002 1733352.5000000002 1015165013.5000001 5918.5000000000009 305.00000000000006 1999.5000000000002 11425.000000000002 10001.500000000002 10028.500000000002 7717500.0000000009 5101875.0000000009 1.0000000180025095e-35 34.500000000000007 28305.000000000004 59490.000000000007 41612.000000000007 188.50000000000003 3032350022.0000005 26378775.000000004 4053451.0000000005 4062950.0000000005 991.50000000000011 411.50000000000006 12259.000000000002 4150.0000000000009 30210.000000000004 4.5000000000000009 5009651.5000000009 20.500000000000004 11412.500000000002 1000945501.0000001 4.330000000000001 4.7300000000000013 99210.000000000015 1.5000000000000002 22166.000000000004 1983.5000000000002 3979800.0000000005 166.50000000000003 4.830000000000001 11398.000000000002 358609.00000000006
decision_type=10 10 10 10 10 10 8 10 10 10 10 10 10 2 10 2 10 10 10 8 10 10 10 10 10 10 8 10 10 2 8 10 10 10 10 10 10 10 10 10 10 10 10 2 10 10 10 2 10 10 2 8 10 10 10 8 10 10 10 10 10 10 10
left_child=4 2 12 7 6 22 23 21 24 52 20 -9 46 31 16 -16 -13 -15 60 -8 -11 41 59 39 -7 -18 27 -21 32 30 -28 -5 -29 -14 -23 36 40 -27 -12 -1 -36 42 43 -3 -45 47 -2 -30 -43 -50 -17 -41 54 -54 -4 -56 -22 58 -58 -6 -19 -35 -10
right_child=1 3 9 13 5 8 19 11 62 10 38 14 33 17 15 50 25 18 -20 26 56 34 -24 -25 -26 37 29 28 45 -31 -32 -33 -34 61 35 -37 -38 -39 -40 51 -42 48 -44 44 -46 -47 -48 -49 49 -51 -52 -53 53 -55 55 -57 57 -59 -60 -61 -62 -63 -64
leaf_value=0.036977731317279251 -0.023332121944330552 -0.056190602298781062 0.0045748680688697139 0.00080034316443882152 0.057675900129151754 -0.053696776070378038 0.0032870315434307081 0.010708811025837549 -0.016171992829730433 0.024928070972367419 0.01307323778399086 -0.0051705668756039814 -0.010675318081847004 0.015954452907907101 0.0048446569343561247 -0.014986687108139995 -0.018915879426435019 -0.047660564153722551 0.02993834223379107 0.030350575720497243 0.011118473124379913 -0.025043206456218121 0.10383207257287722 0.019126283106385391 -0.09309739115849211 -0.023140823605868943 0.023354607687673938 -0.041381472828595535 0.029285487684333214 0.0144823927634371 0.049266844244660636 0.013335954312131202 0.018669731648086191 -0.00086814173863359754 -0.19342524267733097 -0.03204124334427514 0.0022231507115066051 -0.041622031558156344 -0.0049176785555518666 0.03202347313682747 -0.093015124718658623 -0.01651877960047474 -0.16034969669174062 -0.063077185205701325 -0.20366640880026599 0.0098217015885270278 -0.012605893921331074 0.014340766011318588 -0.14681841624392705 -0.044538558684402117 -0.025169178270828034 0.055400343736096452 -0.080336056120934016 6.2515370046148538e-06 0.017447958327285389 0.0061806676871782821 0.05431248000147966 0.02785926097567426 0.1006738817691803 -0.0068650285326517548 -0.12312056750059126 -0.0073929033670105167 0.042222645999038522
leaf_weight=3208 1494 254 6563 3341 174 495 2852 910 62 1442 2076 803 4493 151 2063 10628 1496 317 68 794 90 827 128 574 199 781 1207 138 857 1643 423 2021 91 8672 30 193 24 1328 679 351 36 124 22 27 22 7639 11893 3300 22 62 1649 1113 31 2088 2506 2747 545 192 72 39 24 4179 79
leaf_count=3208 1494 254 6563 3341 174 495 2852 910 62 1442 2076 803 4493 151 2063 10628 1496 317 68 794 90 827 128 574 199 781 1207 138 857 1643 423 2021 91 8672 30 193 24 1328 679 351 36 124 22 27 22 7639 11893 3300 22 62 1649 1113 31 2088 2506 2747 545 192 72 39 24 4179 79
internal_value=0 -0.00544029 -0.00160708 -0.0124472 0.0170513 -0.0167644 0.0186953 -0.0166591 -0.0512256 0.0100466 0.0202013 -0.0145915 -0.00882392 0.00270306 -0.0158196 -0.0133046 -0.0240012 -0.0243185 -0.039187 0.0131828 0.0338081 -0.0413976 0.0676199 0.0386016 -0.0649946 -0.0281956 0.0149366 0.0130694 0.0119284 0.0222498 0.0300791 0.00552516 -0.0175183 -0.00498084 -0.0324258 -0.0539997 -0.101088 -0.0347781 0.00863918 0.0409943 -0.138656 -0.0600818 -0.0737965 -0.0675121 -0.126199 0.0125 -0.0138029 0.0174217 -0.0386525 -0.0713261 -0.0163544 0.0497956 0.006333 -0.00116912 0.00767838 0.0115558 0.0480517 0.0521604 0.0597226 0.0458585 -0.0529715 -0.00298992 0.0165456
internal_weight=0 76985 49762 27223 25366 1176 24190 21301 835 19031 5096 19658 30731 5922 18748 14340 4408 560 409 18944 2341 1643 341 5246 694 3605 16092 12819 12025 3273 1630 5362 229 17344 1110 283 90 2109 2755 4672 66 533 325 303 49 11796 13387 4157 208 84 12277 1464 13935 2119 11816 5253 899 809 617 213 341 12851 141
internal_count=102351 76985 49762 27223 25366 1176 24190 21301 835 19031 5096 19658 30731 5922 18748 14340 4408 560 409 18944 2341 1643 341 5246 694 3605 16092 12819 12025 3273 1630 5362 229 17344 1110 283 90 2109 2755 4672 66 533 325 303 49 11796 13387 4157 208 84 12277 1464 13935 2119 11816 5253 899 809 617 213 341 12851 141
is_linear=0
shrinkage=0.03


Tree=10
num_leaves=64
num_cat=0
split_feature=36 29 28 25 20 11 29 29 8 24 28 9 28 4 44 28 27 25 36 28 29 8 9 40 13 29 15 4 3 6 40 9 13 2 29 15 4 8 28 9 10 8 4 20 40 26 20 4 39 28 11 8 36 36 36 28 28 28 28 3 27 8 29
split_gain=10345.3 2147.86 4281.81 1696.67 1359.99 3450.42 2885.06 1075.39 819.152 751.085 733.908 732.283 653.328 650.372 553.115 455.405 444.555 426.824 424.758 367.582 366.725 306.663 294.541 258.446 273.944 250.11 290.343 271.507 262.512 218.465 212.595 194.567 191.285 182.606 182.34 179.214 214.332 177.808 174.381 172.784 166.505 173.862 163.268 220.891 158.484 158.24 152.126 227.296 151.777 146.709 175.568 144.451 209.351 187.074 175.102 143.799 208.838 142.245 142.223 140.352 221.934 151.839 267.419
threshold=10802.500000000002 1.0000000180025095e-35 68370.000000000015 1.0000000180025095e-35 4.5000000000000009 130.50000000000003 1.0000000180025095e-35 1460.0000000000002 2271.0000000000005 1.0000000180025095e-35 513225.00000000006 260.50000000000006 44550.000000000007 3.0000000000000004 4001300.0000000005 5846176.0000000009 1593450.5000000002 2.5000000000000004 21706.500000000004 1891805.0000000002 2036003.5000000002 560.50000000000011 79.500000000000014 34.500000000000007 27.500000000000004 61200.000000000007 10001.500000000002 3.0000000000000004 1998.5000000000002 4.5000000000000009 34.500000000000007 63.500000000000007 15.500000000000002 10309.500000000002 3855985.5000000005 10459.500000000002 3.0000000000000004 9414.5000000000018 34170.000000000007 131.50000000000003 407.50000000000006 2332.5000000000005 3.0000000000000004 4.5000000000000009 31.500000000000004 1.0000000180025095e-35 3.5000000000000004 3.0000000000000004 11.500000000000002 26378775.000000004 20.510000000000002 1207.5000000000002 40404.500000000007 31601.500000000004 43804.500000000007 46218150.000000007 97702544.000000015 1509311.5000000002 87510.000000000015 1988.5000000000002 14009.000000000002 11080.000000000002 28305.000000000004
decision_type=10 10 10 10 10 10 8 10 10 10 10 10 10 2 10 8 10 10 10 10 10 10 10 10 10 10 10 2 2 2 10 10 10 2 10 10 2 10 10 10 10 10 2 10 10 10 10 2 10 10 10 10 10 10 10 10 10 10 10 2 10 10 10
left_child=4 2 12 13 6 22 29 23 14 17 51 19 38 21 -9 34 -15 -7 35 -12 40 -3 -6 31 -25 -17 45 28 -28 49 -14 44 -23 -26 57 36 -10 -32 -2 -11 41 -20 48 -44 -5 -27 47 -43 -13 -1 -51 52 -4 -53 -55 -29 -57 -8 -16 60 61 62 -42
right_child=1 3 10 7 5 9 15 8 18 39 11 42 30 16 58 25 -18 -19 20 -21 -22 32 -24 24 33 26 27 55 -30 -31 37 -33 -34 -35 -36 -37 -38 -39 -40 -41 59 46 43 -45 -46 -47 -48 -49 -50 50 -52 53 -54 54 -56 56 -58 -59 -60 -61 -62 -63 -64
leaf_value=0.03667166898567855 -0.019987362583010725 0.023348917339747751 0.020687676066659392 -0.086799905243165346 0.081851634368792378 -0.19662407398223877 -0.0087046936967192842 0.0036841427846026871 -0.023342173544044647 0.07917924213815819 0.026806449773756943 0.01275157398153387 -0.010536536839462592 -0.051677074887556948 -0.045020584269613757 0.020544896270155773 0.034862202272965354 -0.056079674927914804 -0.080128306272263458 0.059296111944478022 0.0075168123834059922 0.0093784640000122779 0.029668124814920399 -0.025531359966827007 -0.026225001382888875 -0.040181972992831265 0.011689301655357733 0.0038243185154727246 0.02614098908023443 0.028224278764952364 -0.00085895079234249536 -0.03658741552828966 -0.0031373913920635602 -0.087700550915604109 -0.078767406097054474 -0.038561570315232489 0.047540557982865717 -0.0089760319733217537 -0.011840990336590815 -0.018366633885754987 -0.045413738341231816 -0.015781260732393311 -0.044078500453186661 0.033803784659856166 -0.17117453950372608 0.017082439038542008 0.0003761013476024446 -0.092437780380249024 -0.015672855499340468 0.027964442354210309 0.05439294097467972 -0.00040120417870427946 -0.00010608886583163167 0.0095175685486672285 -0.0013415858715295356 -0.094595996504649518 0.015347808340321416 0.0062790156360670096 -0.012727377926911343 -0.0013787265169990818 -0.021705218673645367 -0.020235453890552108 -0.12830557527286665
leaf_weight=2399 3074 719 1318 51 212 20 757 2851 447 44 1834 1679 4439 300 127 4448 65 704 37 378 522 1928 180 269 60 145 10033 61 1275 1706 9569 36 2556 158 25 1299 42 3255 10252 26 211 6499 114 46 33 62 540 35 188 285 1097 3889 651 7181 1642 48 23 2311 3660 267 4109 140 42
leaf_count=2399 3074 719 1318 51 212 20 757 2851 447 44 1834 1679 4439 300 127 4448 65 704 37 378 522 1928 180 269 60 145 10033 61 1275 1706 9569 36 2556 158 25 1299 42 3255 10252 26 211 6499 114 46 33 62 540 35 188 285 1097 3889 651 7181 1642 48 23 2311 3660 267 4109 140 42
internal_value=0 -0.00550358 -0.00179145 -0.0123096 0.0164446 -0.0149354 0.0179529 -0.0161423 -0.0149952 -0.0508894 0.00942654 0.0204224 -0.00873003 0.00244492 -0.00629652 0.0124673 -0.036266 -0.0599621 -0.0190644 0.0323585 -0.0170936 0.00516056 0.0578898 -0.0555038 -0.0457867 0.0144934 0.0121823 0.0128194 0.0133188 0.0371359 -0.00487795 -0.0949392 0.00224409 -0.0707807 0.0019244 -0.0327342 -0.0172541 -0.00291924 -0.0137202 0.0429479 -0.0181749 -0.0152664 0.00739685 -0.0216873 -0.119947 -0.0230303 -0.0149271 -0.0161919 0.00988934 0.0411569 0.0489428 0.0062516 0.0138127 0.00508044 0.00749663 -0.029957 -0.0589804 0.00258193 -0.0138104 -0.0225118 -0.0237652 -0.045303 -0.0591744
internal_weight=0 76512 49509 27003 25861 1186 24675 21435 20828 794 18920 4239 30589 5568 6638 19188 365 724 14190 2212 12402 5203 392 607 487 16095 11647 11440 11308 5487 17263 120 4484 218 3093 1788 489 12824 13326 70 11880 7111 2027 160 84 207 7074 6534 1867 3781 1382 14681 1969 12712 8823 132 71 3068 3787 4769 4502 393 253
internal_count=102373 76512 49509 27003 25861 1186 24675 21435 20828 794 18920 4239 30589 5568 6638 19188 365 724 14190 2212 12402 5203 392 607 487 16095 11647 11440 11308 5487 17263 120 4484 218 3093 1788 489 12824 13326 70 11880 7111 2027 160 84 207 7074 6534 1867 3781 1382 14681 1969 12712 8823 132 71 3068 3787 4769 4502 393 253
is_linear=0
shrinkage=0.03


Tree=11
num_leaves=64
num_cat=0
split_feature=36 29 28 30 28 29 11 33 8 28 9 10 28 36 24 8 4 28 27 26 28 45 30 29 33 27 8 15 26 17 28 23 16 7 28 28 8 9 23 4 27 28 8 28 17 17 6 23 4 9 33 29 29 29 11 27 7 7 10 11 17 27 40
split_gain=9733.93 2020.92 4028.76 1672.9 1252.26 1220.4 2013.65 4225.14 874.509 690.682 767.025 666.101 614.716 526.541 509.969 429.153 397.789 372.75 371.666 373.289 282.27 264.584 258.218 233.821 215.678 208.088 423.809 205.068 235.163 204.945 186.971 184.451 181.69 178.193 169.065 164.075 163.316 162.934 162.833 156.301 155.808 151.135 150.877 195.264 168.834 162.883 148.526 147.765 141.395 368.155 158.211 140.919 140.038 281.247 193.096 168.32 228.487 278.596 146.662 139.875 138.852 137.32 135.364
threshold=10802.500000000002 1.0000000180025095e-35 68370.000000000015 2001.5000000000002 102510.00000000001 2304.0000000000005 130.50000000000003 11.000000000000002 2371.5000000000005 591303.50000000012 260.50000000000006 308.50000000000006 44550.000000000007 21701.500000000004 1.0000000180025095e-35 1009.5000000000001 3.0000000000000004 5846176.0000000009 1935908.0000000002 4.5000000000000009 1891805.0000000002 40515502002.500008 2013.5000000000002 1460.0000000000002 4.330000000000001 21090.000000000004 5878.5000000000009 10001.500000000002 1.0000000180025095e-35 2860.0000000000005 12369045.000000002 13.500000000000002 110.50000000000001 116.50000000000001 410851.50000000006 34170.000000000007 6438.5000000000009 604.50000000000011 73.500000000000014 3.0000000000000004 378225.00000000006 903599.50000000012 1207.5000000000002 94290.000000000015 7055.0000000000009 2805.0000000000005 25.500000000000004 5.7500000000000009 3.0000000000000004 5918.5000000000009 14.500000000000002 1776705.0000000002 4585.0000000000009 28305.000000000004 991.50000000000011 15870.000000000002 512.50000000000011 211.50000000000003 411.50000000000006 493.01500000000004 7560.0000000000009 1733352.5000000002 33.500000000000007
decision_type=10 10 10 10 10 10 8 10 10 10 10 10 10 10 10 10 2 10 10 10 10 10 10 10 10 10 10 10 10 10 10 10 10 10 10 10 10 8 8 2 10 10 10 10 10 10 2 8 2 10 10 10 10 10 10 10 10 10 10 10 10 10 10
left_child=5 2 12 4 21 6 24 31 11 42 20 -6 35 34 15 -9 23 41 19 40 -11 25 27 -5 -1 52 -27 28 -19 59 -25 33 -23 -8 -10 -2 51 47 48 -12 -18 -7 43 -4 45 -44 -41 -35 -26 61 -51 -15 54 -54 58 56 57 -55 -3 -14 -31 -50 -13
right_child=1 3 9 16 8 17 7 14 13 10 39 62 29 36 -16 -17 18 22 -20 -21 -22 32 -24 30 38 26 -28 -29 -30 60 -32 -33 -34 37 -36 -37 -38 -39 -40 46 -42 -43 44 -45 -46 -47 -48 -49 49 50 -52 -53 53 55 -56 -57 -58 -59 -60 -61 -62 -63 -64
leaf_value=0.023610060793667797 -0.019387741651209951 -0.05031755324432572 0.0003480782931338337 -0.081800574993581635 0.0058421467562944952 -0.022934120845230711 0.053837146519394266 -0.056016349757972365 0.024922450864460408 0.028462349969100555 0.0099383681778500432 -0.059453988542248093 -0.0044291714975383091 -0.01370785103439584 0.083525537563406901 -0.19700642502307891 -0.0070800062437211308 -0.038976514047589797 0.033514790626672598 -0.048796373198653549 0.057517228608208126 -0.012119855871859276 0.040117889635642119 0.0022797524277386439 0.039162377097149204 -0.20753222777467706 -0.027319440077990295 0.013177455675789443 0.020139508524981253 -0.010358710549047028 0.016234028401089323 0.041157070443774403 -0.040541775774584156 0.022540738918800738 -0.036848183745123934 -0.011485760513943562 -0.020296414125869543 0.013878570851004631 0.072965783274173732 0.027002030587089915 0.071546141654252993 0.0032374941745870211 0.006042748725514112 0.02020105351821383 0.011195696045962275 -0.0019582559089827028 -0.038915158339897574 0.048749089392050665 0.066336456578391698 0.041308163487812195 -0.033863415250907074 0.015259616925831764 -0.020068220279094037 -0.063092261612988434 -0.14820029092871626 -0.016892715698108074 -0.025018638926558194 -0.19833208263948046 -0.11252513358226189 0.0032401622312433847 -0.00054969865897823162 0.11794042376381621 -0.012476686483921185
leaf_weight=650 3074 272 656 28 2878 216 145 682 41 1476 1788 56 6114 6075 23 20 93 145 91 344 378 321 316 4246 3222 23 24 14195 104 6214 1085 502 548 785 1457 10252 4927 1665 150 42 30 2463 6406 1392 3103 3564 115 257 134 79 37 155 254 26 23 30 25 29 39 3293 1642 71 3883
leaf_count=650 3074 272 656 28 2878 216 145 682 41 1476 1788 56 6114 6075 23 20 93 145 91 344 378 321 316 4246 3222 23 24 14195 104 6214 1085 502 548 785 1457 10252 4927 1665 150 42 30 2463 6406 1392 3103 3564 115 257 134 79 37 155 254 26 23 30 25 29 39 3293 1642 71 3883
internal_value=0 -0.00533847 -0.0017377 -0.0119403 -0.0158959 0.0159513 0.0253291 0.0101927 -0.013791 0.00914375 0.0205793 -0.00512875 -0.00846813 -0.0184572 -0.0554789 -0.0600332 0.00215568 0.0114223 -0.0219501 -0.032758 0.0343862 -0.0412896 0.0132909 0.00466567 0.0395454 -0.054408 -0.115509 0.012704 -0.0142855 -0.00473161 0.00511982 0.0243882 -0.030043 0.0214366 -0.0351575 -0.0133086 -0.016215 0.0197011 0.0423502 0.00741833 0.0120971 0.00112735 0.00627069 0.0138419 0.00508459 0.00318261 -0.0212813 0.0290048 0.041054 0.0600413 0.017331 -0.0129872 -0.0502938 -0.037422 -0.0643217 -0.0774934 -0.100219 -0.134401 -0.0581185 -0.00174446 -0.00830851 0.0842091 -0.0131446
internal_weight=0 76512 49509 27003 21086 25861 8422 4079 19472 18920 3799 6817 30589 12655 725 702 5917 17439 558 467 1854 1614 14760 5359 4343 745 47 14444 249 17263 5331 3354 869 2852 1498 13326 11157 2707 3693 1945 123 2679 15121 2048 13073 9970 157 1042 3543 321 116 6230 698 364 334 110 80 55 311 9407 7856 205 3939
internal_count=102373 76512 49509 27003 21086 25861 8422 4079 19472 18920 3799 6817 30589 12655 725 702 5917 17439 558 467 1854 1614 14760 5359 4343 745 47 14444 249 17263 5331 3354 869 2852 1498 13326 11157 2707 3693 1945 123 2679 15121 2048 13073 9970 157 1042 3543 321 116 6230 698 364 334 110 80 55 311 9407 7856 205 3939
is_linear=0
shrinkage=0.03


Tree=12
num_leaves=64
num_cat=0
split_feature=36 29 28 37 20 37 29 28 28 4 13 8 8 27 9 28 23 36 29 28 44 31 37 30 9 29 11 11 29 28 4 13 3 29 4 30 15 36 12 33 28 28 8 4 29 9 47 2 17 17 29 11 20 23 28 8 20 36 11 13 36 5 27
split_gain=9158.65 1901.49 3799.35 1648.42 1197.12 3324.92 2570.38 1066.36 870.949 765.03 766.213 714.585 661.436 583.644 528.763 445.85 421.426 365.568 354.73 340.002 311.329 304.923 286.587 279.937 260.856 245.724 263.787 244.16 235.198 230.568 248.005 228.675 222.414 219.872 342.127 312.605 232.722 218.365 237.842 209.642 197.737 191.296 190.207 188.526 186.201 182.999 180.24 186.462 176.48 177.532 171.701 171.009 169.572 163.851 162.919 159.003 158.158 150.454 147.394 218.381 147.097 140.366 140.027
threshold=10802.500000000002 1.0000000180025095e-35 58950.000000000007 3000105007.0000005 4.5000000000000009 1010045021.0000001 1.0000000180025095e-35 102510.00000000001 381825.00000000006 3.0000000000000004 15.500000000000002 1071.5000000000002 2450.5000000000005 1905978.5000000002 5918.5000000000009 1018125.0000000001 7.2500000000000009 21701.500000000004 33070.500000000007 37170.000000000007 4015851.0000000005 9.5000000000000018 1015165013.5000001 2006.5000000000002 5918.5000000000009 4585.0000000000009 478.50000000000006 269.51000000000005 28305.000000000004 83850.000000000015 1.5000000000000002 27.500000000000004 2006.5000000000002 58354.000000000007 3.0000000000000004 1986.5000000000002 10001.500000000002 32502.500000000004 2006.5000000000002 4.330000000000001 48150.000000000007 53190.000000000007 1427.5000000000002 3.0000000000000004 212971.50000000003 34.500000000000007 39.500000000000007 11223.500000000002 3025.0000000000005 7560.0000000000009 5620313.0000000009 336.50000000000006 4.5000000000000009 12.750000000000002 3358350.0000000005 3044.5000000000005 3.5000000000000004 32201.500000000004 307.50500000000005 28.500000000000004 44152.500000000007 305.50000000000006 13035.000000000002
decision_type=10 10 10 10 10 10 8 10 10 2 10 10 10 10 10 10 8 10 10 10 10 10 10 10 10 10 10 10 10 10 2 10 2 10 2 10 10 10 10 10 10 10 10 2 10 10 2 2 10 10 10 10 10 10 10 10 10 10 10 10 10 2 10
left_child=4 2 19 7 6 21 22 25 29 10 54 32 20 18 15 -10 42 -14 -11 -2 -9 44 39 60 -20 26 27 -3 40 61 -31 46 -7 -18 35 36 -35 38 -28 -1 -27 -33 -8 55 -6 51 -30 -48 -21 -50 -44 -29 -45 -37 -5 -16 -26 -19 -47 -60 -12 -4 -17
right_child=1 3 8 9 5 11 16 12 14 13 23 -13 17 -15 43 62 33 57 24 48 -22 -23 -24 -25 56 28 37 45 31 30 -32 41 -34 34 -36 53 -38 -39 -40 -41 -42 -43 50 52 -46 58 47 -49 49 -51 -52 -53 -54 -55 -56 -57 -58 -59 59 -61 -62 -63 -64
leaf_value=0.024995312300739977 -0.016634296750771313 -0.053356439370446714 -0.0083874883849425243 0.0034782260877669179 0.049027044009770697 -0.085211682017235196 0.007659163358082189 0.0020516926268210902 0.018270619582830293 -0.12887472810267014 -0.0065022383058107522 0.016309104955152556 -0.032222668068139469 0.031380853117085425 0.013292176862373745 0.00067383523478817481 0.019611887401602888 -0.011510514929523853 0.022556601331992582 -0.0055576950753133533 -0.013012312781827183 0.093936633411096399 0.016225832256334602 0.0025326689069640135 -0.068816053401678803 -0.031274638196924512 -0.099438608240795465 -0.121959550344944 -0.018248885583735126 0.01015062514961524 -0.0014469820044438473 -0.14619566936433934 -0.047976659333469111 -0.022517325316462666 -0.03547375843363957 0.0049710572584103626 0.0102291588002219 -0.017976833304232904 0.0077742528319358819 0.040616128117471575 0.0060901723521342242 -0.056917192973196508 -0.0048414967644869857 -0.044103566237117933 -0.040304127987474202 -0.066314116492867461 -0.13255440827831627 -0.027638801430021561 -0.013073345619325143 -0.0016832274755482538 -0.071281011352936421 -0.015721080392599104 0.030504666707323238 0.024858663429577425 0.017754828884916883 -0.0067304419574781039 -0.032265334240264364 -0.019844838670173465 -0.11443694865769322 -0.23748094924858637 -0.018370516534527422 0.00209015545741661 0.046368195619257771
leaf_weight=966 5108 212 1337 1157 168 204 2303 2309 2283 43 2898 136 1665 104 1484 65 4311 3046 55 11653 2654 160 646 2349 176 431 73 25 153 6792 2196 36 494 200 137 452 8350 213 25 3875 181 54 1270 115 24 20 30 31 7387 1478 36 30 36 2129 1902 470 270 5415 34 21 1391 8260 845
leaf_count=966 5108 212 1337 1157 168 204 2303 2309 2283 43 2898 136 1665 104 1484 65 4311 3046 55 11653 2654 160 646 2349 176 431 73 25 153 6792 2196 36 494 200 137 452 8350 213 25 3875 181 54 1270 115 24 20 30 31 7387 1478 36 30 36 2129 1902 470 270 5415 34 21 1391 8260 845
internal_value=0 -0.00517832 -0.00168557 -0.0115821 0.0154727 -0.0139684 0.0168878 -0.0174234 0.00692297 -0.00217635 -6.74068e-05 -0.0466015 -0.0149757 -0.0337356 0.0176529 0.0253482 0.01171 -0.0193731 -0.0461843 -0.00970859 -0.00600389 0.0633497 0.0349945 -0.00579205 -0.0390871 -0.0409619 -0.0550232 -0.0732059 -0.0309379 0.0038642 0.00731703 -0.0525069 -0.0588591 0.0138499 0.0116455 0.0122254 0.00946316 -0.0350281 -0.0720884 0.0374991 -0.0202239 -0.0926286 0.00247277 0.0059803 0.0378606 -0.105576 -0.0356332 -0.0792366 -0.00798443 -0.0111744 -0.00667291 -0.0640113 -0.0263162 0.0213758 0.012355 0.00847609 -0.0466889 -0.0168444 -0.136057 -0.161417 -0.0103513 0.000630469 0.0431043
internal_weight=0 76512 49509 27003 25861 1186 24675 16658 23883 10345 9697 834 15089 648 5298 3193 19188 10126 544 25626 4963 352 5487 6638 501 1569 653 342 916 18585 8988 304 698 15579 11268 11131 8550 311 98 4841 612 90 3609 2105 192 130 214 61 20518 8865 1306 55 151 2581 3059 1954 446 8461 75 55 4289 9597 910
internal_count=102373 76512 49509 27003 25861 1186 24675 16658 23883 10345 9697 834 15089 648 5298 3193 19188 10126 544 25626 4963 352 5487 6638 501 1569 653 342 916 18585 8988 304 698 15579 11268 11131 8550 311 98 4841 612 90 3609 2105 192 130 214 61 20518 8865 1306 55 151 2581 3059 1954 446 8461 75 55 4289 9597 910
is_linear=0
shrinkage=0.03


Tree=13
num_leaves=64
num_cat=0
split_feature=36 28 8 28 27 30 32 45 30 7 45 9 37 30 32 28 28 25 28 9 4 25 6 4 31 15 7 4 15 40 3 36 7 26 32 23 30 37 13 39 4 37 12 7 15 3 23 30 27 36 28 37 4 15 35 31 23 25 4 37 9 10 12
split_gain=8617.38 1606.86 1302.62 1764.15 1070.11 1009.31 806.035 1549.38 758.889 643.193 512.47 458.118 325.554 313.678 288.974 263.872 237.799 236.289 228.654 393.54 266.751 202.393 284.553 269.934 192.447 226.659 217.233 207.089 174.524 293.564 174.32 173.605 168.785 163.532 158.12 147.054 197.127 144.797 269.521 144.623 144.457 335.774 141.149 130.072 128.294 123.576 117.811 116.185 115.507 112.56 183.698 111.762 291.76 111.506 111.229 107.066 106.046 104.96 104.51 433.264 222.44 103.397 103.066
threshold=10802.500000000002 54690.000000000007 1207.5000000000002 1312199.5000000002 68436459.000000015 2007.5000000000002 14.500000000000002 10137002000.500002 2001.5000000000002 61.500000000000007 40134001500.500008 7501.5000000000009 1015820026.5000001 1938.5000000000002 4.1000000000000005 61951975.500000007 35490.000000000007 2.5000000000000004 80610.000000000015 2685.5000000000005 3.0000000000000004 1.0000000180025095e-35 4.5000000000000009 1.5000000000000002 6.7700000000000005 10001.500000000002 93.500000000000014 3.0000000000000004 11354.500000000002 41.500000000000007 2006.5000000000002 31601.500000000004 43.500000000000007 4.5000000000000009 0.75000000000000011 42.500000000000007 1937.5000000000002 3020925034.5000005 10.500000000000002 11.500000000000002 3.0000000000000004 1010225032.5000001 2000.5000000000002 88.500000000000014 11413.500000000002 1940.5000000000002 84.000000000000014 2016.5000000000002 7717500.0000000009 31601.500000000004 381825.00000000006 5015365637.000001 3.0000000000000004 11204.500000000002 216.50000000000003 1.2500000000000002 13.500000000000002 3.5000000000000004 3.0000000000000004 4049595013.5000005 149.50000000000003 108.50000000000001 1004.5000000000001
decision_type=10 8 10 10 10 10 10 10 10 10 10 10 10 10 8 10 10 10 10 10 2 10 2 2 10 8 10 2 10 10 2 10 10 10 10 8 10 8 10 10 2 10 10 10 8 2 10 10 8 10 8 8 2 10 10 10 10 10 2 8 10 10 10
left_child=4 16 10 18 5 6 9 40 13 14 32 -6 46 15 -1 34 -2 -9 31 49 53 22 48 33 25 62 27 -26 43 -30 -19 -4 -3 61 -5 36 -16 38 -15 55 -8 -42 -40 -10 51 57 -7 -31 -11 50 -20 -39 56 -21 -52 -18 -53 -28 -45 60 -60 -23 -25
right_child=1 2 3 8 11 12 7 17 28 21 -12 -13 -14 37 35 -17 39 30 19 20 -22 23 -24 24 26 -27 45 -29 29 47 -32 -33 -34 -35 -36 -37 -38 44 42 -41 41 -43 -44 58 -46 -47 -48 -49 -50 -51 54 52 -54 -55 -56 -57 -58 -59 59 -61 -62 -63 -64
leaf_value=0.014198456008015387 -0.018077524275892386 0.023458159464006683 -0.0091308074644479882 -0.0052669603748763082 0.055634488751811359 0.037901429442248606 0.012438812706295418 -0.12134263357094355 -0.038977909328751871 0.024625102149491627 -0.0055271469950557567 -0.068884734992674973 0.004897563892187983 -0.0064834195186590973 0.038215475670619808 -0.035387892634047506 -0.0065952257175045928 0.010233420674275193 -0.0020326398366925752 -0.020377754873668542 -0.058612060478295785 0.058777825518289979 0.012574871294458305 -0.037131698289821886 0.0036155511649258723 0.0084309010243651273 0.028769146945674094 0.07950072059577161 -0.1092907998488388 -0.011339999602655814 -0.046537360817586117 -9.854860457890062e-05 0.010742844323697615 -0.035657292580604551 0.016600226159774054 0.056432258245512477 0.016270387959267413 -0.0065271510141668224 -0.10322140159830451 -0.013231349032654733 0.088931287969671063 -0.029195860102772711 -0.042387320899273738 0.0074845430723006097 -0.02366503012546619 0.013350983709755362 0.073445829423991124 0.044821496422801699 0.0439134900055256 0.0086397647936288027 -0.0051835643002903498 -0.017209955936705493 0.042089824642561655 -0.0024386454519482628 0.013953993102275878 -0.014013072112630072 -0.0083590415139332946 0.016418700104746071 0.01968197031877935 0.031698212160310407 -0.048152979653615216 0.023785115341506614 0.013585252582561224
leaf_weight=894 4115 1154 2404 2546 31 1812 842 35 61 1273 1690 187 280 216 1235 241 9346 54 2936 373 88 181 2368 145 1684 7112 1177 33 27 628 494 9419 5056 25 337 246 525 1516 40 8032 67 32 242 2581 1422 3197 88 35 358 6566 339 7709 79 1902 1411 2155 1447 1307 56 148 195 131 48
leaf_count=894 4115 1154 2404 2546 31 1812 842 35 61 1273 1690 187 280 216 1235 241 9346 54 2936 373 88 181 2368 145 1684 7112 1177 33 27 628 494 9419 5056 25 337 246 525 1516 40 8032 67 32 242 2581 1422 3197 88 35 358 6566 339 7709 79 1902 1411 2155 1447 1307 56 148 195 131 48
internal_value=0 -0.00502297 -0.00211518 -0.00408911 0.0150086 0.0155712 0.013757 -0.00734005 -0.0108716 0.0152225 0.0091197 -0.0511779 0.0350972 -0.0137461 0.0283841 -0.00523172 -0.0115232 -0.0457699 0.00111711 0.00376758 -0.00736228 0.0132178 0.0192163 0.0116228 0.0110144 0.00756038 0.0144249 0.00507403 0.00129725 -0.0123241 -0.0409432 -0.0019351 0.0131057 0.0381697 -0.00271086 0.0347061 0.0316694 -0.0158453 -0.0317008 -0.0101424 0.0164693 0.0507488 -0.0510163 0.00438791 -0.0151967 0.0172511 0.0395477 -0.00837521 0.0288589 0.00610493 0.00255314 -0.0140766 -0.0153159 -0.00537987 0.0102468 -0.00798514 -0.0158112 0.0222707 0.0052756 -0.0090133 -0.0330185 0.0440854 -0.0245182
internal_weight=0 76512 52864 44964 25861 25643 23463 1524 19526 21939 7900 218 2180 15795 2900 3124 23648 583 25438 13615 2363 19039 3999 15040 14703 7305 7398 1717 3731 690 548 11823 6210 337 2883 2006 1760 12671 498 19533 941 99 282 3041 12173 5681 1900 663 1631 11252 4686 10751 9235 2275 1750 11501 9156 2484 2980 399 251 312 193
internal_count=102373 76512 52864 44964 25861 25643 23463 1524 19526 21939 7900 218 2180 15795 2900 3124 23648 583 25438 13615 2363 19039 3999 15040 14703 7305 7398 1717 3731 690 548 11823 6210 337 2883 2006 1760 12671 498 19533 941 99 282 3041 12173 5681 1900 663 1631 11252 4686 10751 9235 2275 1750 11501 9156 2484 2980 399 251 312 193
is_linear=0
shrinkage=0.03


Tree=14
num_leaves=64
num_cat=0
split_feature=36 29 27 37 29 20 37 20 4 13 8 27 27 27 36 26 36 2 23 29 25 4 29 26 30 11 14 29 36 39 14 30 45 23 16 30 27 36 27 12 15 26 4 11 29 7 23 27 23 31 2 20 8 47 29 13 36 33 36 20 36 30 30
split_gain=8108.09 1752.83 2534.77 1488.33 1066.22 2285 3293.28 809.903 703.832 688.67 621.061 528.099 480.444 470.378 387.594 369.251 334.339 419.93 330.346 323.122 293.379 279.67 257.22 252.625 252.048 246.892 213.914 209.187 198.927 197.054 194.903 194.074 190.397 243.357 306.651 196.982 177.998 177.866 174.237 172.588 165.873 217.227 163.392 433.444 171.765 158.337 157.416 151.608 151.407 149.914 149.638 149.189 147.493 145.674 141.483 138.034 137.743 133.024 182.566 132.474 132.19 130.156 152.819
threshold=10802.500000000002 1.0000000180025095e-35 17969.500000000004 3000105007.0000005 2304.0000000000005 4.5000000000000009 1010045021.0000001 1.5000000000000002 3.0000000000000004 15.500000000000002 2823.5000000000005 1905978.5000000002 482625.00000000006 164252.50000000003 21607.500000000004 4.5000000000000009 44002.500000000007 11208.500000000002 7.2500000000000009 33070.500000000007 2.5000000000000004 3.0000000000000004 4585.0000000000009 4.5000000000000009 2006.5000000000002 478.50000000000006 32.500000000000007 3295.5000000000005 31609.500000000004 15.500000000000002 49.500000000000007 2013.5000000000002 30197004001.500004 4.8750000000000009 48.500000000000007 1952.5000000000002 1733352.5000000002 32502.500000000004 4497762.5000000009 2006.5000000000002 10001.500000000002 1.0000000180025095e-35 3.0000000000000004 114.51000000000001 285847.00000000006 74.500000000000014 64.000000000000014 245251.00000000003 3.8750000000000004 1.7500000000000002 11420.500000000002 3.5000000000000004 1623.5000000000002 40.500000000000007 5620313.0000000009 27.500000000000004 32201.500000000004 4.330000000000001 44203.500000000007 7.5000000000000009 44152.500000000007 1986.5000000000002 1952.5000000000002
decision_type=10 10 10 10 10 10 10 8 2 10 10 10 10 10 10 10 10 2 10 10 10 2 10 10 10 10 10 10 10 10 10 10 10 10 10 10 10 10 10 10 10 10 2 10 10 10 8 10 10 10 2 10 10 2 10 10 10 10 10 8 10 10 10
left_child=4 2 16 7 5 12 36 22 9 47 21 19 45 32 -12 -15 17 28 52 -10 -8 26 25 -21 60 27 -9 50 48 -19 -18 40 33 34 -4 -35 -7 39 -22 -27 41 -20 61 -44 -45 -1 -14 -5 59 -24 -3 -25 -6 -28 -54 -39 -16 58 -34 -2 -11 62 -42
right_child=1 3 13 8 18 6 20 10 11 24 14 -13 46 15 56 -17 30 29 31 23 38 -23 49 51 -26 37 53 -29 -30 -31 -32 -33 57 35 -36 -37 -38 55 -40 -41 42 -43 43 44 -46 -47 -48 -49 -50 -51 -52 -53 54 -55 -56 -57 -58 -59 -60 -61 -62 -63 -64
leaf_value=0.033390401219682272 -0.01064891665902256 -0.05442001971118339 -0.009265167408230985 0.0033810697795592431 0.0055395410951260722 0.050506587090043173 -0.14816716916031306 -0.011110908586434478 -0.12311594226159328 -0.0061650505931519052 -0.033482039972658202 0.029586473964871123 0.034443451311631068 0.037527669694715528 -0.011318355760876074 0.011752662390619964 -0.011805444670228208 0.0019630762005252412 -0.036017747874917655 0.022629986274987458 0.016886385430892308 0.04952564247662667 -0.024633758415301913 -0.06605532558759053 0.0024114506917648983 -0.090773510556010642 0.004857063793918634 -0.14229048691922799 0.0048332182232365493 -0.0081165754655264759 -0.0047902429447729319 0.035388649891980963 0.0086713184850978047 0.050637159564528716 0.016762402836207051 -0.0035285452078980734 0.099857323499339998 -0.0019906438803117647 -0.050798343148339406 0.0076180720542158393 0.015224931199838287 0.022161398033204022 0.029277112548632068 -0.015900319999278482 -0.084622558839619152 0.017293332833410339 0.056884141969341342 0.017067800829789589 0.020717113927265045 -0.088820337659734142 -0.12204061576419255 -0.030662942401010473 -0.006196706353515373 -0.026263601439911244 -0.064701177065189061 -0.056005077545010183 -0.019328259038309533 -0.0024440335932942011 -0.003168440098623332 -0.047293669479899103 -0.0174159275901315 0.018604845405625438 0.0079484733412598478
leaf_weight=698 6588 274 536 1196 2582 196 27 3566 43 2898 1406 104 3773 845 3007 1226 9647 9927 145 56 36 80 890 180 2349 68 1480 32 857 2118 5653 322 6627 257 1698 79 99 153 696 21 4714 96 121 67 64 2593 304 1863 137 34 33 265 807 149 39 59 5406 1800 1424 90 1391 2696 5786
leaf_count=698 6588 274 536 1196 2582 196 27 3566 43 2898 1406 104 3773 845 3007 1226 9647 9927 145 56 36 80 890 180 2349 68 1480 32 857 2118 5653 322 6627 257 1698 79 99 153 696 21 4714 96 121 67 64 2593 304 1863 137 34 33 265 807 149 39 59 5406 1800 1424 90 1391 2696 5786
internal_value=0 -0.00487228 -0.00151884 -0.0110207 0.0145583 0.0233238 -0.0179915 -0.016571 -0.00208329 -6.04622e-05 -0.0144417 -0.0323539 0.029234 0.0090329 -0.018902 0.0222693 -0.00588574 -0.00330348 0.0103251 -0.0441955 -0.0510517 -0.0061392 -0.0371209 -0.0374219 -0.0054877 -0.0517394 -0.0069964 -0.0692971 -0.00878926 0.000190664 -0.00921349 0.0123674 0.00682595 0.0140978 0.0105177 0.0379018 0.0670684 -0.0319651 -0.0474696 -0.0675575 0.0118259 -0.0128427 0.012268 -0.0116612 -0.0494745 0.0207074 0.0361167 0.0117166 -0.0105023 -0.0269956 -0.0616887 -0.044979 0.00197754 0.00201054 -0.00889372 -0.017023 -0.0164653 0.00492881 0.00657719 -0.0111428 -0.00981391 0.012725 0.0112153
internal_weight=0 76512 49509 27003 25861 8422 1054 16658 10345 9697 15094 648 7368 14492 9819 2071 35017 19717 17439 544 759 5275 1564 501 6638 640 5195 339 7672 12045 15300 14011 12421 2570 2234 336 295 301 732 89 13689 241 13448 252 131 3291 4077 3059 6815 924 307 445 3428 1629 846 212 8413 9851 8051 6678 4289 13196 10500
internal_count=102373 76512 49509 27003 25861 8422 1054 16658 10345 9697 15094 648 7368 14492 9819 2071 35017 19717 17439 544 759 5275 1564 501 6638 640 5195 339 7672 12045 15300 14011 12421 2570 2234 336 295 301 732 89 13689 241 13448 252 131 3291 4077 3059 6815 924 307 445 3428 1629 846 212 8413 9851 8051 6678 4289 13196 10500
is_linear=0
shrinkage=0.03


Tree=15
num_leaves=64
num_cat=0
split_feature=45 29 28 37 29 20 37 28 4 13 28 36 28 9 20 25 36 6 23 30 10 28 30 15 23 27 13 29 29 30 4 17 45 7 35 15 27 8 20 17 13 26 28 9 29 37 8 16 27 30 23 27 8 20 35 23 36 4 27 28 28 9 39
split_gain=7679.46 1641.87 3226.33 1470.39 1075.79 2288.96 3334.49 924.702 612.348 679.174 602.331 467.226 462.556 663.537 450.49 419.718 404.224 397.517 339.964 278.175 261.616 236.091 228.815 224.563 212.851 209.075 194.633 188.336 195.735 257.813 182.692 180.816 247.401 189.6 283.209 176.863 171.055 170.266 169.468 168.191 164.476 163.256 180.919 158.598 153.822 159.468 153.195 152.737 189.322 150.163 149.007 147.643 139.411 135.846 132.341 131.404 127.844 127.809 126.583 121.248 119.348 113.136 112.892
threshold=15159522500.000002 1.0000000180025095e-35 74910.000000000015 3000105007.0000005 2304.0000000000005 4.5000000000000009 1010045021.0000001 102510.00000000001 3.0000000000000004 15.500000000000002 44550.000000000007 21607.500000000004 591303.50000000012 5918.5000000000009 3.5000000000000004 1.0000000180025095e-35 31706.500000000004 4.5000000000000009 10.750000000000002 2011.5000000000002 407.50000000000006 1375425.0000000002 2001.5000000000002 10474.500000000002 64.000000000000014 723374.50000000012 19.500000000000004 1460.0000000000002 28305.000000000004 1947.5000000000002 3.0000000000000004 2450.0000000000005 50156012008.500008 991.50000000000011 1179.5000000000002 10001.500000000002 1733352.5000000002 764.50000000000011 4.5000000000000009 2215.0000000000005 26.500000000000004 2.5000000000000004 115710.00000000001 44.500000000000007 1.0000000180025095e-35 1015165013.5000001 1519.5000000000002 61.500000000000007 17969.500000000004 2012.5000000000002 2.6850000000000005 4497762.5000000009 1207.5000000000002 4.5000000000000009 81.500000000000014 14.250000000000002 50751.500000000007 3.0000000000000004 245251.00000000003 28530.000000000004 44910.000000000007 5918.5000000000009 5.5000000000000009
decision_type=10 10 8 10 10 10 10 10 2 10 10 10 8 10 10 10 10 2 8 10 8 8 10 10 8 10 10 10 10 10 2 10 10 10 10 10 10 10 10 10 10 10 10 10 8 10 10 10 10 10 10 10 10 10 10 8 10 2 10 10 10 10 10
left_child=4 2 10 7 5 17 36 27 9 58 59 39 41 21 22 -8 23 24 46 35 54 -14 -10 -13 -1 55 -12 31 -29 47 -15 32 50 -33 -35 37 -7 -20 -32 49 -28 42 62 -34 45 -19 -6 -30 -49 -9 60 -17 -44 -41 -11 61 -31 -18 -5 -2 -3 -16 -4
right_child=1 3 12 8 18 6 15 11 14 20 26 16 13 30 25 51 57 44 19 -21 -22 -23 -24 -25 -26 -27 40 28 29 56 38 33 43 34 -36 -37 -38 -39 -40 53 -42 -43 52 -45 -46 -47 -48 48 -50 -51 -52 -53 -54 -55 -56 -57 -58 -59 -60 -61 -62 -63 -64
leaf_value=0.032419254678982289 -0.021344795441390264 -0.062617585146251847 -0.0008519965319532327 0.0040713331326783118 0.0071844641009343266 0.052243360098322283 -0.18270838090351652 -0.037371640407813482 -0.12745141891546027 0.012624163430999279 -0.0091062654504327368 -0.014201522965350563 0.023956905302538654 0.0088347645602596427 0.029337099934106364 0.013430679329804011 -0.015617169640951048 0.032641687805212254 -0.031771117711391343 0.036000766308624942 -0.014348725716512658 0.046842575312004746 -0.050124074189972154 0.0021756673178235965 0.055516811064988146 0.015294811066526633 0.0015708047227978223 -0.023253692181027057 -0.0020720723457634447 -0.012970691134264184 -0.043337363587773362 -0.059114768081344665 -0.16248644390702247 -0.20416779033162377 -0.055150465369224549 0.012056846860508699 0.10123198425833214 0.031472467628910261 0.031247936788325506 -0.017338742377857368 -0.0047159239783925366 -0.00011707427719567873 0.023839237044591132 -0.044444284795650414 0.0119909785424883 0.013730360985938699 -0.0038020466307048316 -0.11687514477955369 -0.041079745262240369 0.0037133306739202073 -0.096617022923060819 -0.049651201561300214 0.010304397626688081 0.060564859083720619 -0.0032878810357719278 -0.093680522055923934 -0.089614373290020477 0.027258405067869237 0.016658142080317042 -0.010988954720710509 -8.4655710762216845e-05 -0.029446567280862763 0.0078920250417935378
leaf_weight=4051 1110 34 1989 1180 3120 202 21 1160 43 532 4458 1126 1266 1753 34 35 9226 1131 154 435 2043 597 173 2278 394 156 6632 773 20 132 115 208 20 22 24 12425 94 51 36 495 8605 2597 868 21 1200 622 1802 87 45 86 21 727 3247 21 4064 25 23 63 1841 12214 143 221 4004
leaf_count=4051 1110 34 1989 1180 3120 202 21 1160 43 532 4458 1126 1266 1753 34 35 9226 1131 154 435 2043 597 173 2278 394 156 6632 773 20 132 115 208 20 22 24 12425 94 51 36 495 8605 2597 868 21 1200 622 1802 87 45 86 21 727 3247 21 4064 25 23 63 1841 12214 143 221 4004
internal_value=0 -0.00473576 -0.00151534 -0.0107867 0.0140342 0.022845 -0.0179743 -0.0164721 -0.00194983 -5.05722e-05 -0.00692542 -0.0140951 0.00932945 0.018562 -0.0300892 -0.0504 -0.0120855 0.0287985 0.00988176 0.0124132 -0.00541653 0.0312906 -0.0655179 -0.0032417 0.0344666 -0.0125373 -0.00359272 -0.0383158 -0.0313023 -0.0515682 0.00610739 -0.0536801 -0.0349503 -0.0713038 -0.12642 0.0116008 0.0678006 -0.0160373 -0.0255554 -0.0285713 -0.00197959 0.00659204 0.00831578 -0.102026 0.0202666 0.0259316 0.00316218 -0.07933 -0.0910358 -0.0345359 -0.0210609 -0.0467537 0.0131594 -0.0141682 -0.00144602 -0.0280437 -0.0243436 -0.0153264 0.0117417 -0.0118517 -0.0120966 -0.0216087 0.00499
internal_weight=0 75831 49491 26340 26464 8477 1079 16028 10312 9660 33019 14455 16472 3767 652 783 12693 7398 17987 13065 6639 1863 216 3404 4445 436 19695 1573 1080 307 1904 493 239 254 46 12630 296 205 151 1762 15237 12705 10108 41 2953 1753 4922 152 132 1246 198 762 4115 516 4596 280 155 9289 3021 13324 177 255 5993
internal_count=102295 75831 49491 26340 26464 8477 1079 16028 10312 9660 33019 14455 16472 3767 652 783 12693 7398 17987 13065 6639 1863 216 3404 4445 436 19695 1573 1080 307 1904 493 239 254 46 12630 296 205 151 1762 15237 12705 10108 41 2953 1753 4922 152 132 1246 198 762 4115 516 4596 280 155 9289 3021 13324 177 255 5993
is_linear=0
shrinkage=0.03


Tree=16
num_leaves=64
num_cat=0
split_feature=40 29 27 37 29 20 37 20 4 13 27 8 20 25 27 6 6 3 37 44 5 6 35 27 30 27 11 4 44 32 3 35 35 12 13 8 9 29 2 4 29 9 44 14 40 29 37 4 3 7 27 6 3 30 3 27 44 44 9 3 30 35 5
split_gain=7221.51 1544.14 2248.59 1383.82 1013.37 2153.68 3137.42 742.445 564.411 576.443 441.915 432.097 424.105 394.913 379.167 374.024 293.269 279.928 272.716 266.71 246.155 226.829 213.429 203.952 195.617 192.664 185.658 184.045 182.698 161.94 158.859 165.101 283.764 190.116 216.232 188.697 155.552 194.41 164.97 150.738 148.552 222.036 147.95 203.342 174.359 144.731 150.043 144.584 141.262 141.255 138.918 134.643 132.278 129.237 162.976 128.926 127.181 183.439 129.969 132.41 126.313 124.723 123.993
threshold=19.000000000000004 1.0000000180025095e-35 20222.000000000004 2049220035.0000002 2304.0000000000005 4.5000000000000009 1010045021.0000001 1.5000000000000002 3.0000000000000004 15.500000000000002 13470.000000000002 2823.5000000000005 3.5000000000000004 1.0000000180025095e-35 387855.00000000006 4.5000000000000009 6.5000000000000009 2011.5000000000002 3000815024.0000005 2028350.0000000002 407.50000000000006 32.500000000000007 60202.000000000007 20034437.500000004 2001.5000000000002 723374.50000000012 279.50000000000006 1.5000000000000002 3017850.0000000005 11.000000000000002 1904.5000000000002 361.50000000000006 512.50000000000011 2003.5000000000002 27.500000000000004 2450.5000000000005 46.500000000000007 2843418.5000000005 10023.500000000002 3.0000000000000004 22902.000000000004 68.500000000000014 3074500.0000000005 26.500000000000004 44.500000000000007 1.0000000180025095e-35 1015165013.5000001 3.0000000000000004 1985.5000000000002 30.500000000000004 4497762.5000000009 40.500000000000007 2012.5000000000002 1869.5000000000002 1899.5000000000002 8069.5000000000009 4048700.0000000005 3074500.0000000005 29.500000000000004 1929.5000000000002 1934.5000000000002 58.500000000000007 410.50000000000006
decision_type=10 10 8 10 10 10 10 8 2 10 10 10 10 10 8 2 2 2 10 10 2 2 10 8 10 10 10 2 10 10 2 10 10 10 10 10 10 10 2 2 10 10 10 10 10 8 10 2 2 10 10 2 2 10 2 8 10 10 10 2 10 10 2
left_child=4 2 10 7 5 15 29 22 9 49 27 21 24 -8 28 23 17 36 -16 26 61 39 30 -1 48 -14 -13 52 -4 -7 -3 -32 33 40 -35 -34 37 -6 -39 -9 41 -33 -12 -44 -45 46 -17 -21 -10 -5 -15 -23 55 54 -30 -2 57 -37 -59 -60 -24 -11 -58
right_child=1 3 14 8 16 6 13 11 12 20 42 19 25 50 18 45 -18 -19 -20 47 -22 51 60 -25 -26 -27 -28 -29 53 -31 31 32 35 34 -36 56 -38 38 -40 -41 -42 -43 43 44 -46 -47 -48 -49 -50 -51 -52 -53 -54 -55 -56 -57 62 58 59 -61 -62 -63 -64
leaf_value=0.031642765619197266 -0.012214459174832694 -0.097187208786074605 0.015642843308643954 0.027868605745833226 0.0082624142647916236 0.053301602445791164 -0.17722712533814564 -0.01210045270615784 -0.071292740893363946 0.013979964990415178 0.0051141613760908632 -0.029970761944597073 -0.026610471943549652 0.013027759296553476 0.056314520759787032 0.031662437137117826 -0.00089023505374532727 0.041208587245520796 0.018111920322541612 -0.016272773232635294 -0.013918263894836724 0.0051347425129279868 -0.068377159251831465 0.056504674691153924 -0.048620352021531567 0.014835967032525401 -0.11273130362033844 0.0050463282633078418 -0.03306703612833034 0.10526810912389151 -0.023334808423403471 0.00030714666875808131 -0.092168063140577738 -0.057205513353858678 -0.18272052098065614 -0.028784513003909242 0.013174500288909787 -0.037717154020300278 0.0046543732283382926 0.046522048644314057 -0.12758429625204631 -0.11942496053874492 0.0035493152291704516 -0.012329169447885351 -0.0014569835968142578 0.011631249160019798 0.01331845017869674 0.019317018867004661 -0.17826125192642212 0.0079928467964129665 -0.048161666346086186 -0.024758092901488178 0.0064735416948589856 0.0071735064359216994 0.010751963191880629 -0.0069440797124247699 -0.0063471722451940099 -0.1269795793796388 -0.112003737741283 -0.013784443313255906 0.0057484475831501179 -0.002990374883982648 -0.037677125085124281
leaf_weight=4125 5382 42 2531 363 6714 225 21 3016 25 430 3297 1009 286 35 247 1131 2124 271 527 8436 2043 1509 24 320 173 156 25 1049 164 71 458 46 54 21 30 117 8550 156 176 40 21 20 3303 2233 3274 1200 622 104 20 2836 727 149 572 8106 143 18663 187 39 21 30 150 4166 290
leaf_count=4125 5382 42 2531 363 6714 225 21 3016 25 430 3297 1009 286 35 247 1131 2124 271 527 8436 2043 1509 24 320 173 156 25 1049 164 71 458 46 54 21 30 117 8550 156 176 40 21 20 3303 2233 3274 1200 622 104 20 2836 727 149 572 8106 143 18663 187 39 21 30 150 4166 290
internal_value=0 -0.00459283 -0.00146988 -0.0104615 0.0136079 0.0221596 -0.0174351 -0.0160602 -0.00201491 -0.000213205 -0.00503152 -0.0139209 -0.0288713 -0.048888 0.0100111 0.0279345 0.00957856 0.0109799 0.0303032 -0.0175817 -0.00525403 -0.00648594 -0.035781 0.0334326 -0.0631141 -0.0119823 -0.0319717 -0.00726015 0.00857593 0.0657665 -0.0397396 -0.0379309 -0.0455623 -0.0850476 -0.131038 -0.0381788 0.0104547 0.00715429 -0.0152551 -0.0113331 -0.0580878 -0.0359753 -0.000306965 -0.00233573 -0.00586548 0.0196586 0.0251536 -0.0158394 -0.118834 0.0102482 -0.0453511 0.00244835 -0.00778457 0.0064499 -0.0126562 -0.00812375 -0.0339165 -0.0535536 -0.0857535 -0.0542277 -0.00447577 -0.00140264 -0.0253947
internal_weight=0 75827 49491 26336 26468 8477 1079 15838 10498 9838 37773 14288 660 783 11718 7398 17991 15867 774 9574 6639 4714 1550 4445 218 442 1034 25666 10944 296 1376 1334 876 138 51 738 15596 7046 332 3056 87 66 12107 8810 5507 2953 1753 8540 45 3199 762 1658 24617 8413 307 24045 684 207 90 51 174 4596 477
internal_count=102295 75827 49491 26336 26468 8477 1079 15838 10498 9838 37773 14288 660 783 11718 7398 17991 15867 774 9574 6639 4714 1550 4445 218 442 1034 25666 10944 296 1376 1334 876 138 51 738 15596 7046 332 3056 87 66 12107 8810 5507 2953 1753 8540 45 3199 762 1658 24617 8413 307 24045 684 207 90 51 174 4596 477
is_linear=0
shrinkage=0.03


Tree=17
num_leaves=64
num_cat=0
split_feature=40 29 28 30 29 20 37 28 8 28 9 36 28 2 25 28 4 9 30 37 23 28 24 36 3 29 8 4 13 29 29 28 29 8 28 3 35 28 20 6 23 32 17 29 29 29 17 23 11 11 9 12 28 2 8 36 5 16 3 33 37 36 3
split_gain=6794.72 1452.89 2892.79 1309.71 956.281 2133.04 2952 952.466 611.116 498.94 619.798 483.961 451.151 376.252 371.574 346.065 268.343 241.1 229.908 229.907 220.972 214.96 206.654 187.089 182.737 177.289 175.509 172.695 170.043 163.509 317.285 193.186 425.923 201.721 180.435 167.812 169.293 166.903 161.219 157.979 154.439 152.369 150.467 149.251 135.12 185.988 153.215 215.176 199.396 162.56 239.218 158.751 152.745 132.841 129.689 154.448 138.778 136.565 128.499 127.926 127.243 123.18 122.424
threshold=19.000000000000004 1.0000000180025095e-35 68370.000000000015 2001.5000000000002 1.0000000180025095e-35 4.5000000000000009 1010045021.0000001 102510.00000000001 1207.5000000000002 591303.50000000012 5918.5000000000009 21701.500000000004 44550.000000000007 10026.500000000002 1.0000000180025095e-35 3855375.0000000005 3.0000000000000004 5918.5000000000009 1946.5000000000002 4049595013.5000005 77.500000000000014 1375425.0000000002 1.0000000180025095e-35 40101.500000000007 2005.5000000000002 11425.000000000002 468.50000000000006 3.0000000000000004 19.500000000000004 28305.000000000004 4585.0000000000009 56250.000000000007 38917.000000000007 6700.5000000000009 46050.000000000007 1947.5000000000002 713.50000000000011 48150.000000000007 3.5000000000000004 38.500000000000007 7.2500000000000009 11.000000000000002 2215.0000000000005 1460.0000000000002 3295.5000000000005 1460.0000000000002 2450.0000000000005 2.6850000000000005 195.50000000000003 923.00000000000011 23.500000000000004 3001.5000000000005 52710.000000000007 10309.500000000002 1115.5000000000002 31508.500000000004 306.50000000000006 112.50000000000001 1924.5000000000002 4.330000000000001 3034370051.5000005 43751.500000000007 1899.5000000000002
decision_type=10 10 8 10 10 10 10 10 10 8 10 10 10 2 10 10 2 10 10 10 8 8 10 10 2 10 10 2 10 10 10 10 10 10 10 2 10 10 8 2 8 10 10 8 10 10 10 10 10 10 10 10 10 2 10 10 2 10 2 10 8 10 2
left_child=4 2 12 7 5 13 41 29 23 54 21 42 62 20 -8 -6 26 -18 60 -19 59 -11 -15 -9 25 -17 -5 -12 -14 30 44 32 34 35 -31 36 39 -32 -29 -33 -20 -7 -10 -28 45 46 47 48 53 50 -48 -52 -46 -3 56 -56 -4 -57 -16 -1 -13 -30 -2
right_child=1 3 9 16 15 6 14 8 11 10 27 18 28 22 58 24 17 19 40 -21 -22 -23 -24 -25 -26 -27 43 38 61 31 37 33 -34 -35 -36 -37 -38 -39 -40 -41 -42 -43 -44 -45 52 -47 49 -49 -50 -51 51 -53 -54 -55 55 57 -58 -59 -60 -61 -62 -63 -64
leaf_value=0.019939342100458717 -0.026132862767551612 -0.018893345412798225 0.025001422610609246 0.019668745219505519 -0.00088152342443072206 0.051702554352488363 -0.17191031285694666 0.0079583747829000823 -0.035270004435366507 0.02290431614250708 0.0082147774445216412 0.0082546813631111694 -0.0092122904224012751 0.013062419884906676 0.007017001339367457 0.021224927947713784 0.017222090756697374 -0.041672975079466892 -0.016492574788377682 0.0082068430282900822 0.063609701907304542 0.044741788226567047 0.030677708008043397 -0.0093406321048375134 0.02361418066631497 0.0093942985937434907 -0.069278293383540579 -0.063929928096674263 0.00089554674838088438 -0.088228978291153906 -0.025956992309907091 -0.013523917025327683 0.012190194413065911 -0.0056272013504058121 -0.21023678652942179 -0.029206535143114751 -0.16246279763057828 0.007813335371157918 -0.00039719955631248327 -0.12664480738341807 -0.0082261576547778981 0.10211006515462633 -0.013926609694814183 0.0027956786247952292 -0.035641435033176093 -0.0077475347042367864 -0.0080838952230719418 -0.10641279312316328 -0.0056755476023059286 -0.12798564257946882 -0.090783326786210511 -0.016247906628996132 -0.1379562886162051 -0.10286236012282853 -0.00053701833730669343 0.007945500398356075 0.0073833145988615239 -0.0028878999079731044 -0.046966036387719214 0.035080431694883688 -0.008022639464783583 -0.0049201359038281009 -0.010701595612773573
leaf_weight=597 480 30 576 596 2475 225 21 1631 1166 1266 1753 499 4153 1604 42 1240 137 315 8294 113 220 597 957 859 995 14138 26 59 6056 20 470 25 20 80 24 59 24 183 92 20 2695 71 399 4752 24 118 65 32 166 33 131 32 29 39 4057 7870 1335 1208 720 3163 3230 7145 12844
leaf_count=597 480 30 576 596 2475 225 21 1631 1166 1266 1753 499 4153 1604 42 1240 137 315 8294 113 220 597 957 859 995 14138 26 59 6056 20 470 25 20 80 24 59 24 183 92 20 2695 71 399 4752 24 118 65 32 166 33 131 32 29 39 4057 7870 1335 1208 720 3163 3230 7145 12844
internal_value=0 -0.00445505 -0.00142578 -0.0101477 0.0131997 0.022168 -0.016912 -0.0137577 -0.011851 0.00783613 0.0176002 -0.0139676 -0.00710557 0.0286146 -0.0474214 0.00957395 0.00225058 -0.0174163 -0.0122811 -0.0285038 0.0343863 0.0299022 0.0196449 0.00199056 0.0111544 0.0103483 0.00431827 0.00556308 -0.0039178 -0.035799 -0.0315293 -0.0570218 -0.102601 -0.0429974 -0.154779 -0.0663538 -0.0981174 -0.016493 -0.0252212 -0.0637999 -0.0144653 0.0637935 -0.0298285 0.00240348 -0.045576 -0.041798 -0.0494078 -0.0334299 -0.0234918 -0.065753 -0.0567456 -0.0761506 -0.091625 -0.0663541 0.00539156 0.00432918 0.0126936 0.00650391 -0.0439906 0.0326764 -0.00584447 -0.00225217 -0.0112575
internal_weight=0 75827 49491 26336 26468 7620 1079 20397 18773 18813 3767 16283 30678 6541 783 18848 5939 565 14718 428 3980 1863 2561 2490 16373 15378 5374 1904 17354 1624 1352 272 64 208 44 128 69 653 151 45 10989 296 1565 4778 699 646 528 267 235 261 228 163 53 69 15046 13135 1911 9078 762 3760 3729 13201 13324
internal_count=102295 75827 49491 26336 26468 7620 1079 20397 18773 18813 3767 16283 30678 6541 783 18848 5939 565 14718 428 3980 1863 2561 2490 16373 15378 5374 1904 17354 1624 1352 272 64 208 44 128 69 653 151 45 10989 296 1565 4778 699 646 528 267 235 261 228 163 53 69 15046 13135 1911 9078 762 3760 3729 13201 13324
is_linear=0
shrinkage=0.03


Tree=18
num_leaves=64
num_cat=0
split_feature=40 29 28 37 29 20 37 28 4 37 28 36 20 28 9 2 25 36 23 30 30 23 30 28 5 24 27 35 36 29 29 3 8 29 15 4 17 23 11 11 2 20 27 26 28 17 9 17 27 12 27 30 37 9 27 3 27 23 30 4 37 20 8
split_gain=6393.15 1367.02 2731.08 1236.32 899.765 2006.98 2777.53 776.619 524.148 544.953 515.917 399.394 391.634 389.985 583.168 354.016 349.614 345.936 329.433 243.675 236.544 207.913 207.098 204.243 195.511 194.441 179.668 173.272 170.28 166.217 172.928 255.011 165.384 163.046 176.122 162.488 154.715 201.323 173.528 158.097 169.286 154.251 153.429 152.76 163.195 142.545 139.324 150.601 235.146 162.239 132.644 131.083 127.447 124.978 124.572 123.98 123.573 123.279 122.935 243.97 150.598 122.641 121.337
threshold=19.000000000000004 1.0000000180025095e-35 74910.000000000015 3000105007.0000005 1.0000000180025095e-35 4.5000000000000009 1010045021.0000001 102510.00000000001 3.0000000000000004 3029115021.5000005 44550.000000000007 21607.500000000004 3.5000000000000004 591303.50000000012 5918.5000000000009 10026.500000000002 1.0000000180025095e-35 31706.500000000004 10.750000000000002 2006.5000000000002 2011.5000000000002 77.500000000000014 2001.5000000000002 1891805.0000000002 211.50000000000003 1.0000000180025095e-35 723374.50000000012 81.500000000000014 31601.500000000004 1460.0000000000002 28305.000000000004 1947.5000000000002 7738.5000000000009 105812.50000000001 10001.500000000002 3.0000000000000004 2450.0000000000005 2.6850000000000005 991.50000000000011 195.50000000000003 10309.500000000002 4.5000000000000009 1733352.5000000002 2.5000000000000004 115710.00000000001 2215.0000000000005 23.500000000000004 3605.5000000000005 12365.000000000002 2003.5000000000002 17969.500000000004 2012.5000000000002 4092815063.0000005 60.500000000000007 4497762.5000000009 1984.5000000000002 215325.00000000003 12.250000000000002 1982.5000000000002 3.0000000000000004 1011710134.5000001 4.5000000000000009 1207.5000000000002
decision_type=10 10 8 10 10 10 10 10 2 10 10 10 10 8 10 2 10 10 8 10 10 8 10 8 2 10 10 10 8 10 10 2 10 10 10 2 10 10 10 10 2 10 10 10 10 10 10 10 10 10 10 10 10 10 10 2 10 8 10 2 10 10 10
left_child=4 2 10 7 5 15 42 29 9 56 -2 45 22 43 23 21 -8 24 27 52 33 -1 55 -15 -13 -17 57 -6 -12 36 -31 50 -30 -20 -35 -16 37 39 46 40 -3 -37 -7 44 -4 51 -38 48 -48 53 -32 -9 -11 -49 -18 -10 -5 -14 -36 -60 -61 -47 -46
right_child=1 3 13 8 18 6 16 11 12 19 28 17 26 14 35 25 54 -19 20 -21 -22 -23 -24 -25 -26 -27 -28 -29 32 30 31 -33 -34 34 58 41 38 -39 -40 -41 -42 -43 -44 -45 62 61 47 49 -50 -51 -52 -53 -54 -55 -56 -57 -58 -59 59 60 -62 -63 -64
leaf_value=0.031696089597576492 -0.010919785030608468 -0.008755135169873635 0.004589989990187858 0.0026959070182591125 0.01234484437028769 0.047145833068776247 -0.1667530015536717 -0.034403056634349172 -0.072227064759834952 -0.005564968005712401 -0.0084250728375113836 -0.013286593707072568 -0.019017848929498319 0.023893925635321465 0.0079683343081187151 0.012670547225710847 0.012611501838479722 -0.014019301926044577 0.016081882656343069 0.0028937882801809128 0.03356796221306612 0.061701411391957665 -0.046163020351675549 0.048309558752673461 0.0021086687076090896 0.02975737691718244 0.014391187085017847 -4.8412990172732384e-05 0.00077803512629302178 -0.0209217221411311 -0.094860928681514717 -0.020809902752731823 -0.0056091618174529366 -0.021154620806633419 0.0072305944769092507 -0.041429444389498749 -0.021692582421254977 -0.1093376996782091 -0.14633504626425828 -0.0062703461952361402 -0.11075528569665039 0.02972861646208912 0.093541962239851645 -0.00040860952321131747 0.02231243167011376 -0.016015431652353567 -0.062555340376306084 -0.12241560949278729 -0.17118512242518621 0.0062593414566733622 -0.034383873790502548 0.0039831039162222734 -0.016677983309033709 -0.032781324732516492 -0.045332338601463518 -0.17435671555995941 0.014990661486095496 -0.084347208206509719 0.017006452691382415 -0.081420189887285221 -0.00024971027858555316 0.058004939407110212 0.0096853907868388149
leaf_weight=3760 13324 27 5993 1186 1353 202 21 1160 23 2832 4469 1094 251 1473 1753 1604 35 9285 4039 2322 435 220 173 390 2310 957 156 4068 9164 773 102 157 6062 173 6374 115 67 27 22 153 32 36 94 2597 868 495 47 28 29 33 48 86 1382 28 727 20 1938 29 2322 36 48 21 3247
leaf_count=3760 13324 27 5993 1186 1353 202 21 1160 23 2832 4469 1094 251 1473 1753 1604 35 9285 4039 2322 435 220 173 390 2310 957 156 4068 9164 773 102 157 6062 173 6374 115 67 27 22 153 32 36 94 2597 868 495 47 28 29 33 48 86 1382 28 727 20 1938 29 2322 36 48 21 3247
internal_value=0 -0.00432139 -0.00138301 -0.00984325 0.0128037 0.0215029 -0.0164047 -0.0150576 -0.00174063 1.65281e-05 -0.00636057 -0.0128786 -0.0277747 0.00859477 0.0170722 0.0277561 -0.0459987 -0.0110201 0.00928673 -0.00490967 0.0118069 0.0333547 -0.0608081 0.0290051 -0.00283916 0.0190556 -0.0114095 0.00304476 -0.00327619 -0.0350757 -0.0284869 -0.0475355 -0.00176493 0.0110783 0.00882095 0.00539618 -0.0495096 -0.0321843 -0.0658118 -0.0223581 -0.0640773 -0.0244646 0.0618797 0.00608125 0.00774866 -0.0262625 -0.058176 -0.0729905 -0.104006 -0.0465051 -0.0755083 -0.0317536 -0.00920953 -0.0775985 -0.0426709 -0.119729 0.0103231 -0.0257841 0.00941158 0.0151895 -0.0350371 -0.013003 0.0123489
internal_weight=0 75827 49491 26336 26468 7620 1079 16024 10312 9660 33019 14451 652 16472 3767 6541 783 12689 18848 6536 13427 3980 216 1863 3404 2561 436 5421 19695 1573 1080 307 15226 12992 8953 1904 493 239 254 212 59 151 296 12705 10108 1762 232 165 76 89 150 1246 4214 56 762 43 3124 280 8780 2406 84 516 4115
internal_count=102295 75827 49491 26336 26468 7620 1079 16024 10312 9660 33019 14451 652 16472 3767 6541 783 12689 18848 6536 13427 3980 216 1863 3404 2561 436 5421 19695 1573 1080 307 15226 12992 8953 1904 493 239 254 212 59 151 296 12705 10108 1762 232 165 76 89 150 1246 4214 56 762 43 3124 280 8780 2406 84 516 4115
is_linear=0
shrinkage=0.03


Tree=19
num_leaves=64
num_cat=0
split_feature=45 29 28 37 29 37 4 28 4 13 28 33 36 28 9 36 26 27 36 23 4 27 3 5 23 27 15 36 29 29 3 9 4 27 26 28 15 32 7 36 5 27 13 29 28 16 9 27 2 14 27 13 3 39 36 25 4 2 3 23 36 4 7
split_gain=6018.95 1286.88 2569.67 1163.63 849.045 1445.09 2477.07 730.59 493.171 547.465 485.427 446.117 375.647 366.937 548.702 325.708 317.449 355.013 292.421 285.643 251.78 230.281 229.407 209.444 196.034 196.021 184.126 160.217 156.394 162.708 239.94 153.772 152.885 144.889 143.732 154.011 140.825 155.193 135.697 134.752 132.729 132.576 130.211 127.06 167.349 156.239 126.447 123.702 132.985 188.601 152.865 126.686 120.812 119.99 118.366 118.097 117.999 117.301 115.189 114.973 113.652 112.616 111.961
threshold=15159522500.000002 1.0000000180025095e-35 74910.000000000015 3000105007.0000005 2304.0000000000005 1010045021.0000001 3.0000000000000004 102510.00000000001 3.0000000000000004 15.500000000000002 44550.000000000007 4.330000000000001 21607.500000000004 591303.50000000012 5918.5000000000009 31706.500000000004 4.5000000000000009 2531250.0000000005 10406.500000000002 10.750000000000002 3.0000000000000004 10778385.000000002 2011.5000000000002 407.50000000000006 29.500000000000004 333585.00000000006 10474.500000000002 31601.500000000004 1460.0000000000002 28305.000000000004 1947.5000000000002 106.50000000000001 3.0000000000000004 1733352.5000000002 2.5000000000000004 129750.00000000001 10001.500000000002 4.6000000000000005 81.500000000000014 43751.500000000007 301.50000000000006 977626.50000000012 3.5000000000000004 39957.500000000007 59490.000000000007 108.50000000000001 234.50000000000003 13830.000000000002 10309.500000000002 30.500000000000004 9510.0000000000018 19.500000000000004 1924.5000000000002 7.5000000000000009 31604.500000000004 4.5000000000000009 3.0000000000000004 10026.500000000002 1899.5000000000002 6.7500000000000009 50751.500000000007 3.0000000000000004 30.500000000000004
decision_type=10 10 8 10 10 10 2 10 2 10 10 10 10 8 10 10 10 10 10 8 2 10 2 2 10 8 10 8 10 10 2 10 2 10 10 10 10 10 10 10 2 10 8 10 10 10 10 10 2 10 10 10 2 10 10 10 2 2 2 10 10 2 10
left_child=4 2 10 7 5 11 21 28 9 62 58 56 46 34 25 26 -10 -18 24 38 -13 42 36 59 -8 40 -14 -12 47 -30 43 33 -16 -22 35 54 37 -21 -6 -29 -15 -34 -7 44 -31 -46 -9 48 -3 53 -51 -52 -45 -50 -4 -38 -1 -58 -2 -11 -32 -17 -5
right_child=1 3 13 8 19 6 18 12 16 23 27 20 15 14 32 61 17 -19 -20 22 31 -23 -24 -25 -26 -27 -28 39 29 30 60 -33 41 -35 -36 -37 55 -39 -40 -41 -42 -43 -44 52 45 -47 -48 -49 49 50 51 -53 -54 -55 -56 -57 57 -59 -60 -61 -62 -63 -64
leaf_value=0.014208395832287177 -0.025021283111338562 0.0069503784064203497 -0.0020072322355971818 0.026231373434747792 0.011899531067733437 0.023256065040284525 -0.037756137764445565 -0.019337747033743184 0.031120511846244332 -0.005147142435020049 -0.0081723206372011688 0.031931152151471347 -0.012678093555921831 0.037043719928356277 0.0077292841421437251 -0.013874662560929349 -0.043997968070239771 0.023742504693153831 0.012334655490135999 -0.03279000930268975 0.056666568393660022 0.058221362921475381 0.039231742828207856 -0.012793685428481154 -0.072001048392085945 0.048583648324630024 0.0021514310123564684 0.0011634119805037718 -0.020294070298767515 -0.14094155215658247 -0.0093428336921948033 0.024233734017169033 -0.038884152894696364 0.10796704857177297 -0.00039635125119663156 0.012661641743831041 0.013296475403267756 0.022185906072313497 -8.5094799942054351e-05 -0.0044820748850852082 0.01769583683453449 0.028415138431112555 0.00010286729913624696 -0.08940049336008403 -0.017428370896959675 -0.11993659997439902 -0.035999052084631535 -0.028208065784225859 0.0010655706319524798 -0.037834378277980966 -0.1685879802238196 -0.090222424802075069 0.00073967645847005769 -0.05877288361790009 0.0071837353341240038 0.0073823965687175282 0.058418710595079963 0.021630428069260275 -0.010052954174320379 0.0045266444927567241 -0.080272637456655499 0.026371937783523685 0.0084690728148145381
leaf_weight=1840 480 25 1690 363 1093 1167 537 1113 75 2744 4469 3540 1126 456 1753 9226 496 81 82 136 164 148 255 2043 209 344 2278 7471 773 40 133 81 117 71 2597 3449 7491 70 3829 7755 1063 34 269 23 32 23 649 180 43 38 24 82 32 101 4969 5113 112 257 12844 1852 24 63 2658
leaf_count=1840 480 25 1690 363 1093 1167 537 1113 75 2744 4469 3540 1126 456 1753 9226 496 81 82 136 164 148 255 2043 209 344 2278 7471 773 40 133 81 117 71 2597 3449 7491 70 3829 7755 1063 34 269 23 32 23 649 180 43 38 24 82 32 101 4969 5113 112 257 12844 1852 24 63 2658
internal_value=0 -0.00419261 -0.00134152 -0.00954962 0.0124246 0.020252 0.000610463 -0.0146073 -0.00168842 1.60322e-05 -0.00616975 0.0280632 -0.0124944 0.00833693 0.01656 -0.0106926 -0.0269414 -0.0344885 -0.0414394 0.00873565 0.0342215 0.0225911 0.0110561 -0.00480161 -0.0473502 0.0281349 -0.00275399 -0.0031779 -0.0340235 -0.0276323 -0.0461094 0.0598795 0.0052343 0.0721659 0.00589881 0.0075162 0.0104952 -0.0141089 0.00257626 -0.00171198 0.023504 -0.0237307 0.0189189 -0.073243 -0.0942517 -0.0602954 -0.0254746 -0.0480243 -0.0594203 -0.0651816 -0.0894587 -0.107966 -0.0369553 -0.0409045 0.00485114 0.0108973 0.0173134 0.0327965 -0.0105922 -0.001249 -0.0201856 -0.0136017 0.0106034
internal_weight=0 75831 49491 26340 26464 8477 2412 16028 10312 9660 33019 6065 14455 16472 3767 12693 652 577 828 17987 3856 1584 13065 6639 746 1863 3404 19695 1573 1080 307 316 1904 235 12705 10108 12810 206 4922 15226 1519 151 1436 150 95 55 1762 493 313 288 144 106 55 144 6659 12604 2209 369 13324 4596 157 9289 3021
internal_count=102295 75831 49491 26340 26464 8477 2412 16028 10312 9660 33019 6065 14455 16472 3767 12693 652 577 828 17987 3856 1584 13065 6639 746 1863 3404 19695 1573 1080 307 316 1904 235 12705 10108 12810 206 4922 15226 1519 151 1436 150 95 55 1762 493 313 288 144 106 55 144 6659 12604 2209 369 13324 4596 157 9289 3021
is_linear=0
shrinkage=0.03


Tree=20
num_leaves=64
num_cat=0
split_feature=13 29 23 32 25 32 11 29 29 5 40 8 26 37 4 11 16 4 5 14 20 20 11 8 31 4 14 39 2 40 9 4 8 15 15 33 15 8 37 29 37 29 8 20 33 23 12 7 5 29 26 39 44 7 5 4 4 20 8 6 2 5 33
split_gain=5450.98 1310.03 1212.85 927.68 841.769 728.545 1021.41 792.514 714.269 534.665 540.586 484.104 436.359 422.107 427.55 316.907 360.848 312.266 305.797 291.613 875.638 290.365 237.725 232.692 215.117 214.472 207.438 199.042 175.511 186.45 173.859 171.542 170.526 161.402 154.793 156.379 154.568 155.473 154.052 151.011 186.682 147.946 145.307 149.774 141.971 140.77 140.612 137.758 135.863 135.646 133.999 133.473 127.622 124.081 117.299 116.827 116.593 139.256 114.081 113.664 143.74 102.762 101.686
threshold=4.5000000000000009 1.0000000180025095e-35 3.7100000000000004 0.75000000000000011 1.0000000180025095e-35 11.000000000000002 130.50000000000003 1.0000000180025095e-35 1460.0000000000002 411.50000000000006 34.500000000000007 2271.0000000000005 4.5000000000000009 3022470003.5000005 3.0000000000000004 798.5100000000001 49.500000000000007 1.5000000000000002 308.50000000000006 4.5000000000000009 4.5000000000000009 4.5000000000000009 20.510000000000002 7738.5000000000009 6.7700000000000005 3.0000000000000004 49.500000000000007 16.500000000000004 11422.500000000002 34.500000000000007 5918.5000000000009 3.0000000000000004 2332.5000000000005 10019.500000000002 11360.500000000002 6.2500000000000009 10472.500000000002 5301.5000000000009 4067140501.5000005 2843418.5000000005 1018331501.0000001 6853.0000000000009 8789.5000000000018 3.5000000000000004 4.330000000000001 4.8750000000000009 2000.5000000000002 991.50000000000011 407.50000000000006 226005.50000000003 4.5000000000000009 9.5000000000000018 5014654.0000000009 72.500000000000014 412.50000000000006 3.0000000000000004 3.0000000000000004 3.5000000000000004 717.50000000000011 4.5000000000000009 10016.500000000002 102.50000000000001 4.7300000000000013
decision_type=10 10 10 10 8 10 10 8 10 2 10 10 10 10 2 10 10 2 2 8 10 10 10 10 8 2 10 10 2 10 10 2 10 8 10 10 10 10 10 10 8 10 10 8 10 10 10 10 2 10 10 10 10 10 2 2 2 10 10 2 2 2 10
left_child=4 2 9 8 19 7 25 46 28 10 15 18 17 36 38 16 -2 -4 55 22 31 -8 -1 27 39 -7 -11 34 29 47 -27 -21 -16 58 -12 -36 37 52 49 61 -41 -24 43 -38 -18 -19 -6 51 -5 -15 -34 -3 -13 -14 -30 -10 -20 -58 -26 60 -35 -9 -46
right_child=1 3 12 48 5 6 21 24 11 26 23 13 53 14 32 -17 44 45 56 20 -22 -23 41 -25 33 30 -28 -29 54 -31 -32 -33 50 59 35 -37 42 -39 -40 40 -42 -43 -44 -45 62 -47 -48 -49 -50 -51 -52 -53 -54 -55 -56 -57 57 -59 -60 -61 -62 -63 -64
leaf_value=0.0095013593414275867 -0.0078516747251687335 -0.10231008200144225 0.0040776528233606489 0.012078514995666128 0.038743428821440232 0.010369168603986446 0.0030388204308555407 0.014167090966311944 0.0021852438036946676 -0.0097458755323514123 0.0092990838682578281 -0.026359390101942 0.022404014040076553 -0.0085108109440322766 -0.11515301282589251 -0.01424956616769296 0.0071276238844552101 0.023438462814868836 -0.0091205181879880255 0.016799756208973289 -0.1807378054516656 -0.040745508268443038 0.034756421301085243 -0.0022844460592716773 0.023891574807829507 0.083442162952075391 -0.0026759988377447422 -0.0077400142864429769 -0.13366728591918944 -0.027970965247371127 0.00028662747957489707 -0.02479460623232942 0.028694208678272035 0.068423164421861818 0.0028560211810304847 -0.073895804435014728 -0.012783437935334029 -0.013577960887280882 -0.012225947485625756 -0.0014767795034279266 -0.042261461879691625 0.021955895948744392 -0.023474862279680615 0.025158036810198896 -0.06557215947657824 0.042647399450610787 0.022596381505941853 -0.1264007733556731 -0.013920193001693443 0.0037912410290222246 -0.042001639617163904 -0.029288883987866658 -0.099031927605921569 0.002743565945752916 -0.044685931019484995 -0.030617510052770375 -0.095609505657226812 -0.0099293463098767548 0.0035047935346439693 0.011709060954735947 0.019205106119118662 0.0041752133427556803 -0.0032771242020069023
leaf_weight=604 5152 33 451 1989 741 529 170 1158 4278 9122 7015 1902 343 1243 26 2560 3240 701 4384 1471 21 688 2143 4934 276 72 6325 970 30 433 33 95 27 55 5284 24 6529 1243 1419 587 122 1309 1228 95 24 673 1407 29 199 2298 227 71 22 1832 24 100 31 38 2354 3986 1840 4631 1357
leaf_count=604 5152 33 451 1989 741 529 170 1158 4278 9122 7015 1902 343 1243 26 2560 3240 701 4384 1471 21 688 2143 4934 276 72 6325 970 30 433 33 95 27 55 5284 24 6529 1243 1419 587 122 1309 1228 95 24 673 1407 29 199 2298 227 71 22 1832 24 100 31 38 2354 3986 1840 4631 1357
internal_value=0 -0.00383022 -0.000924514 -0.00903867 0.0124464 0.00937443 -0.0107331 0.011123 -0.0106346 -0.00230213 -2.83005e-06 -0.00984853 0.0149205 -0.0129197 -0.00591009 -0.00485348 -0.00239221 0.0257376 -0.00419418 0.0225985 0.0116959 -0.0320703 0.0268644 0.00327928 0.00868382 0.0181429 -0.00685101 0.00534439 -0.042444 -0.0375138 0.0573076 0.0142765 -0.0419772 0.011822 0.00637432 0.00250899 -0.016253 -0.0218477 -0.00387405 0.00457343 -0.00849474 0.0299025 -0.0139965 -0.0122393 0.00369459 0.0328472 0.0281667 -0.0685817 0.00971392 -0.000527158 -0.0344867 -0.0524591 -0.0271904 0.00584404 -0.09412 0.00143598 -0.00972952 -0.0484233 0.00564424 0.0145848 0.0206336 0.00617393 -0.00435973
internal_weight=0 77905 50007 27898 24292 18649 1492 17157 25710 46007 30560 25090 4000 16259 5240 12333 9773 1825 8831 5643 1587 858 4056 18227 15009 634 15447 13293 620 566 105 1566 280 8511 12323 5308 11019 3167 4960 6498 709 3452 7852 6624 4621 1374 2148 133 2188 3541 254 104 1924 2175 54 4378 4453 69 2630 5881 1895 5789 1381
internal_count=102197 77905 50007 27898 24292 18649 1492 17157 25710 46007 30560 25090 4000 16259 5240 12333 9773 1825 8831 5643 1587 858 4056 18227 15009 634 15447 13293 620 566 105 1566 280 8511 12323 5308 11019 3167 4960 6498 709 3452 7852 6624 4621 1374 2148 133 2188 3541 254 104 1924 2175 54 4378 4453 69 2630 5881 1895 5789 1381
is_linear=0
shrinkage=0.03


Tree=21
num_leaves=64
num_cat=0
split_feature=13 29 27 32 25 32 11 29 29 8 36 27 26 39 2 5 14 4 35 25 4 4 11 31 31 4 45 26 23 17 3 2 40 6 9 36 35 36 29 12 29 29 17 13 33 12 39 2 2 36 29 3 5 4 4 45 33 9 13 9 23 5 3
split_gain=5128.83 1232.61 1849.44 872.854 792.02 685.488 961.046 745.676 672.056 455.494 337.317 311.913 344.967 297.007 311.258 287.724 274.378 547.366 473.345 273.717 272.781 249.759 223.675 203.185 202.404 201.796 190.728 220.65 239.737 181.04 192.129 165.138 175.431 163.784 163.584 154.808 151.996 150.35 142.086 180.038 192.926 139.203 138.279 135.942 134.907 132.302 129.847 129.778 127.953 124.275 123.207 115.838 110.367 109.923 109.702 133.773 100.539 99.7956 98.6356 174.379 219.548 96.6885 94.3283
threshold=4.5000000000000009 1.0000000180025095e-35 17969.500000000004 0.75000000000000011 1.0000000180025095e-35 11.000000000000002 130.50000000000003 1.0000000180025095e-35 1460.0000000000002 2271.0000000000005 21706.500000000004 164252.50000000003 4.5000000000000009 11.500000000000002 11208.500000000002 308.50000000000006 4.5000000000000009 3.0000000000000004 137.50000000000003 1.0000000180025095e-35 3.0000000000000004 3.0000000000000004 20.510000000000002 4.830000000000001 6.7700000000000005 3.0000000000000004 30197004001.500004 2.5000000000000004 4.8750000000000009 4150.0000000000009 2005.5000000000002 11422.500000000002 34.500000000000007 4.5000000000000009 5918.5000000000009 21806.500000000004 990.50000000000011 43751.500000000007 2843418.5000000005 1003.5000000000001 19508852.500000004 6853.0000000000009 8005.0000000000009 26.500000000000004 4.330000000000001 2000.5000000000002 9.5000000000000018 11354.500000000002 10020.000000000002 43904.500000000007 1984540.0000000002 1921.5000000000002 412.50000000000006 3.0000000000000004 3.0000000000000004 40069003001.500008 4.7300000000000013 144.50000000000003 27.500000000000004 16.500000000000004 1.5500000000000003 102.50000000000001 1968.5000000000002
decision_type=10 10 8 10 8 10 10 8 10 10 10 8 10 10 2 2 8 2 8 10 2 2 10 10 8 2 10 10 10 10 2 2 10 2 10 10 10 10 10 10 10 10 10 10 10 10 10 2 2 10 10 2 2 2 2 10 10 10 10 10 10 2 2
left_child=4 2 13 8 16 7 25 45 31 15 57 26 -13 14 51 53 22 -18 -19 21 -8 -12 -1 37 38 -7 27 28 -4 33 -31 32 36 48 -27 -29 46 50 61 40 -40 -24 -15 -16 49 -6 -3 -5 -26 -28 -21 -2 -33 -10 -17 -56 -39 62 -34 -60 -61 -9 -11
right_child=1 3 11 47 5 6 20 24 9 10 19 12 -14 42 43 54 17 18 -20 23 -22 -23 41 -25 29 34 44 35 -30 30 -32 52 58 -35 -36 -37 -38 56 39 -41 -42 -43 -44 -45 -46 -47 -48 -49 -50 -51 -52 -53 -54 -55 55 -57 -58 -59 59 60 -62 -63 -64
leaf_value=0.0092163184615405621 -0.010357796405620913 -0.099240780032493842 0.014029799057589871 0.011993038989434905 0.037581125779609058 0.010058093465158683 0.0030465554120019077 0.013742078153315178 0.0021196864591655549 -0.021151208424471987 0.00053189548194166984 0.032349382787400745 0.0083162934772091704 -0.010275581403033338 0.0039815918490662535 -0.0088469026688194046 0.016269614479894265 -0.17682778813622213 -0.022086509624796528 -0.011707244326085685 -0.039485760813981766 -0.039161389391673233 0.033713728667077045 -0.095069922407468158 0.071030894752059662 0.080938897654414171 0.0076918967523151617 -0.01461984907217756 0.042886519014155827 0.0056899638591678169 0.032771322546377782 -0.12965727055072784 -0.015339403642384812 0.012757322030583955 0.00027802908962423149 0.011227166569343109 -0.12862931316452367 -0.02037542071845827 -0.098088506124913682 0.0016003810328358492 -0.019113224114270442 0.021297219104958503 -0.0018428667199783253 -0.003166985873619208 -0.0032689977300136316 0.02191849003275876 -0.027377198884884515 -0.011344483075547515 0.02425159704851473 -0.0014750219138408664 0.0050088441867482316 -0.0040692693473509123 -0.043345353305339812 -0.029698984723538161 -0.10802530581300908 -0.018391848762870762 0.017166677276519212 -0.033282067156551381 -0.11171058984666034 -0.12350851723551749 -0.016513821378217212 0.0040499569846501049 0.0160741015136815
leaf_weight=604 3580 33 1661 1947 741 529 169 1158 4278 1066 2324 921 1291 9168 6211 4384 1472 22 93 9066 689 152 2143 27 56 72 6481 362 307 4143 250 30 258 3189 33 492 28 2355 33 498 178 1309 2163 3896 1798 1407 72 241 873 1675 415 10001 24 100 22 47 66 723 29 20 126 4631 65
leaf_count=604 3580 33 1661 1947 741 529 169 1158 4278 1066 2324 921 1291 9168 6211 4384 1472 22 93 9066 689 152 2143 27 56 72 6481 362 307 4143 250 30 258 3189 33 492 28 2355 33 498 178 1309 2163 3896 1798 1407 72 241 873 1675 415 10001 24 100 22 47 66 723 29 20 126 4631 65
internal_value=0 -0.00371531 -0.000896779 -0.00876751 0.012073 0.0090932 -0.0104111 0.0107893 -0.0103155 -0.00955307 -0.0125321 0.00792194 0.0183228 -0.00467116 -0.00276033 -0.00406836 0.0219206 0.0113451 -0.0516892 -0.0109819 -0.0311082 -0.00190485 0.0260585 -0.0128659 0.00842331 0.0175986 0.00612116 0.0130053 0.0185313 0.0114674 0.00723113 -0.0411707 -0.0363884 0.0159865 0.0555883 0.000270937 -0.0665242 -0.0126794 0.00443623 -0.00823989 -0.0314648 0.0290054 -0.00866584 0.00122599 0.00416947 0.0273217 -0.0499629 0.0094225 0.0270714 0.00580928 -0.0109756 -0.00572695 -0.0912964 0.0013929 -0.00943764 -0.0469706 -0.019352 -0.0245768 -0.0271318 -0.0445173 -0.0311706 0.00598872 -0.0190118
internal_weight=0 77905 50007 27898 24292 18649 1492 17157 25710 25090 16259 14988 2212 35019 23688 8831 5643 1587 115 14405 858 2476 4056 11929 15009 634 12776 2822 1968 8511 4393 620 566 4118 105 854 133 11902 6498 709 211 3452 11331 10107 9954 2148 105 2188 929 8156 9481 13581 54 4378 4453 69 2421 1854 433 175 146 5789 1131
internal_count=102197 77905 50007 27898 24292 18649 1492 17157 25710 25090 16259 14988 2212 35019 23688 8831 5643 1587 115 14405 858 2476 4056 11929 15009 634 12776 2822 1968 8511 4393 620 566 4118 105 854 133 11902 6498 709 211 3452 11331 10107 9954 2148 105 2188 929 8156 9481 13581 54 4378 4453 69 2421 1854 433 175 146 5789 1131
is_linear=0
shrinkage=0.03


Tree=22
num_leaves=64
num_cat=0
split_feature=13 29 28 30 30 28 32 11 29 23 28 26 8 28 36 13 25 4 4 9 27 4 28 25 3 37 23 37 29 29 40 29 13 3 2 8 2 9 29 8 23 30 37 45 16 23 30 12 29 28 29 2 40 35 12 28 27 27 4 28 37 9 15
split_gain=4825.72 1159.76 2303.24 955.263 789.728 736.044 645.881 1074.58 1048.19 556.274 524.574 584.251 484.409 288.821 269.126 265.062 258.771 252.063 244.964 226.82 226.619 191.543 176.33 164.521 152.242 151.965 148.389 138.088 137.819 195.031 154.475 140.849 152.424 231.174 180.867 180.912 170.04 162.635 227.591 135.47 131.894 134.241 130.329 129.825 125.919 124.955 121.968 121.281 118.098 116.959 116.31 135.041 148.331 152.173 156.172 149.585 122.28 112.431 168.84 187.168 111.628 110.45 109.263
threshold=4.5000000000000009 1.0000000180025095e-35 58950.000000000007 2001.5000000000002 2007.5000000000002 115710.00000000001 11.000000000000002 130.50000000000003 1.0000000180025095e-35 46.500000000000007 410851.50000000006 4.5000000000000009 2371.5000000000005 38010.000000000007 21701.500000000004 16.500000000000004 2.5000000000000004 3.0000000000000004 1.5000000000000002 5918.5000000000009 2531250.0000000005 3.0000000000000004 4122675.0000000005 4.5000000000000009 1962.5000000000002 3013410027.5000005 13.500000000000002 1009056050.5000001 4585.0000000000009 3295.5000000000005 44.500000000000007 20305.000000000004 27.500000000000004 1924.5000000000002 10307.500000000002 5256.5000000000009 11207.500000000002 28.500000000000004 28305.000000000004 506.50000000000006 7.7500000000000009 1928.5000000000002 1012620079.5000001 40616012004.500008 41.500000000000007 4.8750000000000009 1997.5000000000002 2001.5000000000002 100673221.50000001 410851.50000000006 1460.0000000000002 11422.500000000002 33.500000000000007 990.50000000000011 2000.5000000000002 43110.000000000007 11489.500000000002 14910.000000000002 1.5000000000000002 122070.00000000001 3032350022.0000005 29.500000000000004 10021.500000000002
decision_type=10 10 8 10 10 10 10 10 8 8 8 10 10 10 10 10 10 2 2 10 10 2 8 10 2 10 8 10 10 10 10 10 10 2 2 10 2 10 10 10 8 8 10 10 10 10 10 10 10 10 10 2 10 10 10 10 10 10 2 10 10 10 10
left_child=4 2 13 5 6 28 8 21 27 16 57 18 15 -2 49 44 -9 39 -12 -19 -21 -8 45 40 -18 -24 -6 -1 29 50 -31 -30 36 -34 -35 47 -33 -37 -39 -5 -10 -42 -23 -15 -7 -20 -17 -36 -43 -14 51 52 53 54 -3 56 -54 -4 59 -59 -13 -53 -44
right_child=1 3 10 17 26 12 7 9 23 -11 11 60 14 43 -16 46 24 19 22 20 -22 42 25 -25 -26 -27 -28 -29 31 30 -32 32 33 34 35 37 -38 38 -40 -41 41 48 62 -45 -46 -47 -48 -49 -50 -51 -52 61 55 -55 -56 -57 -58 58 -60 -61 -62 -63 -64
leaf_value=0.029662958929047949 -0.013010084092008883 -0.099273548038169207 0.00033491986142514046 0.017196388466186294 0.016397969592009475 -0.0058649553154854397 0.0094270659207745296 -0.11553144618466092 0.0009048802014610662 0.031114421946462238 0.00011860939195155624 0.0081389098069959091 0.025413364640437065 -0.0073882822963271064 -0.011838847493762796 -0.008546486666961747 0.0038256698193228139 0.015680429295187332 0.021578024144164636 -0.037337305688353112 0.022338779305710509 0.067689134503204004 0.080948556708844044 0.0052605875054033517 -0.038881250910130859 0.0036895535737276079 0.034915558658430226 0.016802112977205481 -0.010915398776051672 -0.13186631352951128 -0.030963905532421034 -0.079912940491167067 -0.1512202420681715 0.0028419830059667802 -0.062121742933988568 0.01795229308307171 -0.010801220134828069 -0.023530321965614956 -0.1497499285787344 0.0021916069063862226 0.020730893278097715 0.011095510949450564 0.052794202083349229 -0.002409905297702436 0.0064911826703250687 0.038179370622170278 -0.071377463801098717 -0.16534667762794664 -0.029242458627982571 -0.026564655977760136 -0.0062412209786248925 -0.039023009112903052 -0.040353262372443389 -0.13304894608855244 -0.015188223887979984 -0.018928871974468808 -0.11972298146188259 0.0045690117750289373 -0.0025384705367678582 0.014376528328685235 -0.0058103527650155027 -0.13152618025357907 -0.035044500506841214
leaf_weight=2694 5856 33 6857 607 534 1107 951 37 984 120 316 2135 40 11943 11134 4015 84 143 1449 363 68 93 97 7660 711 30 1439 1042 436 36 22 37 20 53 20 30 239 36 20 5021 1470 6356 25 7789 2253 568 28 21 66 1501 99 21 58 25 50 311 25 7901 2135 2250 681 26 26
leaf_count=2694 5856 33 6857 607 534 1107 951 37 984 120 316 2135 40 11943 11134 4015 84 143 1449 363 68 93 97 7660 711 30 1439 1042 436 36 22 37 20 53 20 30 239 36 20 5021 1470 6356 25 7789 2253 568 28 21 66 1501 99 21 58 25 50 311 25 7901 2135 2250 681 26 26
internal_value=0 -0.00360385 -0.000869875 -0.00850448 0.0117108 -0.0114725 0.0101025 -0.00595761 0.0117242 -0.0292691 0.0057208 0.0140963 -0.00990394 -0.00715945 -0.0134651 -0.00380664 -0.0379782 0.00187845 0.0247775 -0.0170594 -0.0279221 0.0143095 0.0284119 0.00848174 -0.0343688 0.0626984 0.0299037 0.026076 -0.0309375 -0.0408889 -0.093593 -0.023234 -0.0345174 -0.0544601 -0.043709 -0.0631357 -0.0200662 -0.038413 -0.0686088 0.00380993 0.0112616 0.0125529 0.0465541 -0.00542312 0.00242028 0.0262531 -0.00898163 -0.114993 0.010681 -0.0252155 -0.0361715 -0.0415688 -0.0370161 -0.0681635 -0.0486197 -0.0284783 -0.0642598 0.00341242 0.00513001 0.00674288 0.00476553 -0.090195 0.00801369
internal_weight=0 77905 50007 27898 24292 21696 22319 2047 20272 952 24419 5276 20078 25588 12675 7403 832 6202 2460 574 431 1095 2144 16536 795 127 1973 3736 1618 706 58 912 476 200 180 127 276 86 56 5628 8876 7892 144 19732 3360 2017 4043 41 6422 1541 648 549 502 108 83 394 83 19143 12286 10151 2816 47 51
internal_count=102197 77905 50007 27898 24292 21696 22319 2047 20272 952 24419 5276 20078 25588 12675 7403 832 6202 2460 574 431 1095 2144 16536 795 127 1973 3736 1618 706 58 912 476 200 180 127 276 86 56 5628 8876 7892 144 19732 3360 2017 4043 41 6422 1541 648 549 502 108 83 394 83 19143 12286 10151 2816 47 51
is_linear=0
shrinkage=0.03


Tree=23
num_leaves=64
num_cat=0
split_feature=13 29 28 30 30 28 20 37 29 28 26 8 8 28 4 9 36 37 29 4 44 27 12 28 16 29 17 31 33 28 20 33 30 29 17 6 5 11 39 45 13 35 28 28 23 17 28 20 37 12 35 3 36 13 28 31 3 8 32 15 37 28 28
split_gain=4541.02 1114.15 2200.38 928.054 769.456 722.385 669.238 1725.92 864.576 508.285 590.988 457.572 441.126 271.752 260.589 288.16 257.479 255.073 275.282 236.646 235.362 188.677 268.219 178.196 157.859 156.57 147.742 139.46 129.619 151.681 134.316 129.551 126.89 196.142 130.802 218.504 194.272 126.704 122.035 120.606 149.579 273.764 212.512 151.405 117.63 116.756 108.271 107.06 106.376 105.974 109.42 151.827 149.953 102.935 114.696 150.531 142.547 115.759 102.024 101.902 101.796 99.6078 97.8219
threshold=3.5000000000000004 1.0000000180025095e-35 58950.000000000007 1998.5000000000002 2007.5000000000002 115710.00000000001 4.5000000000000009 1010045021.0000001 1.0000000180025095e-35 410851.50000000006 4.5000000000000009 2371.5000000000005 1293.5000000000002 38010.000000000007 3.0000000000000004 5918.5000000000009 21802.500000000004 4049595013.5000005 34365.000000000007 1.5000000000000002 4010900.0000000005 7312500.0000000009 1005.5000000000001 1375425.0000000002 75.500000000000014 1460.0000000000002 3025.0000000000005 4.830000000000001 4.330000000000001 99210.000000000015 1.5000000000000002 4.7300000000000013 1977.5000000000002 16571411.500000002 4150.0000000000009 4.5000000000000009 102.50000000000001 2.0100000000000002 11.500000000000002 40515502002.500008 27.500000000000004 361.50000000000006 42450.000000000007 49470.000000000007 13.500000000000002 7650.0000000000009 149775.00000000003 5.5000000000000009 1018331501.0000001 2001.5000000000002 15001.500000000002 1973.5000000000002 46201.500000000007 18.500000000000004 43110.000000000007 1.2500000000000002 1919.5000000000002 4659.5000000000009 0.75000000000000011 11354.500000000002 3032350022.0000005 132630909.00000001 410851.50000000006
decision_type=10 10 8 10 10 10 10 10 8 8 10 10 10 10 2 10 10 10 10 2 10 10 10 8 10 10 10 10 10 10 8 10 8 10 10 2 2 10 10 10 10 10 10 10 10 10 10 10 10 10 10 2 10 10 10 10 2 10 10 10 10 10 10
left_child=4 2 13 5 6 39 8 27 -1 28 19 20 21 -2 25 58 62 18 -17 -11 24 -9 -23 -21 -7 -5 -15 -8 29 -4 46 -30 33 34 35 -10 -36 -27 -32 40 53 -42 -43 -44 -6 -28 -31 -18 61 -41 -51 52 -52 54 -3 -56 -57 -58 -16 -39 -12 -38 -13
right_child=1 3 9 14 44 11 7 12 32 10 60 16 -14 26 15 17 47 -19 -20 23 -22 22 -24 -25 -26 37 45 -29 31 30 38 -33 -34 -35 36 -37 48 59 -40 49 41 42 43 -45 -46 -47 -48 -49 -50 50 51 -53 -54 -55 55 56 57 -59 -60 -61 -62 -63 -64
leaf_value=0.024396282409755478 -0.012619781594845099 -0.023864243191637796 0.0023399016747234795 -0.06257318006522837 0.017059955888593759 -0.0069619813353544082 0.02051231387675136 -0.031533564338816031 0.023432780644278887 0.00011505112025438796 0.0076257469811392082 0.022281524097690214 0.039995403384646543 -0.0030228923965282938 -0.00012073529593180864 -0.14739677020481656 -0.01180019218022307 0.010031309798567754 -0.035239020027334263 0.022433179893066438 -0.0093492152527712251 -0.054133331547513527 -0.16913267438113691 0.041280874058725242 0.0057848343814738846 0.03833109201098743 -0.0098738407169094381 0.065638981855898629 -0.055670831970325331 0.009431396165174178 0.0075032088510272451 -0.00193549094913396 0.012588603205883184 -0.020880745743044406 0.013178944312247148 0.0077938259000633319 0.0020032593048044329 0.0050253782136345489 -0.0071120326295148022 -0.011477854391452498 -0.024747654441027684 -0.03922046167403459 -0.19081182934916935 -0.089383258463607895 0.034123240200456553 -0.00047237399728022791 0.022988401577256019 0.027114264782576353 -0.053247773251796679 -0.02220738574050719 -0.037007818709313869 -0.010561061614751815 -0.10943382153472037 -0.022662388267888599 -0.028273593821706106 -0.04301092812470321 -0.083294692160561679 -0.17974176736814634 0.050639686529258529 -0.0063807366057753688 -0.0056360420992901542 0.03510294512183551 -0.025839730449929089
leaf_weight=3629 5856 96 11140 32 489 1341 91 524 1028 316 2216 39 65 11321 98 21 10948 112 317 1562 3560 209 20 635 2513 95 6978 191 41 1748 2148 2669 4557 227 1914 3691 5782 4950 676 390 78 30 26 27 1418 1433 761 64 31 296 50 50 53 365 52 29 24 21 56 822 681 83 1512
leaf_count=3629 5856 96 11140 32 489 1341 91 524 1028 316 2216 39 65 11321 98 21 10948 112 317 1562 3560 209 20 635 2513 95 6978 191 41 1748 2148 2669 4557 227 1914 3691 5782 4950 676 390 78 30 26 27 1418 1433 761 64 31 296 50 50 53 365 52 29 24 21 56 822 681 83 1512
internal_value=0 -0.00346322 -0.00078599 -0.00824984 0.011466 -0.0112456 0.0098843 -0.0129243 0.0110823 0.00562186 0.0137432 -0.00969794 -0.0349883 -0.00694467 0.00168402 -0.0170838 -0.0131859 -0.0292058 -0.0422074 0.0243893 -0.00378769 -0.041461 -0.0641769 0.0278807 0.00134958 0.00360566 -0.00526043 0.0510768 0.00333147 0.00433169 0.0084923 -0.00274846 0.0082916 0.00675652 0.00725725 0.0112007 0.00487455 0.00396661 0.00400466 -0.0307268 -0.0394857 -0.0651018 -0.103025 -0.139141 0.0297478 -0.00827209 0.0135433 -0.011574 0.00217872 -0.022918 -0.0328548 -0.0534538 -0.0742756 -0.0324599 -0.0485683 -0.0673904 -0.0948779 -0.128303 0.0183376 0.00340101 0.00450829 0.00247168 -0.0246297
internal_weight=0 78248 50181 28067 23949 21564 22042 1100 20942 24593 5410 19977 818 25588 6503 604 12563 450 338 2513 7414 753 229 2197 3854 5899 19732 282 19183 16473 5333 2710 17313 12756 12529 4719 7810 5867 2824 1587 748 161 83 53 1907 8411 2509 11012 5896 839 449 153 103 587 222 126 74 45 154 5772 2897 5865 1551
internal_count=102197 78248 50181 28067 23949 21564 22042 1100 20942 24593 5410 19977 818 25588 6503 604 12563 450 338 2513 7414 753 229 2197 3854 5899 19732 282 19183 16473 5333 2710 17313 12756 12529 4719 7810 5867 2824 1587 748 161 83 53 1907 8411 2509 11012 5896 839 449 153 103 587 222 126 74 45 154 5772 2897 5865 1551
is_linear=0
shrinkage=0.03


Tree=24
num_leaves=64
num_cat=0
split_feature=13 29 28 30 30 28 20 37 29 28 9 8 8 25 28 28 36 5 32 17 5 31 25 45 6 44 9 11 29 29 28 29 28 28 29 29 13 28 36 2 33 28 20 33 30 7 29 27 39 20 12 23 17 9 30 29 2 40 35 39 28 27 28
split_gain=4272.64 1048.31 2070.33 873.271 723.981 662.574 629.686 1623.92 813.479 478.246 490.463 415.055 414.568 346.311 332.512 255.691 238.119 231.808 154.049 139.011 138.286 131.218 131.051 132.408 187.769 125.127 122.338 170.948 122.135 181.743 147.549 140.128 229.259 202.805 333.97 154.655 151.357 150.592 143.244 147.236 121.958 142.716 126.378 121.895 121.392 116.853 114.965 286.946 114.823 112.544 111.811 110.678 109.855 109.687 109.513 107.692 124.721 136.688 141.682 151.873 141.342 113.735 103.971
threshold=3.5000000000000004 1.0000000180025095e-35 58950.000000000007 2001.5000000000002 2007.5000000000002 115710.00000000001 4.5000000000000009 1010045021.0000001 1.0000000180025095e-35 410851.50000000006 5918.5000000000009 1293.5000000000002 2371.5000000000005 1.0000000180025095e-35 1018125.0000000001 38010.000000000007 21701.500000000004 308.50000000000006 0.75000000000000011 3025.0000000000005 202.50000000000003 4.830000000000001 4.5000000000000009 10098005500.000002 4.5000000000000009 1027200.0000000001 5918.5000000000009 87.500000000000014 4585.0000000000009 3295.5000000000005 52710.000000000007 28305.000000000004 48150.000000000007 56250.000000000007 38085.500000000007 22902.000000000004 28.500000000000004 47730.000000000007 42404.500000000007 11212.500000000002 4.330000000000001 99210.000000000015 1.5000000000000002 4.7300000000000013 1997.5000000000002 43.500000000000007 13770.000000000002 1876726.0000000002 11.500000000000002 5.5000000000000009 2007.5000000000002 13.500000000000002 7650.0000000000009 210.50000000000003 1930.5000000000002 1460.0000000000002 11422.500000000002 33.500000000000007 990.50000000000011 9.5000000000000018 43110.000000000007 11489.500000000002 410851.50000000006
decision_type=10 10 8 10 10 10 10 10 8 8 10 10 10 10 8 10 10 2 10 10 2 10 10 8 2 10 10 10 10 10 10 10 10 10 10 10 10 10 10 2 10 10 8 10 10 10 10 10 10 10 10 10 10 10 10 10 2 10 10 10 10 10 10
left_child=4 2 15 5 6 28 8 21 -1 40 14 13 17 -9 -11 -2 62 20 46 -17 -7 -8 23 26 54 -16 27 -10 29 55 -31 32 35 34 37 -30 -37 -33 39 -35 41 -4 -43 -42 -19 -12 47 -5 -44 -18 -41 -6 -21 -20 -25 56 57 58 59 -3 61 -59 -14
right_child=1 3 9 18 51 12 7 11 22 10 45 -13 16 -15 25 19 49 44 53 52 -22 -23 -24 24 -26 -27 -28 -29 31 30 -32 33 -34 38 -36 36 -38 -39 -40 50 43 42 48 -45 -46 -47 -48 -49 -50 -51 -52 -53 -54 -55 -56 -57 -58 60 -60 -61 -62 -63 -64
leaf_value=0.023664393912306212 -0.012241188145526393 -0.11801434208080172 0.0022697045996381941 -0.0098316868888068711 0.016548157157433546 -0.0065293657991839739 0.019896944927072131 -0.16033363810607365 0.0056269573342654479 0.014370622879473886 0.021019613549973989 0.038795541458404983 0.024012261712923644 -0.0367711717645317 0.067931946702301502 -0.0029322056324983777 -0.011374809122298751 -0.0082956772779786535 0.050581318041039325 -0.0095776255350743088 0.0060889933867929475 0.063669812686897378 0.0052033636711719617 0.032996882777632346 0.0093047846229963715 0.031897641010618746 0.01376586680806585 -0.015628648825821573 -0.019179602319987572 -0.040032340356680962 -0.1357876890450716 -0.079409561187028882 0.014659583235783029 -0.11254405699383753 0.0025829988019540908 -0.010243803282667484 -0.11327106103301049 -0.19443385839462279 -0.0011403469219452367 -0.0063824186846613883 -0.054000707457705237 0.013137045179330122 0.0072781126421185473 -0.0018774261859882044 -0.072124586522372219 0.00023213603313686738 0.00047620388986845011 -0.12538583384318785 -0.0068986717149936974 0.027624372661447346 -0.085368091738276669 0.033099543096974486 -0.00045820269518018756 0.0095552738881603417 0.016665292818199538 -0.0053300945503129199 -0.086054914558821527 -0.038478045562474888 -0.12745724956244228 -0.023125466311439163 -0.017469847158677096 -0.11502406727671623 -0.024994669762565435
leaf_weight=3629 5856 20 11140 160 489 1176 91 21 1919 2134 277 65 40 732 96 11321 11067 3938 62 6978 2331 191 7929 486 3860 898 1163 414 408 28 30 20 177 26 24 21 33 21 106 54 41 2509 2148 2669 27 2005 4971 22 676 67 23 1418 1433 1086 1542 99 47 58 25 63 311 25 1501
leaf_count=3629 5856 20 11140 160 489 1176 91 21 1919 2134 277 65 40 732 96 11321 11067 3938 62 6978 2331 191 7929 486 3860 898 1163 414 408 28 30 20 177 26 24 21 33 21 106 54 41 2509 2148 2669 27 2005 4971 22 676 67 23 1418 1433 1086 1542 99 47 58 25 63 311 25 1501
internal_value=0 -0.00335932 -0.00076241 -0.00800234 0.011122 -0.0108495 0.00958777 -0.0125366 0.0107499 0.00545321 0.0133309 -0.0339386 -0.00936574 -0.0402171 0.0210462 -0.00673633 -0.0126699 -0.00376082 0.00183284 -0.00510261 0.00185769 0.0495445 0.00804285 0.0104421 0.013188 0.0353778 0.00581738 0.00185507 -0.0293137 -0.038684 -0.089561 -0.022068 -0.0143718 -0.0400162 -0.0862971 -0.0254942 -0.0732049 -0.138324 -0.0256227 -0.0508181 0.00323153 0.00420174 0.00823753 -0.00266601 -0.00873033 0.00275542 -0.000381205 -0.0237998 0.00388452 -0.0111401 -0.0299755 0.0288554 -0.00802393 0.011771 0.0205791 -0.0341301 -0.0393236 -0.0349484 -0.0648484 -0.0459903 -0.0267524 -0.0615341 -0.0237226
internal_weight=0 78248 50181 28067 23949 21766 22042 1100 20942 24593 5410 818 20147 753 3128 25588 12675 7472 6301 19732 3507 282 17313 9384 5888 994 3496 2333 1619 706 58 913 639 274 65 462 54 41 209 103 19183 16473 5333 2710 3965 2282 5153 182 2824 11134 77 1907 8411 1148 2028 648 549 502 108 83 394 83 1541
internal_count=102197 78248 50181 28067 23949 21766 22042 1100 20942 24593 5410 818 20147 753 3128 25588 12675 7472 6301 19732 3507 282 17313 9384 5888 994 3496 2333 1619 706 58 913 639 274 65 462 54 41 209 103 19183 16473 5333 2710 3965 2282 5153 182 2824 11134 77 1907 8411 1148 2028 648 549 502 108 83 394 83 1541
is_linear=0
shrinkage=0.03


Tree=25
num_leaves=64
num_cat=0
split_feature=13 28 29 28 37 27 29 14 20 4 29 13 28 8 28 29 27 27 29 9 9 9 36 28 9 28 4 36 27 29 37 40 28 20 28 28 29 9 29 25 2 44 23 8 29 33 15 9 20 23 27 17 29 17 9 28 16 9 17 4 11 27 28
split_gain=4110.56 970.082 1623.87 818.273 649.533 637.732 675.035 826.873 1026.34 509.574 385.455 374.89 363.499 355.909 346.025 319.126 297.813 223.183 221.178 215.202 210.434 206.942 187.148 168.646 166.544 417.622 223.758 160.732 159.504 157.548 156.62 145.612 139.815 138.351 183.984 142.308 132.237 130.32 196.168 132.032 131.666 128.611 120.95 119.389 118.27 155.474 112.952 104.823 243.733 172.809 104.793 103.545 101.971 123.115 101.514 174.554 144.624 101.156 150.935 101.003 100.063 97.264 95.7225
threshold=4.5000000000000009 48990.000000000007 1.0000000180025095e-35 91770.000000000015 3000105007.0000005 68436459.000000015 1.0000000180025095e-35 5.5000000000000009 4.5000000000000009 3.0000000000000004 34365.000000000007 15.500000000000002 34977145.500000007 2332.5000000000005 270930.00000000006 1.0000000180025095e-35 1593450.5000000002 387855.00000000006 4570.0000000000009 5918.5000000000009 5918.5000000000009 7501.5000000000009 21607.500000000004 2707875.0000000005 5918.5000000000009 780749.50000000012 3.0000000000000004 31609.500000000004 11234.500000000002 3295.5000000000005 4092815063.0000005 35.500000000000007 37170.000000000007 1.5000000000000002 129750.00000000001 381825.00000000006 1460.0000000000002 28.500000000000004 3035028.5000000005 3.5000000000000004 10025.500000000002 4012601.5000000005 64.000000000000014 7415.5000000000009 1460.0000000000002 1.5000000000000002 10001.500000000002 66.500000000000014 3.5000000000000004 7.7500000000000009 245251.00000000003 3260.0000000000005 6144519.0000000009 7750.0000000000009 44.500000000000007 65610.000000000015 66.500000000000014 234.50000000000003 860.00000000000011 3.0000000000000004 598.50000000000011 226349.50000000003 3590726.5000000005
decision_type=10 8 10 8 10 10 8 10 10 2 10 10 10 10 10 10 10 8 10 10 10 10 10 8 10 10 2 8 10 10 10 10 10 8 10 10 10 8 10 10 2 8 8 10 10 10 10 10 8 10 10 10 10 10 10 10 10 10 10 2 10 10 8
left_child=5 15 3 27 13 6 7 42 -9 11 -11 50 -10 14 28 32 19 24 29 -12 62 -7 57 -8 25 33 -26 -3 -4 43 -13 -27 -2 34 -5 -35 -17 38 -25 52 46 -16 47 54 45 -45 -40 48 -1 -50 -6 -34 53 -39 -15 -56 -57 -20 61 -24 -28 -59 -19
right_child=1 2 4 17 9 21 23 8 12 10 16 30 -14 18 41 36 -18 20 22 -21 -22 -23 59 37 26 31 60 -29 -30 -31 -32 -33 51 35 -36 -37 -38 39 40 -41 -42 -43 -44 44 -46 -47 -48 -49 49 -51 -52 -53 -54 -55 55 56 -58 58 -60 -61 -62 -63 -64
leaf_value=0.021252413388191452 -0.012663752819192351 -0.0060257063806508481 -0.10697507132502164 0.0065260028317109271 0.0024901360087534866 0.035620112759726388 -0.0025299139457083441 0.021987626384795858 -0.027301656508260528 -0.11045544253419275 0.027844359963559186 -0.00083925984418847463 -0.15758429592638276 -0.0053725425340235234 0.00088706022854875626 -0.045343868816576774 0.026355542400304008 0.03058508611643096 -0.016480278800904559 -0.036645307491330902 0.011838862464051036 -0.05177065134758041 -0.011506522221777952 0.0065334869288795512 0.0019579855570256051 0.036558997312741336 -0.026702501188385588 0.0005339748305202808 -0.0328633150422072 -0.093522587104725011 -0.012168126521297765 0.015261460894101079 -0.004666072221035677 0.00080487336038742206 0.020479819843313585 0.011028651698839799 -0.019710798380660637 0.012497814145005866 -0.026904719048481195 0.0074135574927715669 0.0014656726531185474 -0.0082332039688360718 0.044395043239458566 -0.039569824610703755 -0.001580124056339264 -0.12814387876119826 -0.10006277528676119 0.022152904939888658 0.039259552630522332 0.082994680968490803 0.013972842261143132 -0.010256129867207361 0.023518586149851937 -0.054218442972935738 -0.0024460437655448915 -0.025344747144263238 -0.12414814752340317 -0.03060280489070075 -0.027103813592420263 0.018817384465830402 -0.098500657993555063 -0.11422247002502121 0.064781256894054617
leaf_weight=620 5053 4351 34 2301 1169 28 1196 744 531 46 52 5057 20 174 2977 244 102 205 1119 446 510 189 8647 4432 1966 598 58 14788 113 38 1403 559 7943 3729 1349 1825 703 5862 139 5805 161 2613 307 42 25 31 22 3137 304 111 1843 4775 818 25 50 24 30 21 581 100 25 31 115
leaf_count=620 5053 4351 34 2301 1169 28 1196 744 531 46 52 5057 20 174 2977 244 102 205 1119 446 510 189 8647 4432 1966 598 58 14788 113 38 1403 559 7943 3729 1349 1825 703 5862 139 5805 161 2613 307 42 25 31 22 3137 304 111 1843 4775 818 25 50 24 30 21 581 100 25 31 115
internal_value=0 -0.00339403 -0.00151031 0.00300936 -0.00697736 0.0107061 0.0111646 0.0201172 -0.000996194 -0.000982574 -0.0267625 0.000775644 -0.0320306 -0.0106203 -0.00457091 -0.00934641 -0.0203461 0.00874331 -0.0138005 -0.0299114 0.0238043 -0.0404944 -0.0129524 0.00836436 0.00773601 0.00928151 -7.89956e-05 -0.000957282 -0.0500048 -0.0353082 -0.00329969 0.0262692 -0.00844216 0.00714605 0.0116832 0.00416433 -0.0263153 0.00911908 0.00489088 0.0107259 -0.0177179 -0.00337613 0.0262216 -0.0294248 -0.0578969 -0.0771835 -0.0369015 0.0248843 0.0331631 0.0509574 0.00951624 -0.00676487 0.0135936 0.0122145 -0.0193879 -0.0428367 -0.0802355 -0.021902 -0.0314864 -0.0111598 -0.0483285 -0.080453 0.0428743
internal_weight=0 77865 59147 32379 26768 24451 24234 5774 1295 10118 646 9472 551 16650 5737 18718 600 13240 10913 498 830 217 10499 18460 12410 10361 2049 19139 147 414 6460 1157 17771 9204 3650 5554 947 17264 4754 12510 322 5590 4479 376 98 73 161 4172 1035 415 3012 12718 6705 5887 278 104 54 1752 633 8747 83 52 320
internal_count=102316 77865 59147 32379 26768 24451 24234 5774 1295 10118 646 9472 551 16650 5737 18718 600 13240 10913 498 830 217 10499 18460 12410 10361 2049 19139 147 414 6460 1157 17771 9204 3650 5554 947 17264 4754 12510 322 5590 4479 376 98 73 161 4172 1035 415 3012 12718 6705 5887 278 104 54 1752 633 8747 83 52 320
is_linear=0
shrinkage=0.03


Tree=26
num_leaves=64
num_cat=0
split_feature=13 28 29 28 30 30 27 32 29 45 8 29 28 26 28 36 5 9 4 26 27 35 25 36 29 28 30 4 14 30 15 27 8 28 3 29 29 28 6 20 8 35 29 40 9 27 29 28 36 35 5 29 30 3 27 23 17 11 11 28 17 11 27
split_gain=3867.62 912.75 1527.89 771.466 711.386 658.466 565.833 424.183 843.556 609.252 355.006 300.266 278.564 262.776 534.335 255.333 215.981 194.712 189.38 223.703 195.63 182.183 168.775 165.628 153.626 151.609 147.845 180.451 222.381 175.707 141.395 138.475 135.355 133.5 131.798 245.479 310.659 131.552 125.982 119.095 116.997 116.755 113.697 112.845 162.062 178.631 112.815 110.159 106.278 103.889 103.451 114.143 101.955 101.933 101.183 97.4786 97.4255 95.7464 94.2254 93.2151 157.333 147.533 156.141
threshold=4.5000000000000009 48990.000000000007 1.0000000180025095e-35 87510.000000000015 2001.5000000000002 2007.5000000000002 68436459.000000015 14.500000000000002 1.0000000180025095e-35 10137002000.500002 2371.5000000000005 1.0000000180025095e-35 99210.000000000015 3.5000000000000004 1018125.0000000001 21701.500000000004 308.50000000000006 7501.5000000000009 3.0000000000000004 4.5000000000000009 2531250.0000000005 295.50000000000006 2.5000000000000004 31604.500000000004 4570.0000000000009 2214784.0000000005 1928.5000000000002 3.0000000000000004 4.5000000000000009 1977.5000000000002 10001.500000000002 378225.00000000006 429.50000000000006 351900.50000000006 1983.5000000000002 24843.500000000004 29475.000000000004 37170.000000000007 4.5000000000000009 4.5000000000000009 506.50000000000006 19301.500000000004 1460.0000000000002 33.500000000000007 48.500000000000007 12135.000000000002 1560058.0000000002 5572807.0000000009 44152.500000000007 361.50000000000006 109.50000000000001 1861046.5000000002 1997.5000000000002 2006.5000000000002 1313100.0000000002 13.500000000000002 3260.0000000000005 336.50000000000006 382.50000000000006 139035.00000000003 2121.5000000000005 934.00500000000011 18509.500000000004
decision_type=10 8 10 8 10 10 10 10 8 10 10 10 10 10 8 10 2 10 2 10 10 10 10 8 10 8 10 2 10 10 10 8 10 10 2 10 10 10 2 8 10 10 10 10 10 10 10 8 10 10 2 10 10 2 10 10 10 10 10 10 10 10 10
left_child=5 11 3 23 10 6 7 8 38 -9 12 37 21 14 33 -12 50 -8 40 31 54 -4 -11 58 59 -10 41 29 -29 30 -28 -20 -15 39 35 42 -37 -2 -1 -5 -6 -27 43 -13 -45 -46 48 -16 -26 -44 -14 -52 -18 -24 -21 -7 -39 -23 -3 60 -17 62 -62
right_child=1 2 4 13 18 55 17 9 25 22 15 34 16 32 47 24 52 -19 19 20 -22 57 53 -25 46 26 27 28 -30 -31 -32 -33 -34 -35 -36 36 -38 56 -40 -41 -42 -43 49 44 45 -47 -48 -49 -50 -51 51 -53 -54 -55 -56 -57 -58 -59 -60 -61 61 -63 -64
leaf_value=0.026878872568586124 -0.012283840266092836 -0.0021838963099654381 -0.012654659256804734 0.0079896150970762882 0.016458639888179655 0.016401941903672158 0.034551510214805604 0.0090445040837807082 -0.0042282956816546129 -0.089415267270058399 -0.023878207747192522 -0.087955274025599162 -0.015965410832842846 0.015250078083753215 0.029128953321384207 -0.010784969337018472 -0.0078466727353996013 -0.050217530849788868 -0.0015711560948286204 -0.030253563603380756 0.019754175933154476 -0.14131350948051971 0.012391790422659955 0.00040155919137792144 -0.0095139245617492721 0.013046068876687172 -0.022360813688358357 0.01457356785889715 -0.052862008105188901 0.012654678051772809 0.0049989429885640736 0.061799021795392033 0.000439110741651716 0.015958036726358673 -0.0061000380682945448 -0.18402664048863307 -0.030178562642799483 -0.0045260900770467839 0.015062404633500675 -0.0062849556883567848 0.0024344130250288304 -0.039742799110505357 0.0013613400340623018 -0.006871020396015253 -0.037302625445881858 -0.14401576879620551 0.0027578987494903812 0.063836788443418654 -0.017544451371357208 -0.028951739625324709 0.0014449614898530418 0.019061849956125754 -0.060024308607201364 -0.030009280540001508 -0.099704721517860889 0.031236146815688624 -0.009948445940749227 -0.057680625580251214 -0.01130978978170903 -0.0048139788042753928 -0.022233316845595836 -0.10288422598117371 -0.08740262233962616
leaf_weight=2649 5053 2181 48 5955 601 556 28 944 915 40 1531 45 265 643 861 140 3871 189 100 337 73 22 57 14289 8920 4906 174 78 101 3312 7397 45 4073 1799 236 21 27 7943 1171 577 4903 38 151 87 48 20 578 91 1779 312 2766 376 34 487 20 1409 4775 28 1910 120 125 41 45
leaf_count=2649 5053 2181 48 5955 601 556 28 944 915 40 1531 45 265 643 861 140 3871 189 100 337 73 22 57 14289 8920 4906 174 78 101 3312 7397 45 4073 1799 236 21 27 7943 1171 577 4903 38 151 87 48 20 578 91 1779 312 2766 376 34 487 20 1409 4775 28 1910 120 125 41 45
internal_value=0 -0.00329221 -0.001465 0.00291908 -0.00676804 0.0103849 0.0089296 0.00939938 0.0105232 -0.00585523 -0.00941906 -0.00906602 -0.00415837 0.00822514 0.0111547 -0.0123546 -0.00348497 -0.0392796 0.0022543 -0.0141281 -0.0249942 -0.0544018 -0.0299397 -0.00112225 -0.0108529 0.00764856 0.00832751 0.00639996 -0.0234767 0.00689136 0.00437015 0.0180955 0.0024585 0.00872167 -0.0255258 -0.0319738 -0.0974871 -0.00818889 0.0232566 0.00672868 0.00396576 0.0126403 -0.0272308 -0.046133 -0.0339911 -0.0686888 -0.0101518 0.0324466 -0.0108492 -0.0190656 0.00203498 0.00355316 -0.00830097 -0.0255665 -0.0341444 0.0270388 -0.00656193 -0.0944791 -0.00644458 -0.0276393 -0.0354428 -0.0518035 -0.039484
internal_weight=0 77865 59147 32379 26768 24451 22486 22269 20741 1528 20689 18718 7410 13999 9283 13279 7312 217 6079 575 430 98 584 18380 11748 16921 16006 11062 179 10883 7571 145 4716 8331 947 711 48 17771 3820 6532 5504 4944 663 200 155 68 11277 952 10699 463 3407 3142 3905 544 357 1965 12718 50 4091 471 351 211 170
internal_count=102316 77865 59147 32379 26768 24451 22486 22269 20741 1528 20689 18718 7410 13999 9283 13279 7312 217 6079 575 430 98 584 18380 11748 16921 16006 11062 179 10883 7571 145 4716 8331 947 711 48 17771 3820 6532 5504 4944 663 200 155 68 11277 952 10699 463 3407 3142 3905 544 357 1965 12718 50 4091 471 351 211 170
is_linear=0
shrinkage=0.03


Tree=27
num_leaves=64
num_cat=0
split_feature=13 29 27 30 30 27 29 33 29 45 8 27 26 23 5 36 27 30 25 36 7 24 36 8 23 37 40 35 13 7 2 30 23 27 27 23 20 20 20 15 37 27 20 20 35 29 36 13 17 27 7 16 6 30 30 30 5 29 40 17 26 23 15
split_gain=3639.05 762.431 1346.7 751.99 619.551 532.392 520.321 393.149 791.262 578.786 343.214 312.33 256.029 366.145 239.656 233.783 187.01 165.875 158.8 148.652 145.151 142.375 141.768 138.803 137.587 136.631 134.732 257.677 152.783 188.984 137.248 131.154 169.351 130.122 124.792 124.428 118.691 117.088 113.959 108.596 108.262 211.025 106.004 105.051 159.499 129.977 104.591 130.936 102.37 101.585 96.2352 128.357 96.5877 95.909 95.7013 100.038 95.2518 108.058 95.0413 94.7835 93.9704 91.7176 91.039
threshold=4.5000000000000009 1.0000000180025095e-35 22710.000000000004 2002.5000000000002 2007.5000000000002 68436459.000000015 1460.0000000000002 14.500000000000002 1.0000000180025095e-35 10137002000.500002 2371.5000000000005 14009.000000000002 2.5000000000000004 4.580000000000001 308.50000000000006 21706.500000000004 226349.50000000003 1931.5000000000002 2.5000000000000004 44302.500000000007 131.50000000000003 1.0000000180025095e-35 44101.500000000007 429.50000000000006 7.2500000000000009 3013410027.5000005 33.500000000000007 928.50000000000011 27.500000000000004 24401.500000000004 10309.500000000002 1953.5000000000002 23.250000000000004 1935908.0000000002 16200.500000000002 3.1250000000000004 4.5000000000000009 1.5000000000000002 5.5000000000000009 10001.500000000002 4017395034.0000005 1876726.0000000002 5.5000000000000009 1.5000000000000002 330.50000000000006 21610.500000000004 31609.500000000004 15.500000000000002 7960.0000000000009 177075.00000000003 61.500000000000007 18.500000000000004 4.5000000000000009 2006.5000000000002 2018.5000000000002 2008.5000000000002 109.50000000000001 1861046.5000000002 43.500000000000007 2215.0000000000005 1.5000000000000002 13.500000000000002 10015.000000000002
decision_type=10 10 8 10 10 10 10 10 8 10 10 10 10 10 2 10 8 10 10 10 10 10 10 10 8 8 10 10 10 10 2 10 8 10 10 10 10 10 10 10 10 10 8 10 10 10 10 10 10 10 10 10 2 10 10 10 2 10 10 10 10 10 10
left_child=4 2 11 6 5 7 26 8 20 -9 14 35 13 16 56 59 58 -15 -11 46 -1 -7 38 -14 48 -16 27 34 -28 30 -30 50 39 40 -3 42 43 -22 60 -33 -5 -42 54 44 -27 -46 47 -13 -10 -19 -26 62 -53 -20 55 -2 -8 -58 -4 -12 -17 -6 -52
right_child=1 3 12 33 61 21 10 9 24 18 15 19 23 17 25 22 -18 49 53 -21 37 -23 -24 -25 31 36 28 -29 29 -31 -32 32 -34 -35 -36 -37 -38 -39 -40 -41 41 -43 -44 -45 45 -47 -48 -49 -50 -51 51 52 -54 -55 -56 -57 57 -59 -60 -61 -62 -63 -64
leaf_value=0.027648117135175503 -0.0056019799019419898 -0.021740851002612284 0.010122015926821628 0.0026741629473333475 0.015909883632126143 -0.046869748282479119 -0.015333323662520722 0.0089248535056621319 0.0021914168347669048 -0.086732808709144599 -0.026907630761924942 0.0062443446960535288 0.015562974105314275 0.043204900522048222 -0.08514193638094833 -0.01129211978667426 0.030237801080211037 -0.010733553307435037 0.012020036764075292 -0.0059435333005022741 0.047476238729714446 0.029241224670410154 -0.017273928276978368 -5.6355280979425421e-05 0.023769380716834706 -0.0071976078562438484 -0.015645210500806569 -0.1434515534803785 9.9592016174875449e-05 -0.12048706040043254 -0.055668297853054743 -0.022484333511817476 0.010963581053971716 0.015243757443962527 -0.10671199530735612 0.01144280247831112 0.064480484113097189 0.013827352632397026 0.028471098250824292 0.0030868856773945213 -0.0061272027406985398 -0.096191045194864266 -0.026770299475174397 -0.0079272639766314462 -0.037859071953222155 -0.13659236025810242 0.0041933078815847942 -0.0068200092645805928 -0.052605490656870028 0.027262405787995238 0.010523284197509912 0.023975152413994828 0.011686731202333333 -0.029109002225759805 -0.030661325769971551 0.004242594194623645 0.0013670056896397122 0.018489994701230899 -0.00034712019343653266 -0.009713346714449048 -0.005080806046365691 0.030299062557645969 -0.0010401850231689181
leaf_weight=2165 25585 70 4504 4452 556 192 265 948 3005 40 1189 1037 610 460 21 6364 374 98 57 2606 99 25 2217 3189 571 70 282 29 58 29 126 155 3615 615 20 394 20 1554 73 4189 959 24 210 3866 30 20 6796 2066 31 179 1558 813 1972 487 134 964 2815 376 944 381 3344 1409 1010
leaf_count=2165 25585 70 4504 4452 556 192 265 948 3005 40 1189 1037 610 460 21 6364 374 98 57 2606 99 25 2217 3189 571 70 282 29 58 29 126 155 3615 615 20 394 20 1554 73 4189 959 24 210 3866 30 20 6796 2066 31 179 1558 813 1972 487 134 964 2815 376 944 381 3344 1409 1010
internal_value=0 -0.00319344 -0.000986595 -0.00718671 0.0100734 0.00866171 -0.00979808 0.00911739 0.0102008 -0.00554797 -0.00900407 -0.00349479 0.00864905 0.0122386 -0.003846 -0.0118488 0.00971673 0.0321606 -0.0290415 0.000431357 0.0225369 -0.0381012 -0.0104243 0.00245162 0.00741703 -0.00881962 -0.0370207 -0.0656823 -0.0301303 -0.0493078 -0.0380893 0.00868215 0.00616651 0.00216458 -0.0406233 -0.00529405 -0.00841953 0.0158426 -0.00887178 0.00217447 0.0006846 -0.00832612 -0.00553925 -0.00878531 -0.0364288 -0.0773524 0.0021096 -0.002454 0.0016319 0.0138198 0.012062 0.0108131 0.015274 -0.0247995 -0.00537216 -0.00524452 0.00194937 0.00338463 0.00830798 -0.022735 -0.00915258 0.0262276 0.00597535
internal_weight=0 77865 50150 27715 24451 22486 21665 22269 20737 1532 21051 39792 10358 6559 7483 13568 5822 737 584 12505 3818 217 11998 3799 16919 4027 614 119 495 213 184 13883 7959 6050 90 27287 4006 1653 9781 4344 5435 983 26893 3986 120 50 9899 3103 3036 277 5924 5353 2785 544 26683 26549 3456 3191 5448 1570 9708 1965 2568
internal_count=102316 77865 50150 27715 24451 22486 21665 22269 20737 1532 21051 39792 10358 6559 7483 13568 5822 737 584 12505 3818 217 11998 3799 16919 4027 614 119 495 213 184 13883 7959 6050 90 27287 4006 1653 9781 4344 5435 983 26893 3986 120 50 9899 3103 3036 277 5924 5353 2785 544 26683 26549 3456 3191 5448 1570 9708 1965 2568
is_linear=0
shrinkage=0.03


Tree=28
num_leaves=64
num_cat=0
split_feature=13 28 32 28 30 27 32 45 7 8 44 36 20 30 40 4 9 28 9 4 9 20 16 27 28 4 26 28 20 5 7 15 15 44 3 39 27 44 9 20 15 26 4 20 3 23 7 20 11 9 40 23 20 2 36 33 11 20 9 30 28 3 23
split_gain=3425.05 841.325 639.727 757.611 600.13 502.736 380.497 539.232 321.128 284.924 334.816 253.631 204.541 191.85 191.259 187.487 365.198 178.775 213.655 188.26 174.232 167.808 161.138 149.415 140.931 130.991 221.471 125.488 171.731 141.925 116.151 113.247 107.193 106.168 104.227 102.128 101.487 101.251 99.7295 208.397 103.451 93.7527 137.448 103.435 90.2408 89.5185 88.6461 86.678 83.4354 83.3602 143.33 129.698 82.7322 220.5 82.7093 81.2256 79.6608 78.3239 76.166 91.6027 76.1193 76.0126 82.2319
threshold=3.5000000000000004 52710.000000000007 0.75000000000000011 1595254.0000000002 2007.5000000000002 68436459.000000015 14.500000000000002 10137002000.500002 61.500000000000007 3143.5000000000005 3080100.0000000005 21701.500000000004 1.5000000000000002 2015.5000000000002 14.500000000000002 3.0000000000000004 5918.5000000000009 74910.000000000015 1557.0000000000002 3.0000000000000004 7501.5000000000009 4.5000000000000009 109.50000000000001 20034437.500000004 36615.000000000007 3.0000000000000004 4.5000000000000009 270930.00000000006 4.5000000000000009 407.50000000000006 166.50000000000003 11214.500000000002 10013.500000000002 4040450.5000000005 2008.5000000000002 11.500000000000002 398025.00000000006 4086000.0000000005 24.500000000000004 3.5000000000000004 10001.500000000002 1.0000000180025095e-35 3.0000000000000004 3.5000000000000004 2006.5000000000002 5.7500000000000009 215.50000000000003 3.5000000000000004 904.00000000000011 116.50000000000001 25.500000000000004 6.7500000000000009 4.5000000000000009 10035.500000000002 44203.500000000007 1.5000000000000002 871.50000000000011 3.5000000000000004 3.5000000000000004 1900.5000000000002 1375425.0000000002 1.0000000180025095e-35 3.8750000000000004
decision_type=10 8 10 10 10 10 10 10 10 10 10 10 8 10 8 2 10 8 10 2 10 10 10 10 10 2 10 10 8 2 10 10 10 10 2 10 10 10 8 10 10 10 2 10 2 10 10 10 10 10 10 10 10 2 10 10 10 10 10 10 8 2 8
left_child=4 24 3 17 5 6 8 52 14 10 25 49 -10 41 -1 -12 -17 33 34 -20 -7 38 -18 44 48 31 -27 58 29 55 -23 -5 -16 56 45 -26 -30 -38 39 40 -14 -13 -43 -44 -9 54 -28 -47 -2 -11 51 -51 -8 -54 61 -29 -3 -24 59 -4 -40 -19 -63
right_child=1 2 27 9 -6 20 7 23 12 11 15 13 21 -15 32 16 22 18 19 -21 -22 30 57 -25 35 26 46 28 36 -31 -32 -33 -34 -35 -36 -37 37 -39 60 -41 -42 42 43 -45 -46 47 -48 -49 -50 50 -52 -53 53 -55 -56 -57 -58 -59 -60 -61 -62 62 -64
leaf_value=0.0065787013948673031 -0.011087743947810791 -0.0033001844063161282 -0.087275102499872442 6.9332670245226649e-05 0.026068878880699815 0.032882369373525892 0.00571168667031425 0.011659435819540369 0.039532108370155569 -0.014296803615927216 -0.0075897825399724563 -0.011315742887520804 -0.019353769958992913 0.010938829437702368 0.024969620229858391 0.054456854801286349 -0.15076691640459972 -0.01376665113401407 -0.0024454259288792558 -0.03881142738520315 -0.047304912880950033 0.056578338636067982 -0.092806146578355259 -0.08413082662224769 -0.0047810135078972388 0.028429063187482267 -0.012720929087901657 0.028746056111306473 0.01702447169250253 -0.015052640005450677 0.013058765387456667 0.0097455742188314303 -0.025236829324309765 0.00097636387143964511 0.0204606166878313 -0.0094713181561010291 0.055076449565865375 0.016804460311944752 -0.0030598926322829142 0.058133686773833772 0.0041214287996705467 -0.0043122289425719627 -0.066075891864570704 -0.015121262630501996 -0.028235732195372988 -0.010211906982935033 -0.066914084398410678 0.022577870518378004 -0.023292785739991814 -0.043311632709976816 -0.025870226991508222 -0.13462274804711341 0.06354104804992676 -0.050369365241378541 -0.0035731964991641114 0.0093957522758997825 -0.013478371128448755 -0.012754176993939008 0.0010362682881821282 -0.0043884206023067232 0.0096115706571294583 0.0042871749958379732 0.010566774123549724
leaf_weight=774 4360 5633 20 2605 1895 28 859 57 189 496 4168 6172 176 454 2053 22 23 189 3490 133 189 107 22 40 9982 52 44 213 461 203 114 1870 39 6098 352 7186 162 101 442 63 4218 3870 55 103 487 630 71 82 570 42 527 21 65 20 1065 2341 789 22 584 30 12295 10613 2280
leaf_count=774 4360 5633 20 2605 1895 28 859 57 189 496 4168 6172 176 454 2053 22 23 189 3490 133 189 107 22 40 9982 52 44 213 461 203 114 1870 39 6098 352 7186 162 101 442 63 4218 3870 55 103 487 630 71 82 570 42 527 21 65 20 1065 2341 789 22 584 30 12295 10613 2280
internal_value=0 -0.00306993 -0.00111718 -0.00201838 0.00986333 0.00848095 0.00892919 -0.00551199 0.0100072 -0.00648186 -0.00243326 -0.00955073 0.00849104 -0.00814291 0.0193197 -0.00850978 -0.0515946 0.000919747 0.00276671 -0.00378042 -0.0369582 0.00815416 -0.0864174 -0.0281703 -0.00802808 0.00313928 -0.022948 0.0102694 0.0125052 0.00909056 0.0341293 0.00411281 0.0240336 -0.00185867 0.00432613 -0.00674423 0.0255082 0.0403788 0.00782029 0.0039579 0.00318114 -0.00899223 -0.00543197 -0.0328586 -0.0240555 0.00394391 -0.0461793 -0.00643556 -0.0124989 -0.0233619 -0.0309827 -0.0737487 0.00850542 0.0367386 0.0044663 0.0110095 -0.00455067 -0.0527802 -0.00200627 -0.0375431 0.00917184 0.00512079 0.00539766
internal_weight=0 78206 56108 51993 24110 22215 21998 1528 20470 20639 8899 11740 17604 10654 2866 4257 89 31354 18834 3623 217 17415 67 584 22098 4642 167 4115 3481 2757 221 4475 2092 12520 15211 17168 724 263 17194 4457 4394 10200 4028 158 544 14859 115 712 4930 1086 590 63 944 85 14147 2554 6422 44 634 50 12737 13082 12893
internal_count=102316 78206 56108 51993 24110 22215 21998 1528 20470 20639 8899 11740 17604 10654 2866 4257 89 31354 18834 3623 217 17415 67 584 22098 4642 167 4115 3481 2757 221 4475 2092 12520 15211 17168 724 263 17194 4457 4394 10200 4028 158 544 14859 115 712 4930 1086 590 63 944 85 14147 2554 6422 44 634 50 12737 13082 12893
is_linear=0
shrinkage=0.03


Tree=29
num_leaves=64
num_cat=0
split_feature=13 28 29 28 30 30 27 32 29 45 8 28 26 28 29 36 4 29 9 27 29 44 9 35 25 36 16 8 23 30 23 4 30 7 28 28 29 28 20 20 28 29 17 28 36 17 28 11 27 9 9 27 30 29 11 17 45 28 30 23 27 30 17
split_gain=3222.63 792.818 1342.77 674.513 630.955 564.662 473.025 358.01 728.531 507.364 309.246 280.028 271.292 476.848 266.875 215.364 202.858 338.937 216.738 173.419 170.115 166.215 163.935 151.56 140.585 133.996 124.185 117.232 116.696 125.355 155.305 130.161 137.781 115.592 115.244 115.066 111.321 106.9 112.244 104.181 102.128 97.784 97.77 94.0429 93.4048 92.1563 134.29 134.747 136.128 108.629 97.4627 91.3897 90.084 89.1148 472.309 87.7345 87.4363 86.2295 98.442 97.3146 85.2062 84.9076 84.2619
threshold=3.5000000000000004 48990.000000000007 1.0000000180025095e-35 91770.000000000015 1993.5000000000002 2007.5000000000002 68436459.000000015 14.500000000000002 1.0000000180025095e-35 10137002000.500002 2371.5000000000005 351900.50000000006 3.5000000000000004 1018125.0000000001 1.0000000180025095e-35 21802.500000000004 3.0000000000000004 34365.000000000007 5918.5000000000009 1548001.0000000002 4570.0000000000009 4004450.5000000005 7501.5000000000009 530.50000000000011 2.5000000000000004 31609.500000000004 75.500000000000014 429.50000000000006 7.7500000000000009 1953.5000000000002 23.250000000000004 3.0000000000000004 1999.5000000000002 131.50000000000003 37170.000000000007 79493085.500000015 1460.0000000000002 351900.50000000006 4.5000000000000009 1.5000000000000002 12789208.000000002 1560058.0000000002 7960.0000000000009 115710.00000000001 44152.500000000007 2121.5000000000005 139035.00000000003 934.00500000000011 18509.500000000004 28.500000000000004 29.500000000000004 11599197.500000002 2015.5000000000002 24843.500000000004 586.50000000000011 3260.0000000000005 50134001021.500008 4122675.0000000005 1989.5000000000002 6.7500000000000009 101760.00000000001 2006.5000000000002 2215.0000000000005
decision_type=10 8 10 8 10 10 10 10 8 10 10 8 10 8 10 10 2 10 10 10 10 10 10 10 10 8 10 10 8 10 8 2 10 10 10 10 10 10 8 10 10 10 10 10 10 10 10 10 10 10 10 10 10 10 10 10 10 8 10 10 10 10 10
left_child=5 14 3 25 10 6 7 8 33 -9 11 23 13 37 34 62 40 -18 -19 -20 45 26 -8 -4 -11 -3 -13 -14 42 -30 35 -32 51 -1 -2 -31 -16 38 -5 -35 -6 44 -10 -40 -22 56 47 48 -47 -50 -49 -33 -39 -38 -55 -36 -17 -15 -59 -60 -54 -26 -12
right_child=1 2 4 12 16 -7 22 9 28 24 15 21 27 57 36 20 17 18 19 -21 41 -23 -24 -25 61 -27 -28 -29 29 30 31 32 -34 39 55 -37 53 52 43 -41 -42 -43 -44 -45 -46 46 -48 50 49 -51 -52 -53 60 54 -56 -57 -58 58 59 -61 -62 -63 -64
leaf_value=0.026277364715101108 -0.01136849305390256 -0.0054237242245809966 -0.029958898349663563 0.0080113327608332622 0.0016583051306302214 0.025286812355784245 0.031895898750850131 0.0082502606048747429 0.0022550250379683705 -0.081606902796775099 -0.026024760973792919 -0.0057822574598428503 0.014148344049671127 0.027227027724349234 -0.041339291736491209 -0.00030652326426671859 -0.11470248814800689 0.020897715965757607 -0.030078283429054848 0.018016332128484334 -0.0088634383056930121 -0.0074408015752375697 -0.045885766671290476 -0.10970539526939391 0.011309652577252373 0.00056346097147993903 0.0060015202956805597 0.00036597597823634115 0.011541814790969513 0.0028956860889379644 0.011461922924960136 0.025895637763807405 -0.073114955574274054 0.045452452001507521 -0.0040810336237440759 -0.022800534617111509 -0.013269986463984583 0.016864406700578687 -0.046666591475579014 0.01328918467448189 0.011709102672612839 0.0025950284237002451 -0.051300574879372313 -0.0023577193279651549 -0.016435445479575431 -0.022786877716891467 -0.0047602570819129291 -0.14767633431404831 -0.031858608825132251 -0.12566125581264495 -0.054019291352480646 -0.031825771686878612 -0.036431829805461391 -0.13544598699930838 -0.00036608336740558828 -0.0092266435681383919 -0.059519853747139376 0.070599892662177158 0.062233888429144159 -0.023272170394845308 0.01132328437164244 -0.027388660072117616 -0.0093890476355939587
leaf_weight=2167 5053 4355 151 5277 4813 1895 28 944 2961 40 1179 1265 642 835 244 133 29 154 343 84 8758 3664 189 25 57 14788 2213 4120 5908 4149 3481 52 32 97 7943 163 595 1691 47 1382 1122 573 31 521 1761 120 76 20 20 25 20 47 57 34 74 4775 27 93 23 25 82 487 357
leaf_count=2167 5053 4355 151 5277 4813 1895 28 944 2961 40 1179 1265 642 835 244 133 29 154 343 84 8758 3664 189 25 57 14788 2213 4120 5908 4149 3481 52 32 97 7943 163 595 1691 47 1382 1122 573 31 521 1761 120 76 20 20 25 20 47 57 34 74 4775 27 93 23 25 82 487 357
internal_value=0 -0.00297783 -0.00128349 0.00281597 -0.006239 0.00956743 0.00822652 0.00866131 0.00970695 -0.00534663 -0.00884075 -0.00390308 0.0079747 0.0111402 -0.00836268 -0.0116056 0.00186515 -0.0146092 -0.00961313 -0.020617 -0.0102002 -0.00298184 -0.0358494 -0.0412865 -0.0273252 -0.000798613 0.00171559 0.00222408 0.00707225 0.0082343 0.00576827 0.0103572 -0.0189994 0.0218644 -0.00753575 0.00192433 -0.0238803 0.0086285 0.00664741 0.0153986 0.00355839 -0.00947366 0.00170014 -0.00602412 -0.0101311 -0.0284731 -0.0388214 -0.051449 -0.0394735 -0.0839712 -0.100848 -0.00150746 0.0149561 -0.0178206 -0.0428912 -0.00601296 -0.0102988 0.0308913 0.0525912 0.0176995 -0.00825975 -0.0233339 -0.0221583
internal_weight=0 78206 59488 32556 26932 24110 22215 21998 20470 1528 20387 7318 13413 8651 18718 13069 6545 610 581 427 11533 7142 217 176 584 19143 3478 4762 16824 13832 7924 3612 131 3646 17771 4312 947 7675 5845 1479 5935 11092 2992 568 10519 441 281 205 165 45 40 99 1830 703 108 12718 160 976 141 48 139 544 1536
internal_count=102316 78206 59488 32556 26932 24110 22215 21998 20470 1528 20387 7318 13413 8651 18718 13069 6545 610 581 427 11533 7142 217 176 584 19143 3478 4762 16824 13832 7924 3612 131 3646 17771 4312 947 7675 5845 1479 5935 11092 2992 568 10519 441 281 205 165 45 40 99 1830 703 108 12718 160 976 141 48 139 544 1536
is_linear=0
shrinkage=0.03


Tree=30
num_leaves=64
num_cat=0
split_feature=13 28 29 28 32 30 20 37 29 30 29 4 26 28 29 30 6 12 6 28 16 15 13 29 9 44 12 11 29 33 28 31 29 12 28 44 17 5 4 29 23 7 28 12 10 35 4 23 26 17 12 6 25 11 16 30 9 28 20 30 4 28 28
split_gain=2994.18 731.724 1343.9 580.398 561.233 534.67 456.515 1267.3 590.13 349.663 318.748 312.759 260.073 437.439 250.215 185.998 181.982 240.625 233.97 173.786 155.332 153.323 277.123 153.292 149.658 141.183 154.822 166.031 149.6 137.587 128.748 125.044 121.492 128.031 119.059 117.902 116.231 114.79 108.47 105.344 104.486 99.9568 98.6567 166.959 97.8677 176.436 199.331 169.235 155.949 107.794 97.2891 115.08 94.3984 93.5622 93.1898 92.9702 153.443 92.8554 118.321 106.955 89.514 87.8962 86.5916
threshold=4.5000000000000009 51270.000000000007 1.0000000180025095e-35 91770.000000000015 0.75000000000000011 2007.5000000000002 4.5000000000000009 1010045021.0000001 2304.0000000000005 1997.5000000000002 1.0000000180025095e-35 3.0000000000000004 3.5000000000000004 780749.50000000012 358609.00000000006 1936.5000000000002 27.500000000000004 2002.5000000000002 23.500000000000004 115710.00000000001 75.500000000000014 10472.500000000002 16.500000000000004 1460.0000000000002 23.500000000000004 3108800.0000000005 1091.5000000000002 742.50000000000011 4585.0000000000009 6.2500000000000009 6730425.0000000009 5.5100000000000007 32175.000000000004 1003.5000000000001 28530.000000000004 3015150.0000000005 3660.0000000000005 305.50000000000006 1.5000000000000002 306607.50000000006 13.500000000000002 20804.500000000004 89535.000000000015 2004.5000000000002 102.50000000000001 113.50000000000001 3.0000000000000004 7.2500000000000009 1.0000000180025095e-35 3950.0000000000005 2000.5000000000002 32.500000000000007 4.5000000000000009 47.500000000000007 110.50000000000001 1939.5000000000002 5918.5000000000009 351900.50000000006 4.5000000000000009 2015.5000000000002 3.0000000000000004 115710.00000000001 3474000.0000000005
decision_type=10 8 10 8 10 10 10 10 8 10 10 2 10 8 10 10 2 10 2 10 10 10 10 10 10 10 10 10 10 10 10 10 10 10 10 10 10 2 2 10 10 10 10 10 10 10 2 10 10 10 10 2 10 8 10 10 10 10 8 10 2 10 10
left_child=5 10 3 37 9 6 8 31 30 19 34 23 13 57 15 -9 17 -12 24 25 -14 29 -23 -11 -19 26 28 -28 -4 39 38 53 -13 -34 -2 -22 52 -3 -1 -21 -7 -6 54 -44 60 48 47 -47 -46 -48 51 -35 -15 -8 -27 -32 -57 58 -5 -59 -10 -60 -41
right_child=1 2 4 12 41 40 7 14 44 11 16 32 20 36 -16 -17 -18 18 -20 21 35 22 -24 -25 -26 42 27 -29 -30 -31 55 -33 33 50 -36 -37 -38 -39 -40 62 -42 -43 43 -45 45 46 49 -49 -50 -51 -52 -53 -54 -55 -56 56 -58 59 61 -61 -62 -63 -64
leaf_value=0.032012765101544841 -0.016464303921265067 -0.0061223546086954248 -0.10839125235641033 0.0077201499968587405 0.01049505615698937 0.013103253938475305 -0.015311323577619117 -0.09545532976942403 0.009138902397442597 -0.069643169376585212 -0.019261210832644367 -0.088297136094835069 -0.0053352793395568315 0.043966430235262512 0.029045497938288284 -0.030546740871234799 -0.016543909882640921 -0.0052701819476646348 -0.14601713785319589 -0.012671524702050487 0.017106957120156478 0.0028913993585448416 -0.0088862116896006212 0.0020425232981735649 -0.083893986579803931 0.0033865979854591876 -0.009590469290823897 -0.10070340859038489 -0.034631010076403616 -0.0035117258517054846 0.028372642775194953 0.057496787428099189 0.011573736733542039 -0.10209729607490932 -0.0063344938622034528 0.0029397744803116859 0.013328230431339202 0.00055330304041220158 0.010295561229984176 -0.039622365711680194 0.028345348434963502 -0.011652985642402488 -0.00096236846663735138 -0.12072603203170001 -0.021277026750725406 -0.0018782816962896842 -0.066452339515899822 0.0096165546173420137 0.001506624127917307 -0.0093213292397558694 -0.021339442513739832 -0.02460258067718574 0.024659628615484732 0.044262613264881831 -0.024588964703112032 0.070043939047671366 0.014775359405239606 0.017520635203389725 -0.045444192662835121 -0.012828656286001204 0.025962797715358293 -0.003049472429177873 -0.019391074620894767
leaf_weight=233 1106 2769 49 5331 1991 566 46 42 3043 27 146 27 1636 371 61 736 770 37 32 2482 683 2116 11966 4739 53 227 126 21 50 990 1302 192 78 34 18701 2340 429 14241 1854 242 1421 202 22 20 290 1358 46 7626 3997 84 195 35 591 49 203 47 1187 1255 48 114 314 530 893
leaf_count=233 1106 2769 49 5331 1991 566 46 42 3043 27 146 27 1636 371 61 736 770 37 32 2482 683 2116 11966 4739 53 227 126 21 50 990 1302 192 78 34 18701 2340 429 14241 1854 242 1421 202 22 20 290 1358 46 7626 3997 84 195 35 591 49 203 47 1187 1255 48 114 314 530 893
internal_value=0 -0.00293888 -0.00118192 0.0031396 -0.00608583 0.00908618 0.00776921 -0.0108489 0.00874971 -0.00738516 -0.00774938 -0.000423702 0.0078273 0.0108995 -0.0294633 -0.0340508 -0.0239546 -0.0452465 -0.0763437 -0.00922712 0.00211088 -0.00867068 -0.00711648 0.00163641 -0.0515709 -0.0237108 -0.0421378 -0.0226066 -0.0711386 -0.0134214 0.0182389 0.0435677 -0.0270321 -0.0221954 -0.00690013 0.00614063 0.0263143 -0.000533405 0.0127201 -0.0161337 0.0240036 0.00845497 -0.014107 -0.0579927 0.00613194 0.00498448 0.00734533 0.00787902 -3.46072e-05 -0.0295369 -0.0321727 -0.0627884 0.0321054 0.0154163 -0.00982047 0.0227806 0.0168804 0.00795335 0.00632232 0.0149934 0.0107125 -0.00657014 -0.0237047
internal_weight=0 77918 57073 30338 26735 24494 22507 1126 21381 24542 20845 5135 13328 8669 839 778 1038 268 122 19407 4659 18689 14082 4766 90 718 246 147 99 4607 4623 287 369 342 19807 3023 1391 17010 2087 3617 1987 2193 472 42 16758 13401 9114 8984 4287 130 264 69 962 95 430 2536 1234 7278 5909 1369 3357 578 1135
internal_count=102412 77918 57073 30338 26735 24494 22507 1126 21381 24542 20845 5135 13328 8669 839 778 1038 268 122 19407 4659 18689 14082 4766 90 718 246 147 99 4607 4623 287 369 342 19807 3023 1391 17010 2087 3617 1987 2193 472 42 16758 13401 9114 8984 4287 130 264 69 962 95 430 2536 1234 7278 5909 1369 3357 578 1135
is_linear=0
shrinkage=0.03


Tree=31
num_leaves=64
num_cat=0
split_feature=13 29 27 30 30 33 29 11 8 23 26 23 29 27 36 29 45 4 9 27 27 16 30 6 10 35 4 23 26 4 15 16 22 17 17 36 23 45 8 6 12 29 29 29 25 13 15 45 7 35 23 35 30 27 29 27 33 8 4 6 6 9 24
split_gain=2818.61 672.516 1166.03 605.58 521.777 414.919 626.027 538.643 372.878 357.441 274.349 362.901 267.387 240.888 198.083 191.797 177.839 177.348 190.806 178.463 143.545 138.229 134.546 141.149 131.027 150.557 248.038 159.198 149.829 126.975 144.57 122.56 122.366 117.761 123.585 114.677 111.966 110.817 106.369 105.908 105.392 104.913 103.836 106.169 99.5031 94.3915 179.363 137.651 217.998 171.22 118.772 117.035 95.3276 94.2024 91.5104 106.488 90.2499 88.5418 88.4585 102.971 109.445 88.2449 88.0318
threshold=3.5000000000000004 1.0000000180025095e-35 22710.000000000004 1998.5000000000002 2007.5000000000002 11.000000000000002 1.0000000180025095e-35 130.50000000000003 2371.5000000000005 46.500000000000007 2.5000000000000004 4.580000000000001 1460.0000000000002 14729.500000000002 21802.500000000004 1460.0000000000002 40144001001.500008 3.0000000000000004 5918.5000000000009 2468250.0000000005 226349.50000000003 75.500000000000014 1989.5000000000002 43.500000000000007 102.50000000000001 113.50000000000001 3.0000000000000004 7.2500000000000009 1.0000000180025095e-35 3.0000000000000004 10035.500000000002 75.500000000000014 3.0000000000000004 7560.0000000000009 3160.0000000000005 44152.500000000007 3.7100000000000004 30159001501.000004 506.50000000000006 40.500000000000007 2008.5000000000002 5620313.0000000009 32175.000000000004 10469056.500000002 2.5000000000000004 27.500000000000004 10311.000000000002 40014002000.500008 134.50000000000003 682.50000000000011 2.2900000000000005 474.50000000000006 1944.5000000000002 409726.00000000006 207580.00000000003 9239629.0000000019 2.7500000000000004 1333.5000000000002 1.5000000000000002 17.500000000000004 12.500000000000002 260.50000000000006 1.0000000180025095e-35
decision_type=10 10 8 10 10 10 8 10 10 8 10 10 10 10 10 10 10 2 10 10 8 10 10 2 10 10 2 8 10 2 10 10 10 10 10 10 10 10 10 2 8 10 10 10 10 10 10 10 10 10 10 10 10 10 10 10 10 10 2 2 2 10 10
left_child=4 2 13 8 5 6 40 29 16 44 11 20 45 32 -14 -5 31 38 53 42 -4 -12 23 61 58 28 27 -27 -26 -7 -31 39 36 34 -15 -16 -2 -23 -17 -3 -1 -28 -20 -44 -9 47 -47 48 -10 -50 51 -48 -53 -19 55 -29 -6 -36 59 60 -8 -13 -46
right_child=1 3 10 15 56 7 24 9 12 -11 21 22 14 33 35 17 -18 18 19 -21 -22 37 -24 -25 25 26 41 54 -30 30 -32 -33 -34 -35 57 -37 -38 -39 -40 -41 -42 -43 43 -45 62 46 50 -49 49 -51 -52 52 -54 -55 -56 -57 -58 -59 -60 -61 -62 -63 -64
leaf_value=0.025159792833899675 -0.0045664621341573878 -0.0052615194946042439 0.0079401906266979971 -0.063220223628166275 -0.024537627377944505 0.0055574602052485388 0.0080216396772967904 -0.075709741328058661 -0.13526709598302841 0.027040687630884349 -0.0059582719013904165 0.043374059499341193 -0.021044969838769211 0.0018762357534075477 -0.0083607850434572611 0.015319110543302976 -0.008445701756585499 0.00025405600040625083 -0.093100390434265129 0.016217543710840911 0.026840807595109754 0.016605747530288886 0.0073638192243408408 -0.026413605299079788 -0.020984501523118128 -0.0014471896316207871 -0.041570668375162885 0.011246217697925586 0.0019200262937107092 0.053621346490348089 -0.024446815732452602 0.004608658204757702 -0.026662198404171774 0.0091077327902719402 0.0094234944901357698 -0.015950796055948676 0.012043235109502299 0.0022248708024389164 0.0020839652468304815 -0.062261519461870196 0.014956706865614688 0.021579064929793619 -0.024286394854067393 -0.095553750112652769 -0.028645831802676568 -0.0023187191977298684 -0.11193270902548517 -0.0027730965332968252 -0.0095732027595326046 -0.070826103795497183 -0.12278178468007933 0.022780801333487033 -0.064337173052705254 0.051995257731865752 0.0057972723665057962 0.030464967370961223 0.024778271108645257 -0.0074870351167158752 0.013838928806974404 0.0052959591912600202 -0.071553229802121809 -0.0022209638521563627 0.011339835755808172
leaf_weight=1859 28523 1328 5519 41 34 948 28 38 20 120 1362 560 1593 6398 9612 610 3597 113 24 82 387 647 175 30 275 1377 129 4101 3935 102 27 2587 223 1330 313 2202 370 1894 5251 30 1787 29 317 20 762 42 21 143 118 63 33 20 26 44 3216 277 1885 2540 2775 371 35 41 53
leaf_count=1859 28523 1328 5519 41 34 948 28 38 20 120 1362 560 1593 6398 9612 610 3597 113 24 82 387 647 175 30 275 1377 129 4101 3935 102 27 2587 223 1330 313 2202 370 1894 5251 30 1787 29 317 20 762 42 21 143 118 63 33 20 26 44 3216 277 1885 2540 2775 371 35 41 53
internal_value=0 -0.00282661 -0.00075414 -0.00655893 0.00889532 0.00760047 0.00890593 -0.00525923 -0.00899157 -0.021438 0.00807787 0.0117557 -0.0119069 -0.00311583 -0.0111145 0.00146072 -0.00362129 0.00187117 -0.0136632 -0.0237346 0.00917868 0.00175318 0.0306386 0.0370935 0.00642655 0.00511721 0.00728163 0.00793789 0.000423887 0.00935728 0.0372815 0.000777555 -0.00452462 0.000760791 -0.000439235 -0.00977548 -0.00435376 0.00588659 0.00346145 -0.00652072 0.020159 -0.0299799 -0.0328096 -0.0285159 -0.028258 -0.0337665 -0.0543445 -0.025272 -0.0412787 -0.0308933 -0.0761954 -0.0532498 -0.0264598 0.0147548 0.00963966 0.0124622 0.0239045 -0.0056318 0.0118691 -0.000725706 -0.0361866 0.0402636 -0.0260455
internal_weight=0 78249 50312 27937 24163 22244 20194 2050 21435 973 10615 6712 13893 39697 13407 6502 7542 6461 600 443 5906 3903 806 631 16548 13339 9129 8971 4210 1077 129 3945 29116 10581 9251 11814 28893 2541 5861 1358 3646 158 361 337 853 486 142 344 201 181 100 67 46 157 7594 4378 1919 2853 3209 434 63 601 815
internal_count=102412 78249 50312 27937 24163 22244 20194 2050 21435 973 10615 6712 13893 39697 13407 6502 7542 6461 600 443 5906 3903 806 631 16548 13339 9129 8971 4210 1077 129 3945 29116 10581 9251 11814 28893 2541 5861 1358 3646 158 361 337 853 486 142 344 201 181 100 67 46 157 7594 4378 1919 2853 3209 434 63 601 815
is_linear=0
shrinkage=0.03


Tree=32
num_leaves=64
num_cat=0
split_feature=13 28 29 28 32 30 20 37 29 30 29 4 26 28 37 30 14 12 2 45 28 36 2 15 13 16 29 28 4 36 30 31 28 45 33 20 28 28 35 16 30 28 28 36 25 45 47 44 28 7 13 7 30 44 17 23 29 33 28 35 7 12 7
split_gain=2652.03 674.138 1225.82 528.821 515.851 490.94 396.907 1131.56 526.379 320.145 284.885 267.87 249.454 429.642 235.386 218.783 176.165 216.492 218.218 325.272 168.928 172.18 147.113 143.002 246.878 137.826 136.385 135.058 146.344 126.262 126.003 120.293 119.975 116.621 112.663 112.51 111.791 109.175 98.3905 97.4071 95.1725 130.537 93.22 93.0867 92.4663 114.66 154.104 105.806 91.7748 90.7514 89.833 88.8101 88.754 88.4657 86.1484 85.1406 209.897 84.9161 83.1764 112.425 112.089 122.513 125.611
threshold=3.5000000000000004 51270.000000000007 1.0000000180025095e-35 91770.000000000015 0.75000000000000011 2007.5000000000002 4.5000000000000009 1010045021.0000001 2304.0000000000005 1997.5000000000002 1.0000000180025095e-35 3.0000000000000004 3.5000000000000004 1018125.0000000001 1012885522.5000001 1936.5000000000002 27.500000000000004 2002.5000000000002 11368.500000000002 40483011004.500008 115710.00000000001 40752.000000000007 11235.500000000002 10472.500000000002 16.500000000000004 75.500000000000014 1460.0000000000002 4270500.0000000009 1.5000000000000002 31609.500000000004 2017.5000000000002 3.7200000000000002 351900.50000000006 30159001501.000004 6.2500000000000009 4.5000000000000009 1509311.5000000002 28530.000000000004 945.50000000000011 112.50000000000001 1982.5000000000002 3979800.0000000005 22817705.000000004 21607.500000000004 4.5000000000000009 10098005500.000002 4.5000000000000009 1008651.5000000001 2214784.0000000005 20804.500000000004 17.500000000000004 97.500000000000014 2015.5000000000002 1003950.5000000001 3505.0000000000005 7.2500000000000009 5620313.0000000009 2.7500000000000004 55230.000000000007 739.50000000000011 442.50000000000006 1091.5000000000002 279.50000000000006
decision_type=10 8 10 8 10 10 10 10 8 10 10 2 10 8 10 10 10 10 2 10 10 10 2 10 10 10 10 10 2 10 10 10 10 10 10 8 10 10 10 10 10 8 10 10 10 8 2 10 10 10 10 10 10 8 10 8 10 10 10 10 10 10 10
left_child=5 10 3 29 9 6 8 31 27 20 37 26 13 32 15 -9 17 -12 -19 -20 21 22 38 34 -25 -14 -11 28 -1 50 -13 53 35 -27 43 -5 -32 -2 58 -31 41 54 -33 -22 45 47 51 48 -10 -6 -3 -47 -34 -8 -15 56 -48 -7 -4 60 61 62 -60
right_child=1 2 4 12 49 57 7 14 44 11 16 30 25 40 -16 -17 -18 18 19 -21 23 -23 -24 24 -26 33 -28 -29 -30 39 36 42 52 -35 -36 -37 -38 -39 -40 -41 -42 -43 -44 -45 -46 46 55 -49 -50 -51 -52 -53 -54 -55 -56 -57 -58 -59 59 -61 -62 -63 -64
leaf_value=0.03325300607105456 -0.015718413422848444 -0.001783386332825414 -0.095513150134812236 0.007385194214633314 0.010090301962536812 -0.02380149798358188 -0.032182820908725263 -0.10914521297207101 -0.043117445358828478 -0.065718128780523938 -0.018663518757142887 -0.033161461070546357 -0.0048026950371392249 0.036422459587910773 0.025111858331731386 -0.029013094404100544 -0.015465004278631504 -0.039148930015836012 -0.20747976515780794 -0.054505214526735499 -0.021048825591439578 -0.011528095811179468 -0.11114028743505477 0.0027583533423920889 -0.0083579993241927088 0.016473753784915876 0.0018959080189458826 0.021407917059647948 0.0069905646913767765 0.0025550214262782711 -0.030832300605252383 0.04177455638056201 0.016781993582904307 0.0025602639967126349 -0.0039804976594545426 -0.0065367042881417344 0.044396962353028355 -0.0060181878672355181 0.018180709783919155 -0.0031410872900449116 0.011268806108412409 0.067247120392630283 0.088648462611801773 -0.01127332098093767 0.0033761220431067097 0.063314861425676869 -0.0011552628103545317 -0.0082924940020055633 0.0064756692857339199 -0.011005997559018802 -0.011360078557103028 0.016390034812101759 -0.008425805203899954 0.040672806397080423 0.013932773125171662 0.0079333538055566949 -0.099948246993801809 0.024034923154684723 -0.039030722711355451 -0.10264493541419505 0.0079497663903642778 -0.017287943575774199 -0.13276112347841262
leaf_weight=221 1106 2413 23 5348 2006 34 30 32 34 27 142 305 1728 481 70 735 774 71 22 29 1471 446 25 2116 11966 708 4816 2832 1405 9424 32 173 1661 2315 1029 579 40 18701 28 3788 218 92 49 2170 7503 37 161 573 2740 202 1389 1917 136 30 225 3680 22 1885 31 20 55 69 22
leaf_count=221 1106 2413 23 5348 2006 34 30 32 34 27 142 305 1728 481 70 735 774 71 22 29 1471 446 25 2116 11966 708 4816 2832 1405 9424 32 173 1661 2315 1029 579 40 18701 28 3788 218 92 49 2170 7503 37 161 573 2740 202 1389 1917 136 30 225 3680 22 1885 31 20 55 69 22
internal_value=0 -0.00274181 -0.00106383 0.00305283 -0.00573236 0.00862846 0.00737246 -0.0100393 0.00829476 -0.00697472 -0.00736271 -0.000377145 0.00748862 0.0104963 -0.0275501 -0.0323563 -0.022683 -0.0438447 -0.0731539 -0.120494 -0.00874347 -0.0230139 -0.0417783 -0.0081963 -0.00668763 0.00195567 0.00151896 0.0174513 0.0105601 -0.000464463 -0.0247348 0.0419343 0.00808393 0.00581886 -0.0127456 0.00602518 0.0109617 -0.00655984 -0.0347862 0.000921895 0.028836 0.0336351 0.0521206 -0.0152227 0.00584562 0.00786752 0.010413 0.0034436 0.00586782 0.0081603 -0.00528208 0.0172786 0.0148742 0.00424499 0.0292551 0.00694017 -0.013032 0.0231874 -0.0415274 -0.0352245 -0.0276064 -0.0436358 -0.0779377
internal_weight=0 78249 57404 30505 26899 24163 22244 1119 21125 24691 20845 5220 13491 8740 837 767 1038 264 122 51 19471 719 273 18752 14082 4751 4843 4458 1626 17014 377 282 7724 3023 4670 5927 72 19807 248 13212 1016 798 222 3641 16667 9164 5817 3347 2774 2208 3802 1954 1797 60 706 3863 183 1919 220 197 177 122 53
internal_count=102412 78249 57404 30505 26899 24163 22244 1119 21125 24691 20845 5220 13491 8740 837 767 1038 264 122 51 19471 719 273 18752 14082 4751 4843 4458 1626 17014 377 282 7724 3023 4670 5927 72 19807 248 13212 1016 798 222 3641 16667 9164 5817 3347 2774 2208 3802 1954 1797 60 706 3863 183 1919 220 197 177 122 53
is_linear=0
shrinkage=0.03


Tree=33
num_leaves=64
num_cat=0
split_feature=13 28 8 28 30 20 11 20 44 39 5 28 30 4 2 36 5 4 20 31 20 25 30 8 17 20 47 44 28 25 45 30 15 17 2 30 23 13 17 36 13 30 8 27 11 30 30 8 39 3 45 7 7 17 17 15 12 27 27 12 23 25 17
split_gain=2495.29 635.562 521.778 520.89 461.926 373.45 911.483 344.71 245.821 222.162 215.72 186.802 209.94 149.366 138.463 148.669 134.455 122.895 166.139 152.325 122.494 141.816 122.492 122.017 120.361 144.054 136.264 117.201 109.626 107.158 104.086 97.2034 92.6554 88.0854 90.532 83.4892 82.8336 81.0065 108.762 124.084 106.567 103.785 88.4866 94.0442 146.677 80.3446 103.159 93.7354 78.9014 77.9035 91.9177 77.0148 81.7492 76.9102 86.3509 75.4789 124.484 72.648 72.528 71.9825 89.559 71.9184 71.6722
threshold=3.5000000000000004 54690.000000000007 1207.5000000000002 1312199.5000000002 2007.5000000000002 4.5000000000000009 130.50000000000003 4.5000000000000009 4004450.5000000005 1.5000000000000002 102.50000000000001 16940613.000000004 1960.5000000000002 3.0000000000000004 10304.500000000002 21607.500000000004 407.50000000000006 3.0000000000000004 3.5000000000000004 4.830000000000001 1.5000000000000002 4.5000000000000009 1974.5000000000002 123.50000000000001 4850.0000000000009 3.5000000000000004 4.5000000000000009 3080100.0000000005 36090.000000000007 2.5000000000000004 40616012004.500008 2013.5000000000002 11210.500000000002 4150.0000000000009 10020.000000000002 1940.5000000000002 13.500000000000002 28.500000000000004 405.00000000000006 31601.500000000004 17.500000000000004 2019.5000000000002 2402.5000000000005 170999.50000000003 563.50000000000011 1975.5000000000002 1990.5000000000002 8549.5000000000018 14.500000000000002 1835.5000000000002 20451022004.500004 78.500000000000014 99.000000000000014 660.00000000000011 1315.0000000000002 10035.500000000002 1003.5000000000001 7717500.0000000009 5395050.0000000009 2010.5000000000002 23.750000000000004 1.5000000000000002 7560.0000000000009
decision_type=10 8 10 10 10 10 10 10 10 10 2 10 10 2 2 10 2 2 8 10 8 10 10 8 10 8 2 10 10 10 10 10 10 10 2 8 10 10 10 8 10 10 10 10 10 10 10 10 10 2 10 10 10 10 10 10 10 10 10 10 10 8 10
left_child=4 28 8 37 5 10 55 9 51 13 23 -8 -13 32 -11 -16 17 22 27 31 -12 24 48 -1 26 -26 33 -19 49 -25 62 -20 -5 34 -22 -36 -6 38 42 40 53 -39 -4 -44 -45 -9 -47 -48 -17 50 -2 -3 -53 -40 -55 59 -57 -35 -27 60 -7 -41 -30
right_child=1 2 3 7 36 6 11 45 -10 14 20 12 -14 -15 15 16 -18 18 19 -21 21 -23 -24 29 25 58 -28 -29 30 -31 -32 -33 -34 57 35 -37 -38 41 39 61 -42 -43 43 44 -46 46 47 -49 -50 -51 -52 52 -54 54 -56 56 -58 -59 -60 -61 -62 -63 -64
leaf_value=0.0064626199626968729 -0.074834356264156451 0.015000344658225096 0.035730273219469547 -0.0064587844285816914 0.012159409978396525 0.039012719234678798 0.054929065927863119 0.035275832688661683 -0.0014253555323987075 0.00097289952597435169 0.034592579554234226 -0.12361367161784854 -0.027418800971538919 -0.02880670376339876 -0.017174055449345662 -0.005588504291691874 -0.011726052569189875 -0.028924635399294935 -0.019178617274345354 -0.089893029697006563 0.066368470827738446 0.0034254547808283838 0.0010538340526390123 0.026921803623594559 -0.00018857949097033925 0.0082759836190843001 0.0082489863099663909 -0.10119542243580022 -0.008402612528768413 0.013919156106385217 -0.0030634728898702788 0.023244726838400731 0.012017205305811494 0.0078150759175507935 0.03223036777508189 0.013223538786703697 0.026251644429444561 -0.0027471650012926038 -0.010923193396468247 -0.0058272795581967079 -0.010200316903296869 -0.051928157312437315 0.0090793211684833675 -0.084779502689838401 0.012203303407877683 -0.041857135110504685 0.025329776841637796 -0.040714851885356687 -0.015085419127201832 -0.010168514043710105 -0.019919036417333804 -0.011846058685609716 0.0084220179704404975 0.0068182878422741247 -0.0017725399545096248 -0.046207473410500417 0.047694783098995684 0.025148162195536884 0.025164198865193013 0.015416665776322287 0.09461471799881227 0.0031425415516494822 -0.00081807693359884043
leaf_weight=1147 34 1770 107 319 512 164 24 198 2556 1723 140 21 738 109 1440 7625 4126 46 129 20 45 7809 2442 853 2196 830 4096 36 10255 1722 7677 78 1043 846 414 418 1407 3936 588 859 1265 39 1237 25 32 31 160 22 878 4348 142 189 3420 1432 3979 27 24 293 316 90 31 12675 1259
leaf_count=1147 34 1770 107 319 512 164 24 198 2556 1723 140 21 738 109 1440 7625 4126 46 129 20 45 7809 2442 853 2196 830 4096 36 10255 1722 7677 78 1043 846 414 418 1407 3936 588 859 1265 39 1237 25 32 31 160 22 878 4348 142 189 3420 1432 3979 27 24 293 316 90 31 12675 1259
internal_value=0 -0.00265955 -0.000876606 -0.00208753 0.00836961 0.00715128 -0.00973811 -0.00567807 0.00623463 -0.00623657 0.00804592 -0.0274747 -0.0300803 0.00498549 -0.0071268 -0.00795652 -0.0070935 -0.00539508 -0.024053 -0.0108318 0.00664393 0.00641727 -0.00486833 0.0146012 0.00888852 0.00431084 0.0113916 -0.0606533 -0.00675954 0.0182264 -0.00576922 -0.00319301 0.00768986 0.0177765 0.0249229 0.0226813 0.0224918 0.00071437 0.0014206 0.000875598 -0.00228736 -0.0032297 0.00951126 0.00734323 -0.030333 0.0215184 0.00872989 0.0173464 -0.00656913 -0.0109606 -0.0305277 0.00987451 0.0073606 -0.000618767 0.000500989 0.0315944 -0.00201818 0.0122739 0.0129328 0.0376093 0.047852 0.00257323 -0.00757328
internal_weight=0 78249 54534 46599 24163 22244 1119 20425 7935 20014 21125 783 759 1471 18543 16820 15380 11254 309 227 17403 17263 10945 3722 9454 3342 6112 82 23715 2575 19191 207 1362 2016 877 832 1919 26174 22199 20798 7264 3975 1401 1294 57 411 213 182 8503 4524 176 5379 3609 5999 5411 336 51 1139 1146 285 195 13534 11514
internal_count=102412 78249 54534 46599 24163 22244 1119 20425 7935 20014 21125 783 759 1471 18543 16820 15380 11254 309 227 17403 17263 10945 3722 9454 3342 6112 82 23715 2575 19191 207 1362 2016 877 832 1919 26174 22199 20798 7264 3975 1401 1294 57 411 213 182 8503 4524 176 5379 3609 5999 5411 336 51 1139 1146 285 195 13534 11514
is_linear=0
shrinkage=0.03


Tree=34
num_leaves=64
num_cat=0
split_feature=16 28 29 28 32 25 32 37 29 29 23 37 4 8 4 28 23 27 4 11 5 44 9 28 20 4 28 20 3 36 9 28 29 29 36 7 33 44 14 13 11 35 36 12 40 36 40 11 5 29 9 28 28 29 14 2 12 7 12 20 7 24 29
split_gain=2350.08 602.228 1109.16 498.733 453.397 364.221 348.612 420.924 334.927 268.127 233.925 228.189 375.367 228.349 223.886 208.612 168.486 185.642 167.711 299.53 264.448 160.201 158.156 468.452 168.723 161.994 156.463 153.128 145.126 142.784 142.029 141.508 131.536 182.089 135.193 131.253 122.845 122.713 120.145 179.575 160.082 118.274 114.541 110.427 107.997 105.84 103.643 125.486 112.701 103.125 98.9065 98.4346 94.0857 93.9821 93.6779 138.766 210.507 94.5408 204.927 93.5476 93.0195 92.9328 91.4853
threshold=24.500000000000004 51270.000000000007 1.0000000180025095e-35 139035.00000000003 0.75000000000000011 1.0000000180025095e-35 11.000000000000002 1008655506.0000001 1.0000000180025095e-35 1.0000000180025095e-35 50.500000000000007 3000330008.0000005 3.0000000000000004 2332.5000000000005 3.0000000000000004 270930.00000000006 2.2900000000000005 10890.000000000002 3.0000000000000004 112.51500000000001 106.50000000000001 4050650.0000000005 5918.5000000000009 1018125.0000000001 1.5000000000000002 3.0000000000000004 381825.00000000006 4.5000000000000009 1904.5000000000002 31601.500000000004 5918.5000000000009 110718604.50000001 4570.0000000000009 3295.5000000000005 21607.500000000004 991.50000000000011 9.5000000000000018 1027200.0000000001 44.500000000000007 27.500000000000004 742.50000000000011 90.500000000000014 44002.500000000007 2000.5000000000002 35.500000000000007 31004.500000000004 12.500000000000002 32.500000000000007 102.50000000000001 4585.0000000000009 68.500000000000014 28530.000000000004 50189090.500000007 2843418.5000000005 27.500000000000004 11411.500000000002 2003.5000000000002 923.00000000000011 4003.5000000000005 3.5000000000000004 157.50000000000003 1.0000000180025095e-35 165946.50000000003
decision_type=10 8 10 8 10 8 10 10 8 10 10 10 2 10 2 10 10 10 2 10 2 10 10 8 10 2 10 10 2 10 10 10 10 10 10 10 8 10 10 10 10 8 10 10 10 10 10 10 2 10 10 10 10 10 10 2 10 10 10 10 10 10 10
left_child=5 9 3 29 11 18 8 14 43 51 61 13 35 15 -8 28 54 49 31 -20 -21 -19 23 24 -5 60 44 -27 -4 45 -14 46 33 38 -34 -13 53 -25 39 50 -40 52 -31 -7 -26 -3 -1 -48 -49 -18 -15 -2 -38 -10 55 -11 -57 -56 -59 62 -24 -9 -32
right_child=1 2 4 22 -6 6 7 10 36 16 -12 12 30 32 -16 -17 17 21 19 20 -22 -23 25 37 26 27 -28 -29 -30 42 59 -33 34 -35 -36 -37 41 -39 40 -41 -42 -43 -44 -45 -46 -47 47 48 -50 -51 -52 -53 -54 -55 57 56 -58 58 -60 -61 -62 -63 -64
leaf_value=0.00081457223572373465 -0.014852184376165544 -0.0013244342215858532 -0.10580197184085845 0.01796421385711533 0.0075038447714894175 0.028435021461407122 0.0064548923107679568 -0.025976327724368652 0.0039291751069210441 -0.016830872366510662 0.020027302298356867 0.0019752807791330721 0.017958105513826012 0.0096753467828966672 0.062185656066451753 -0.0029924005713360259 -0.062270452354635512 -0.12456987516582012 0.016067293029689685 -0.13665687510500782 -0.022409139265390957 -0.040183016310741261 0.014788222246586966 0.061094246169179675 -0.0055793823470995357 -0.043470450741979368 0.010863598455627989 0.024818290598117385 -0.025860003101240311 0.0033744011265650353 -0.10272916170954703 0.029821917466160051 -0.018296552587299151 -0.095924829381772062 -0.0090411409221208706 -0.0059862086176440919 -0.0019065930319264765 0.026138465726728295 -0.030902756390979096 -0.080453107095922211 -0.12403606912493706 0.010243324717471409 -0.0021969129226615757 0.013736995503319428 0.0068384191985193937 -0.011025062030919335 0.0044531715760472521 0.026949170078879439 0.014880584535861691 0.0016018399090434495 -0.049460532722994686 -0.0056414440332742365 0.016145284257440405 -0.0084060343946143531 0.0026736956665523513 -0.024740019341146474 -0.13429632130596372 -0.015122701306134648 -0.11151086260165487 -0.024956826050953746 0.00087479986615270164 0.021370746000454976 -0.043509774458491142
leaf_weight=460 1106 3507 25 1163 2251 696 412 861 6164 134 124 4904 48 168 77 5782 35 40 188 23 88 41 566 100 1379 122 2328 39 112 11178 30 599 1701 33 8610 3006 1421 940 98 28 20 6228 4725 1357 1161 1423 727 954 2579 65 30 18701 318 611 274 38 27 363 21 223 1833 39 108
leaf_count=460 1106 3507 25 1163 2251 696 412 861 6164 134 124 4904 48 168 77 5782 35 40 188 23 88 41 566 100 1379 122 2328 39 112 11178 30 599 1701 33 8610 3006 1421 940 98 28 20 6228 4725 1357 1161 1423 727 954 2579 65 30 18701 318 611 274 38 27 363 21 223 1833 39 108
internal_value=0 -0.00256477 -0.000984465 0.00294614 -0.00539047 0.00817529 0.00612489 -0.00766759 0.00736741 -0.00693466 -0.0186023 -0.00655492 -0.00249935 -0.00858649 0.0152305 -0.00385934 -0.0217975 -0.0480975 0.0148572 -0.00700489 -0.0460821 -0.0818555 0.00859163 0.0109048 0.00769827 0.00220241 0.00524566 -0.0269285 -0.040448 0.000336254 -0.030524 0.0160861 -0.0112044 -0.0286094 -0.010568 -0.00105029 0.00578644 0.0294996 -0.0221518 -0.00934091 -0.0466881 0.00831183 0.00171909 0.0187199 9.66285e-05 -0.00412443 0.0143429 0.0158038 0.0181394 -0.0207535 0.000715365 -0.00615576 0.00139444 0.00281673 -0.0162429 -0.0342787 -0.070248 -0.0107883 -0.0203939 -0.0369704 0.00415742 -0.0239246 -0.0563836
internal_weight=0 78486 57641 30464 27177 23926 18308 1513 16795 20845 1024 24926 8319 16607 489 5919 1038 181 5618 299 111 81 9631 7071 6031 2560 4868 161 137 20833 409 5319 10688 377 10311 7910 14742 1040 344 226 118 7967 15903 2053 2540 4930 4720 4260 3533 100 198 19807 1739 6775 857 199 65 658 384 361 2399 900 138
internal_count=102412 78486 57641 30464 27177 23926 18308 1513 16795 20845 1024 24926 8319 16607 489 5919 1038 181 5618 299 111 81 9631 7071 6031 2560 4868 161 137 20833 409 5319 10688 377 10311 7910 14742 1040 344 226 118 7967 15903 2053 2540 4930 4720 4260 3533 100 198 19807 1739 6775 857 199 65 658 384 361 2399 900 138
is_linear=0
shrinkage=0.03


Tree=35
num_leaves=64
num_cat=0
split_feature=14 29 28 37 29 37 4 4 28 13 27 28 37 29 8 28 27 28 26 4 36 23 3 45 13 7 16 27 29 39 12 36 7 12 27 8 7 37 12 36 36 3 2 8 17 30 30 44 4 17 7 26 2 28 13 27 2 44 17 16 23 44 31
split_gain=2264.5 514.781 1116.84 502.198 389.852 687.274 923.045 336.598 318.613 259.633 188.898 184.45 230.862 184.292 178.349 169.375 164.488 162.844 161.202 159.937 155.464 150.371 143.943 140.616 139.815 184.967 180.25 139.319 138.213 118.305 116.698 204.3 129.632 141.868 135.353 177.43 120.578 111.297 107.057 105.147 102.944 97.2563 109.168 152.097 122.987 92.4634 197.836 121.831 91.0767 227.761 89.101 86.6849 97.4001 86.0027 82.5641 81.1104 80.1786 79.1038 133.715 79.3133 154.946 97.0206 101.665
threshold=10.500000000000002 1.0000000180025095e-35 63990.000000000007 3000105007.0000005 2304.0000000000005 1008570055.5000001 3.0000000000000004 3.0000000000000004 199890.00000000003 15.500000000000002 10778385.000000002 1665225.0000000002 3000330008.0000005 300533.00000000006 2912.5000000000005 37590.000000000007 482625.00000000006 5846176.0000000009 4.5000000000000009 3.0000000000000004 21607.500000000004 9.7500000000000018 1903.5000000000002 40616012004.500008 27.500000000000004 27301.500000000004 100.50000000000001 2531250.0000000005 4196524.0000000009 11.500000000000002 1024.5000000000002 44402.500000000007 361.50000000000006 3000.5000000000005 12365.000000000002 3848.5000000000005 14601.500000000002 4092815063.0000005 2000.5000000000002 43101.500000000007 32201.500000000004 1945.5000000000002 11224.500000000002 8789.5000000000018 8250.0000000000018 1936.5000000000002 1910.5000000000002 1012850.5000000001 3.0000000000000004 6650.0000000000009 30.500000000000004 1.5000000000000002 10465.500000000002 5846176.0000000009 3.5000000000000004 10080.500000000002 11234.500000000002 3080100.0000000005 2905.0000000000005 47.500000000000007 4.8750000000000009 3015150.0000000005 4.330000000000001
decision_type=10 10 8 10 8 10 2 2 10 10 10 8 10 10 10 10 10 8 10 2 10 10 2 10 10 10 10 10 10 10 10 10 10 10 10 10 10 10 10 10 10 2 2 10 10 10 10 10 2 8 10 10 2 8 8 10 2 10 10 10 10 10 10
left_child=4 2 15 8 5 16 10 9 22 50 54 57 53 -9 19 -2 29 28 -15 -10 -16 -8 38 -17 26 30 41 -20 -6 -1 -26 -32 -33 34 35 -34 -36 -11 -3 -25 -22 42 44 -44 51 46 -23 -47 -18 -50 -5 52 -24 -13 -7 -27 -43 59 -59 60 -4 -61 -63
right_child=1 3 11 7 17 6 21 13 14 37 -12 12 -14 18 20 23 48 -19 27 -21 40 45 24 39 25 55 -28 -29 -30 -31 31 32 33 -35 36 -37 -38 -39 -40 -41 -42 56 43 -45 -46 47 -48 -49 49 -51 -52 -53 -54 -55 -56 -57 -58 58 -60 61 -62 62 -64
leaf_value=0.012178813270042971 -0.0094441940477880942 -0.11135114060507881 -0.0085036884938618339 0.021837163718074409 -0.0006570291770663291 0.013205064485653846 0.049007222298532722 -0.049061516258495308 -0.0038123259276116993 -0.00066803269413337235 0.045502427419949622 0.026930175438163065 0.007298171187778057 0.034485607306505066 -0.019623468517656398 -0.0054517391410457468 0.023243607434716231 0.0064437062829752773 -0.026699063365054829 0.042871980171150237 -0.0041938784627748348 0.0015059285605093465 -0.016854388074806104 0.0064771678632092556 -0.0089548299078867858 -0.12219450449714292 0.0013457829831274612 0.018323522850126027 -0.07978639572300017 0.045297378181096387 -0.10070282894186675 0.0021179033400998875 -0.1056431788392365 -0.0069809087855766888 -0.051040351630912889 -0.010390114699575034 -0.14069816701114177 -0.0098244392975556163 -0.032784738473694876 -0.0021207273844535469 -0.011190832153238055 -0.00071287785555635178 0.003658009420729952 -0.085076142506940011 -0.10040860975330526 0.046840159956898011 -0.11169481109489093 -0.02644348027154195 0.065059073102474219 0.0038209674838757097 0.0059130753421679791 -0.021147503784931868 -0.089498718410082487 0.060901058477513925 -0.0042626000781826202 -0.049222689972355446 -0.057173144335930161 0.0035070063662707754 -0.0055273973966141815 0.011678322296299223 0.030863217686131164 0.0048678427004704159 -0.03500808130178986
leaf_weight=2010 5453 27 712 359 2970 1396 24 166 4640 5157 148 318 1026 58 1372 14091 2490 15929 353 67 2925 24 26 1538 219 26 437 75 20 102 40 88 24 73 27 66 27 1555 37 7635 5361 175 101 21 33 21 33 735 150 86 2655 113 46 85 295 29 26 6984 1869 2245 103 7299 58
leaf_count=2010 5453 27 712 359 2970 1396 24 166 4640 5157 148 318 1026 58 1372 14091 2490 15929 353 67 2925 24 26 1538 219 26 437 75 20 102 40 88 24 73 27 66 27 1555 37 7635 5361 175 101 21 33 21 33 735 150 86 2655 113 46 85 295 29 26 6984 1869 2245 103 7299 58
internal_value=0 -0.00266327 -0.000856341 -0.00604501 0.00753391 0.013315 0.00111556 -0.000903627 -0.00937442 0.00049524 0.0130023 0.00445589 0.0148554 -0.0217708 -0.00793605 -0.00468536 0.0200628 0.00523784 -0.0124493 -0.00314782 -0.0102697 -0.0250011 -0.0218141 -0.00356991 -0.0200461 -0.0312037 -0.0129842 -0.0188096 -0.00118632 0.0137783 -0.0260826 -0.036955 -0.0285946 -0.0410494 -0.0583203 -0.0357909 -0.0958693 -0.00278934 -0.0659299 -0.000679153 -0.00872087 -0.0245595 -0.0343396 -0.0116159 -0.0470565 -0.0271859 -0.0640313 -0.0244078 0.0249318 0.0427435 0.00780981 -0.0375396 -0.063266 0.0340953 0.0101578 -0.0837185 -0.0080162 0.0036847 0.00159971 0.00545666 -0.00352848 0.0062193 0.00455347
internal_weight=0 75820 49416 26404 26433 7514 2676 10378 16026 9726 1839 20699 1429 652 14365 28717 4838 18919 486 4707 9658 837 1661 23264 1597 619 978 428 2990 2112 564 345 305 217 144 90 54 6712 64 9173 8286 541 340 122 218 813 57 756 2726 236 3014 185 72 403 1691 55 201 19270 8853 10417 815 9602 7357
internal_count=102253 75820 49416 26404 26433 7514 2676 10378 16026 9726 1839 20699 1429 652 14365 28717 4838 18919 486 4707 9658 837 1661 23264 1597 619 978 428 2990 2112 564 345 305 217 144 90 54 6712 64 9173 8286 541 340 122 218 813 57 756 2726 236 3014 185 72 403 1691 55 201 19270 8853 10417 815 9602 7357
is_linear=0
shrinkage=0.03


Tree=36
num_leaves=64
num_cat=0
split_feature=13 28 32 28 30 27 5 32 12 3 8 5 30 28 36 9 9 37 36 30 4 35 30 4 4 37 33 28 5 4 23 28 37 26 44 6 25 26 45 9 3 36 3 33 17 28 7 12 7 3 4 6 7 40 30 39 23 4 4 9 3 40 25
split_gain=2132.52 486.81 405.899 485.924 369.339 341.582 258.676 250.254 276.135 245.116 212.312 249.307 174.996 164.238 160.822 142.527 130.302 129.998 122.603 120.099 147.917 121.33 154.547 116.084 114.274 212.016 116.368 102.208 100.882 100.436 134.17 98.2904 109.731 97.5012 96.0369 93.1392 102.819 93.0353 91.9138 88.6166 88.1059 85.7206 85.7119 80.7567 76.1575 198.059 76.067 75.1205 73.869 73.7485 91.0755 137.404 190.616 124.867 72.8617 72.5847 71.3348 152.001 70.7445 70.5696 70.1373 69.0977 66.736
threshold=4.5000000000000009 51735.000000000007 0.75000000000000011 1312199.5000000002 2010.5000000000002 68436459.000000015 102.50000000000001 14.500000000000002 3003.5000000000005 1899.5000000000002 3175.5000000000005 308.50000000000006 2015.5000000000002 73710.000000000015 21855.500000000004 7501.5000000000009 2685.5000000000005 1000945501.0000001 41601.500000000007 1928.5000000000002 3.0000000000000004 108.50000000000001 1964.5000000000002 3.0000000000000004 3.0000000000000004 1018880058.5000001 6.2500000000000009 36615.000000000007 314.50000000000006 1.5000000000000002 10.750000000000002 270930.00000000006 3009205029.5000005 1.0000000180025095e-35 4040450.5000000005 4.5000000000000009 3.5000000000000004 4.5000000000000009 40548001001.000008 3.5000000000000004 1996.5000000000002 44601.500000000007 2008.5000000000002 3.5000000000000004 6650.0000000000009 4602600.0000000009 102.50000000000001 5000.5000000000009 84601.500000000015 1877.0000000000002 3.0000000000000004 15.500000000000002 14704.500000000002 12.500000000000002 2018.5000000000002 6.5000000000000009 42.500000000000007 3.0000000000000004 1.5000000000000002 152.50000000000003 1899.5000000000002 13.500000000000002 4.5000000000000009
decision_type=10 8 10 10 10 10 2 10 10 2 10 2 10 8 10 10 10 8 10 8 2 8 10 2 2 10 10 10 2 2 10 10 10 10 10 2 10 10 10 10 2 10 2 10 10 8 10 10 10 2 2 2 10 10 10 10 8 2 2 10 2 8 10
left_child=4 27 3 13 5 6 17 19 -9 -10 11 24 14 34 -12 -7 42 -1 31 20 29 22 33 -18 -5 -26 -27 60 -16 37 44 39 43 -21 55 36 46 -8 -29 -4 -20 -40 54 -33 -31 -46 -23 -11 -30 50 53 52 -52 -37 -15 59 -34 -58 -50 -3 -2 -6 -32
right_child=1 2 18 10 61 15 7 8 9 47 12 -13 -14 16 28 -17 23 -19 40 21 -22 35 -24 -25 25 26 -28 38 48 30 62 32 56 -35 -36 49 -38 -39 41 -41 -42 -43 -44 -45 45 -47 -48 -49 58 -51 51 -53 -54 -55 -56 -57 57 -59 -60 -61 -62 -63 -64
leaf_value=0.0053668435435189074 -0.023528420711448842 -0.0087085180393429631 -0.049830661354972106 0.0038863098446289645 0.034464369462474304 0.031996912627384577 0.038433508871001956 0.010175422748572548 -0.12475912781059741 -0.021655619402605471 -0.018718285437862268 -0.0067614243066670384 0.0098676217558629313 0.0037165622911933551 -0.0029360774816229742 -0.039284770536881224 -0.0020308288542621707 0.017521289115876346 -0.008369245028401218 -0.024318087490571436 0.034940675743339977 0.063495177650824186 0.0070029716197296627 -0.035219225989160489 0.045993194125670316 -0.024300749349407853 -0.098707184717059138 -0.0071689888211117214 -0.011249721308605482 0.0052948025135830228 0.01745496681838812 0.029039565584879662 0.0084250972094183259 -0.0029189072169126095 0.00081242888583972278 -0.016836910297170594 0.005090327153952314 -0.023572337888181208 0.0049919038346500442 0.0017266070447947341 0.016064991006322586 -0.0040462962182108266 0.018045221956171947 0.013739697699658075 -0.0034040852328429795 -0.10432932626316323 0.015284488608278345 0.012992228331665199 0.010343867804847747 0.0059155453462549825 -0.11113538957067898 0.022297488760791323 -0.018887778408825398 0.011503808581597498 -0.0087903153134296485 -0.0025358946089471157 0.0036802217231965374 -0.092444949388504019 -0.00659354181586302 -0.04763182083491322 -0.0091524299277548488 0.01891458483383758 0.0062696537289485725
leaf_weight=1096 327 1672 32 4667 340 29 169 417 20 531 1244 4659 485 14173 3264 195 2952 2855 583 214 210 30 1741 98 36 135 22 9128 5072 2644 1528 456 1309 1833 6227 225 1392 25 1122 481 172 5967 366 973 140 20 1620 63 253 4765 28 38 72 370 432 5021 57 20 1808 43 4631 1056 700
leaf_count=1096 327 1672 32 4667 340 29 169 417 20 531 1244 4659 485 14173 3264 195 2952 2855 583 214 210 30 1741 98 36 135 22 9128 5072 2644 1528 456 1309 1833 6227 225 1392 25 1122 481 172 5967 366 973 140 20 1620 63 253 4765 28 38 72 370 432 5021 57 20 1808 43 4631 1056 700
internal_value=0 -0.00244963 -0.00100038 -0.0017073 0.00771944 0.00680889 0.00717194 0.00570511 -0.00866407 -0.021459 -0.00515622 -0.00180276 -0.0077887 0.00070207 -0.00852432 -0.0300563 0.00255455 0.0141497 0.00811166 0.00653908 0.0102538 0.00490108 0.000432351 -0.00309721 0.00295082 -0.0196705 -0.0347271 -0.00633108 -0.00730461 0.00926181 0.0084452 0.0105877 0.0127887 -0.00515605 -0.00187322 0.00688322 0.0110952 0.0304431 -0.00517863 -0.00148944 -0.00280277 -0.00261579 0.00370596 0.018622 0.00407857 -0.0160197 0.016161 -0.0179808 -0.00930362 0.0045528 -0.00430601 -0.0262638 -0.0447171 0.00078673 0.00334662 -0.00435593 0.00677441 -0.0212874 -0.00451437 -0.00968444 -0.0101006 0.0227018 0.0139407
internal_weight=0 77887 56712 52629 24366 22970 22746 18795 1031 614 21645 9519 12126 30984 11641 224 18021 3951 4083 17764 5436 12328 3788 3050 4860 193 157 21175 10397 5226 5032 3328 2815 2047 12963 8540 3042 194 16217 513 755 7089 14971 1429 2804 160 1650 594 7133 5498 733 138 100 595 14605 6736 1386 77 2061 1715 4958 1396 2228
internal_count=102253 77887 56712 52629 24366 22970 22746 18795 1031 614 21645 9519 12126 30984 11641 224 18021 3951 4083 17764 5436 12328 3788 3050 4860 193 157 21175 10397 5226 5032 3328 2815 2047 12963 8540 3042 194 16217 513 755 7089 14971 1429 2804 160 1650 594 7133 5498 733 138 100 595 14605 6736 1386 77 2061 1715 4958 1396 2228
is_linear=0
shrinkage=0.03


Tree=37
num_leaves=64
num_cat=0
split_feature=13 29 28 30 30 28 20 37 29 20 4 8 8 28 37 28 28 36 30 20 45 4 17 30 11 26 37 11 28 29 29 28 17 6 30 29 2 3 17 5 37 5 45 17 13 28 7 8 2 15 11 45 8 5 30 23 17 28 25 3 37 40 45
split_gain=2006.49 483.428 1082.84 442.836 347.511 342.713 286.51 857.713 486.767 216.781 281.822 215.266 205.239 198.944 320.752 154.2 149.259 145.92 136.252 133.744 125.174 119.942 115.847 114.952 109.79 108.385 122.719 108.277 105.61 166.269 134.951 100.813 100.325 166.401 128.216 152.138 108.827 97.1755 112.511 96.5176 94.4689 93.0896 85.8632 165.535 132.215 121.126 112.514 149.247 85.7263 98.6498 85.2053 85.1681 81.2322 80.0757 74.8774 87.7831 74.0127 72.8764 72.5573 72.0272 71.4442 69.2691 81.8355
threshold=4.5000000000000009 1.0000000180025095e-35 63990.000000000007 2002.5000000000002 2010.5000000000002 102510.00000000001 4.5000000000000009 1010045021.0000001 1.0000000180025095e-35 4.5000000000000009 3.0000000000000004 1293.5000000000002 2371.5000000000005 780749.50000000012 5011580060.500001 37590.000000000007 3979800.0000000005 21802.500000000004 1946.5000000000002 3.5000000000000004 40616012004.500008 3.0000000000000004 6650.0000000000009 1936.5000000000002 47.500000000000007 4.5000000000000009 4049595013.5000005 169.00500000000002 5846176.0000000009 3509810.0000000005 9158.0000000000018 5846176.0000000009 4150.0000000000009 4.5000000000000009 1973.5000000000002 16571411.500000002 10020.000000000002 1904.5000000000002 3611.5000000000005 407.50000000000006 4092815063.0000005 107.50000000000001 40515502002.500008 715.00000000000011 27.500000000000004 48570.000000000007 27301.500000000004 2371.5000000000005 10015.000000000002 10018.500000000002 2.0100000000000002 30215502500.000004 350.50000000000006 314.50000000000006 1939.5000000000002 50.500000000000007 760.00000000000011 20423702.000000004 1.0000000180025095e-35 1902.5000000000002 4050435522.5000005 14.500000000000002 10018005002.000002
decision_type=10 10 8 10 10 10 10 10 8 8 2 10 10 8 8 10 8 10 10 10 10 2 8 10 10 10 8 10 8 10 8 10 10 2 10 10 2 2 10 2 8 2 10 10 10 10 10 10 2 10 10 10 10 2 10 10 10 10 10 2 8 10 10
left_child=4 2 15 5 6 37 8 22 54 10 12 23 18 51 -15 59 27 -14 24 -12 -17 50 57 58 -7 31 -27 -16 29 61 -30 -23 33 36 35 48 -32 38 -3 -22 -19 -38 43 45 -44 -39 -46 -48 -34 -50 -5 52 -4 -42 -1 -56 -52 -8 -9 -2 -21 62 -10
right_child=1 3 13 21 -6 9 7 11 28 -11 19 -13 17 14 16 20 -18 40 -20 60 39 25 -24 -25 -26 26 -28 -29 30 -31 32 -33 34 -35 -36 -37 41 42 -40 -41 53 -43 44 -45 46 -47 47 -49 49 -51 56 -53 -54 -55 55 -57 -58 -59 -60 -61 -62 -63 -64
leaf_value=0.019959368834175952 -0.020096585435639674 -0.093893006143214955 0.030431594176387244 0.030700800216433653 0.022020727993145233 0.012798499113800649 0.039880199468658339 -0.11570068137986318 -0.062630985088180754 0.025851982235505774 -0.081263638056814677 0.027423018988262375 -0.017581170920951777 0.0041249380633041951 0.0083213776177053448 -0.0051179007924624757 0.060871175249640856 -0.001712047679387255 -0.0068696441389830215 -0.037670826029180628 0.0072570135790774211 -0.0017026558358257061 0.010136056744601003 -0.025147839199449566 -0.00084525217793217594 -0.02857504794959511 0.0081079961520594511 0.027561018732919666 0.017828992642820878 -0.082578759415244521 0.061587949747012719 0.061357990585524463 0.0062185568265970869 0.0063156436472789719 0.0089142368916203096 -0.027449521870449457 -0.038209884579365069 -0.031090018067043274 -0.007981251115384308 -0.0018209852349276704 -0.004529246049382536 0.019416335139740431 0.0021661058492544621 -0.02247634433618954 -0.018047531792779466 -0.11300517185167833 -0.0086989369019865991 -0.12075363908610913 -0.0087392268195149621 0.002176782194182097 0.0094572396883809105 0.0022152696713490581 0.0064663118816424992 -0.010746353714896923 0.0081845092975955276 0.026450698171339007 0.00070536863889402454 0.084887171344059265 -0.035859082773327826 -0.007882794069167396 0.02277250068092888 0.0047189129753756939 -0.0041853971128012419
leaf_weight=2501 476 34 132 98 1396 633 154 21 22 185 60 69 1493 2092 415 14148 89 2013 3368 88 1215 107 104 740 3288 315 111 720 844 22 54 29 2472 4485 2767 163 26 32 23 7958 2649 851 324 653 496 33 20 23 1057 2525 1090 14297 3570 6296 1271 291 4302 41 20 4990 22 1388 1082
leaf_count=2501 476 34 132 98 1396 633 154 21 22 185 60 69 1493 2092 415 14148 89 2013 3368 88 1215 107 104 740 3288 315 111 720 844 22 54 29 2472 4485 2767 163 26 32 23 7958 2649 851 324 653 496 33 20 23 1057 2525 1090 14297 3570 6296 1271 291 4302 41 20 4990 22 1388 1082
internal_value=0 -0.00237614 -0.000616057 -0.00554992 0.00748786 -0.00754853 0.00660463 -0.00799655 0.00737346 -0.00647295 -0.00677331 -0.0233695 -0.00644208 0.00450939 0.0112618 -0.00441113 0.0234598 -0.00878259 -0.00244405 -0.0452344 -0.00334815 0.00162717 0.0357059 -0.027857 0.00135737 -0.0115729 -0.0190168 0.0205263 0.00523022 -0.000466731 0.00616975 0.0117441 0.00548639 0.00871146 0.00354215 0.0011512 0.0202531 -0.0207437 -0.0592269 -0.000618569 -0.00758381 0.0177079 -0.0193562 -0.027021 -0.0129792 -0.0726777 -0.0220833 -0.0686352 0.00192126 -0.00104439 0.00297843 0.00326537 0.00732083 -0.0089052 0.0167408 0.0115875 0.00247457 0.0493432 -0.0767536 -0.00894642 -0.0255822 0.000258174 -0.00535007
internal_weight=0 77887 50102 27785 24366 21733 22970 1149 21821 20095 19910 850 19740 21315 3316 28787 1224 12451 7289 170 23321 6052 299 781 3921 562 426 1135 17758 2514 15244 136 14400 5416 8984 6217 931 1638 57 9173 10958 877 1581 718 863 65 539 43 6054 3582 5490 17999 3702 8945 4063 1562 5392 195 41 5466 110 2492 1104
internal_count=102253 77887 50102 27785 24366 21733 22970 1149 21821 20095 19910 850 19740 21315 3316 28787 1224 12451 7289 170 23321 6052 299 781 3921 562 426 1135 17758 2514 15244 136 14400 5416 8984 6217 931 1638 57 9173 10958 877 1581 718 863 65 539 43 6054 3582 5490 17999 3702 8945 4063 1562 5392 195 41 5466 110 2492 1104
is_linear=0
shrinkage=0.03


Tree=38
num_leaves=64
num_cat=0
split_feature=13 29 27 30 30 27 29 37 20 20 11 44 17 23 33 3 39 20 4 37 37 15 5 17 4 33 33 7 4 29 29 31 27 7 17 12 37 27 17 2 3 12 30 6 20 17 12 27 29 5 20 23 37 6 6 11 26 7 7 29 29 2 12
split_gain=1887.9 454.858 730.586 416.665 326.973 307.702 264.143 404.265 514.848 255.629 209.542 193.62 191.862 172.699 162.367 145.248 138.772 128.713 284.299 133.678 170.659 126.083 194.857 141.358 124.783 117.825 117.718 116.425 112.853 106.579 137.792 135.546 193.721 152.902 135.438 105.397 104.169 102.629 101.741 97.427 108.208 96.0869 95.1588 93.1333 111.512 104.856 92.7049 91.7276 90.5607 90.1785 90.174 89.8534 260.483 102.836 102.367 91.3449 86.6594 125.62 86.6145 80.5585 144.653 101.571 150.226
threshold=4.5000000000000009 1.0000000180025095e-35 15450.000000000002 2002.5000000000002 2010.5000000000002 68436459.000000015 6853.0000000000009 1009056050.5000001 4.5000000000000009 1.5000000000000002 21.500000000000004 3080100.0000000005 2815.0000000000005 29.500000000000004 4.330000000000001 1904.5000000000002 11.500000000000002 4.5000000000000009 3.0000000000000004 3023330020.0000005 3068235101.0000005 10472.500000000002 314.50000000000006 2705.0000000000005 3.0000000000000004 6.2500000000000009 2.7500000000000004 512.50000000000011 3.0000000000000004 42913.000000000007 28305.000000000004 1.2500000000000002 17969.500000000004 526.50000000000011 2121.5000000000005 2007.5000000000002 3083740103.0000005 24863.500000000004 6750.0000000000009 11208.500000000002 1921.5000000000002 1001.5000000000001 1968.5000000000002 32.500000000000007 4.5000000000000009 2260.0000000000005 6000.5000000000009 256995.00000000003 32175.000000000004 310.50000000000006 2.5000000000000004 4.8750000000000009 1017190042.0000001 39.500000000000007 37.500000000000007 47.500000000000007 1.0000000180025095e-35 118.50000000000001 205.50000000000003 4585.0000000000009 3295.5000000000005 11420.500000000002 2001.5000000000002
decision_type=10 10 8 10 10 10 8 10 10 8 10 10 10 10 10 2 10 8 2 8 10 10 2 10 2 10 10 10 2 10 10 10 10 10 10 10 10 10 10 2 2 10 10 2 8 10 10 10 10 2 8 10 10 2 2 10 8 10 10 10 10 2 10
left_child=4 2 16 9 5 6 7 14 -9 15 -11 36 43 -10 -1 -3 39 18 21 27 -21 25 -23 42 -16 -12 -19 -20 -5 30 37 32 33 -32 48 -30 51 46 -26 40 -2 -7 -24 44 -13 -45 59 -46 -35 -31 -8 54 53 -53 55 -4 57 -52 -27 60 -17 -61 -63
right_child=1 3 11 28 -6 41 50 8 13 10 17 12 -14 -15 24 29 -18 26 19 20 -22 22 23 -25 38 58 -28 -29 35 49 31 -33 -34 34 -36 -37 -38 -39 -40 -41 -42 -43 -44 45 47 -47 -48 -49 -50 -51 56 52 -54 -55 -56 -57 -58 -59 -60 61 -62 62 -64
leaf_value=0.0075030388689783971 -0.0083618793124681182 -0.070137310405261805 0.0216683888115656 0.0028890744270572357 0.021360106299631549 -0.035229272021731338 -0.0070424029501308036 0.01077730823008401 -0.019902939624240387 0.0076484168926588625 -0.013946812143114579 0.0039956314689491637 -0.006080803258961682 -0.10753244178635733 0.018773410166054008 -0.017445649451396716 -0.0063209601156909035 0.0032841825765335393 -0.043710294887423513 0.039960811436176295 -0.04976806486806562 -0.00011051201657311781 -0.0071783689956960431 -0.014621764791451561 0.054264170626211444 -0.036702400286073585 0.05257603316767407 -0.14607380729913713 -0.0018299030243491042 -0.031253845266839289 -0.12031089601106942 -0.10032164368545636 0.022390501765268189 -0.024849046779715493 0.0085696390331596942 -0.029189648867579937 -0.024987387735611544 -0.080538265122608713 0.015329211624933683 0.00058099609196394803 -0.0020383378679922496 0.029502196622931437 0.0031466931666200315 -0.0023142714879657864 0.01015515899303584 -0.0683226807737215 -0.077632503850119453 0.038767361583925734 -0.10733457276821136 0.017042114072924119 -0.021243587663591072 0.035398500202661241 0.0050897596306018764 -0.0037647165682004845 0.0088924182731882975 0.00082584057296421058 0.0056174924990637963 0.006123327236942545 -0.00010744791009781065 1.3860495347342162e-05 -0.075030137508043215 0.0029332932736724614 -0.078833853401816811
leaf_weight=1174 3279 48 201 5490 1396 201 563 1331 560 913 3532 5099 2559 21 2920 602 10217 197 20 24 93 4109 7030 2181 169 62 56 20 369 47 24 32 42 23 37 193 91 22 94 7864 9467 23 907 1397 312 22 21 149 25 134 269 481 1072 69 4587 3236 15301 344 952 457 42 42 39
leaf_count=1174 3279 48 201 5490 1396 201 563 1331 560 913 3532 5099 2559 21 2920 602 10217 197 20 24 93 4109 7030 2181 169 62 56 20 369 47 24 32 42 23 37 193 91 22 94 7864 9467 23 907 1397 312 22 21 149 25 134 269 481 1072 69 4587 3236 15301 344 952 457 42 42 39
internal_value=0 -0.00230485 -0.000597575 -0.00538342 0.00726323 0.00640649 0.00675106 0.0119922 0.000492034 -0.00732207 -0.00639345 0.00398382 0.000945854 -0.0230703 0.0170389 -0.0187219 -0.00346215 -0.00706176 -0.00734586 -0.0475481 -0.0313621 -0.00700964 -0.00561988 -0.00785728 0.0205561 -0.011359 0.0141946 -0.0948921 0.00157835 -0.0171687 -0.0199544 -0.0442359 -0.0323502 -0.0534429 -0.0345625 -0.0112257 0.0069597 -0.0163271 0.0403483 -0.00204496 -0.00366511 -0.0285827 -0.00599847 0.00352233 0.00527311 -0.00333766 -0.0151528 0.0194029 -0.0678103 0.00450117 0.00475695 0.00726108 0.0137011 0.0304853 0.00595928 0.00204474 0.00517438 -0.00588597 -0.00234501 -0.0140428 -0.0212012 -0.00547395 -0.0364361
internal_weight=0 77887 50102 27785 24366 22970 22746 6269 1912 21733 20096 19275 9538 581 4357 1637 30827 19183 18930 157 117 18773 14227 10118 3183 4546 253 40 6052 1589 1408 183 151 109 85 562 9737 1225 263 20610 12746 224 7937 6979 5560 1419 1203 461 48 181 16477 9646 1622 550 8024 3437 15914 613 1014 1182 644 538 81
internal_count=102253 77887 50102 27785 24366 22970 22746 6269 1912 21733 20096 19275 9538 581 4357 1637 30827 19183 18930 157 117 18773 14227 10118 3183 4546 253 40 6052 1589 1408 183 151 109 85 562 9737 1225 263 20610 12746 224 7937 6979 5560 1419 1203 461 48 181 16477 9646 1622 550 8024 3437 15914 613 1014 1182 644 538 81
is_linear=0
shrinkage=0.03


Tree=39
num_leaves=64
num_cat=0
split_feature=13 29 28 20 4 27 29 14 33 25 29 9 28 9 42 28 8 40 9 13 2 15 8 9 8 8 3 7 7 45 4 9 14 8 27 23 17 6 23 4 5 3 28 33 5 8 45 23 36 9 27 39 3 23 2 27 20 3 27 20 25 24 27
split_gain=1776.33 427.975 975.318 373.588 308.898 303.697 394.14 332.89 499.013 264.886 248.104 181.374 181.062 249.8 179.1 143.094 139.525 135.532 148.437 132.64 129.351 126.756 156.118 122.905 120.616 165.916 117.502 116.428 115.117 114.602 109.514 186.821 105.583 104.201 97.0329 93.5234 112.28 121.057 90.7821 90.361 88.2367 86.2956 87.2036 85.3415 84.868 80.0966 79.7852 98.8365 124.818 79.8207 79.5304 113.242 88.5845 78.5709 139.717 115.048 283.254 85.1781 78.381 77.6588 102.99 74.1986 73.7663
threshold=4.5000000000000009 1.0000000180025095e-35 63990.000000000007 3.5000000000000004 3.0000000000000004 68436459.000000015 2304.0000000000005 4.5000000000000009 14.500000000000002 1.0000000180025095e-35 1460.0000000000002 5918.5000000000009 1665225.0000000002 5918.5000000000009 1.0000000180025095e-35 37590.000000000007 249.50000000000003 33.500000000000007 63.500000000000007 26.500000000000004 10309.500000000002 10472.500000000002 6151.0000000000009 7501.5000000000009 5953.5000000000009 4853.5000000000009 1905.5000000000002 24401.500000000004 789.00000000000011 40616012004.500008 3.0000000000000004 41.500000000000007 50.500000000000007 3355.5000000000005 271575.00000000006 26.500000000000004 4150.0000000000009 4.5000000000000009 73.500000000000014 3.0000000000000004 407.50000000000006 1969.5000000000002 36090.000000000007 6.2500000000000009 102.50000000000001 123.50000000000001 30215502500.000004 4.8750000000000009 21855.500000000004 5918.5000000000009 12365.000000000002 11.500000000000002 1929.5000000000002 2.6850000000000005 11227.000000000002 14190.000000000002 1.5000000000000002 1987.5000000000002 2050425.5000000002 2.5000000000000004 4.5000000000000009 1.5000000000000002 482625.00000000006
decision_type=10 10 8 8 2 10 8 8 10 10 10 10 8 10 10 10 10 10 10 10 2 10 10 10 10 10 2 10 10 10 2 10 10 10 10 8 10 2 8 2 2 2 10 10 2 10 10 10 10 10 10 10 2 10 2 10 10 2 10 8 10 10 10
left_child=5 2 15 4 9 6 7 38 -9 27 17 14 46 -14 26 -2 -13 18 24 -19 -21 43 53 -7 25 -11 -5 -3 61 -17 -10 -32 50 -30 -28 36 37 -8 62 59 -31 42 -24 -12 45 -38 47 48 -4 -49 52 -52 -22 54 55 -23 -57 -58 -36 60 -39 -6 -1
right_child=1 3 12 11 28 23 35 8 30 10 21 16 13 -15 -16 29 -18 19 -20 20 32 22 41 -25 -26 -27 34 -29 33 40 31 -33 -34 -35 58 -37 44 39 -40 -41 -42 -43 -44 -45 -46 -47 -48 49 -50 -51 51 -53 -54 -55 -56 56 57 -59 -60 -61 -62 -63 -64
leaf_value=0.010981708533989481 -0.0085502828428443475 0.004815752373553377 -0.0026458483591315289 -0.0065913238779952126 -0.033635504217328208 0.029898312276807323 0.017497326660940674 0.012417283438414264 0.039503986881329459 -0.086474049856716931 -0.013277546628753328 0.015844241577212159 0.031651854505741414 0.005915747659504287 -0.016358883276800896 -0.0048507620189170882 -0.001514359341287152 -0.0025170845108980363 -0.002374487642730985 0.0046253356392319759 0.019445726154372095 0.0020850924342851831 -0.058740532560383571 -0.03629491533711552 -0.13277042571455239 0.017737192824482918 0.025542957714500544 -0.012876737653778012 -0.1273585716315678 0.0069845379573046183 -0.020018972245082201 -0.11349927958846091 -0.098170321707067812 -0.049185369101009867 0.076555035822093484 0.0083199823111319449 -0.0040518478140317681 -0.076463307090103627 0.040750122380674263 -0.044463063749400053 -0.0016952968665488871 0.0045786986821426149 -0.010527270811100499 -0.0029373477564973763 -0.00026605126732553888 0.010653779855693962 0.002452416129793709 0.027795007016419113 0.0088027874575724984 0.0018639966476565368 -0.032814355462789532 -0.10692893183723624 -0.040464193188296305 -0.0024555637934754503 -0.0070152431440138763 -0.12658884365909864 0.019407730470411479 -0.060519472171685525 0.010684340936797007 0.0066402769490399999 -0.005217609699216804 0.026524909511208533 0.019902292101058563
leaf_weight=1138 5466 2327 1214 72 152 29 865 1615 26 44 3872 463 498 1066 102 14148 4171 226 35 61 36 37 34 195 24 20 238 391 21 1215 507 20 29 57 72 5365 439 20 157 33 7958 349 4848 882 6064 1385 15127 339 2915 156 55 28 58 8272 683 35 28 21 21 3172 210 21 3126
leaf_count=1138 5466 2327 1214 72 152 29 865 1615 26 44 3872 463 498 1066 102 14148 4171 226 35 61 36 37 34 195 24 20 238 391 21 1215 507 20 29 57 72 5365 439 20 157 33 7958 349 4848 882 6064 1385 15127 339 2915 156 55 28 58 8272 683 35 28 21 21 3172 210 21 3126
internal_value=0 -0.00223571 -0.000579648 -0.00522192 -0.00687905 0.00704533 0.00736794 0.0136244 0.00399512 -0.00650811 -0.00772072 0.00208053 0.00428468 0.0141105 0.0191532 -0.00418138 0.000220002 -0.0264595 -0.0546318 -0.0194307 -0.0337471 -0.00711514 -0.00570491 -0.0277253 -0.075416 -0.053908 0.0281414 0.00227059 -0.0399748 -0.00315739 -0.0206013 -0.0235666 -0.0451098 -0.070232 0.0356965 0.00501943 0.00356656 0.00746649 0.0183464 0.00494053 -0.000545619 -0.00983281 -0.010863 -0.0113592 0.00144059 0.00711443 0.00350661 0.00695531 0.00543668 0.0196228 -0.0364163 -0.0578169 -0.01752 -0.00332578 -0.0122791 -0.0419914 -0.061406 -0.0148468 0.061681 0.00541975 -0.0114129 -0.0263328 0.0175215
internal_weight=0 77887 50102 27785 22646 24366 24142 6589 2168 22395 19677 5139 21315 1564 505 28787 4634 616 123 493 267 19061 14307 224 88 64 403 2718 251 23321 553 527 206 78 331 17553 12188 4300 4421 3435 9173 5231 4882 4754 7888 1824 19751 4624 4129 495 177 83 94 9076 804 121 84 49 93 3402 230 173 4264
internal_count=102253 77887 50102 27785 22646 24366 24142 6589 2168 22395 19677 5139 21315 1564 505 28787 4634 616 123 493 267 19061 14307 224 88 64 403 2718 251 23321 553 527 206 78 331 17553 12188 4300 4421 3435 9173 5231 4882 4754 7888 1824 19751 4624 4129 495 177 83 94 9076 804 121 84 49 93 3402 230 173 4264
is_linear=0
shrinkage=0.03


Tree=40
num_leaves=64
num_cat=0
split_feature=45 29 28 32 29 29 37 4 2 15 13 28 27 27 28 30 4 36 30 36 8 30 2 30 27 9 8 17 12 16 17 8 22 4 30 23 4 26 29 5 27 14 28 9 28 26 28 30 39 39 47 33 33 37 23 12 8 25 23 9 35 30 14
split_gain=1585.86 432.384 822.591 377.888 315.654 295.419 443.743 642.341 244.071 214.151 258.829 175.775 165.318 155.378 153.602 145.356 147.721 138.128 136.094 134.152 127.805 114.059 111.824 237.171 100.013 177.88 98.5416 93.9401 101.511 141.227 116.618 104.869 92.782 92.6021 91.6685 91.601 91.2393 140.36 114.394 91.1851 91.1128 90.8378 108.244 86.954 84.7907 83.3666 215.028 105.33 99.4084 83.4785 82.517 79.3604 144.8 102.542 80.8814 79.163 78.0036 74.1205 94.1048 100.665 73.4112 78.5951 74.1255
threshold=15159522500.000002 1.0000000180025095e-35 63990.000000000007 0.75000000000000011 1460.0000000000002 1.0000000180025095e-35 1008940034.5000001 3.0000000000000004 10054.500000000002 10472.500000000002 17.500000000000004 1509311.5000000002 387855.00000000006 10778385.000000002 16940613.000000004 2015.5000000000002 3.0000000000000004 31601.500000000004 1962.5000000000002 43904.500000000007 2111.5000000000005 1983.5000000000002 10473.500000000002 1924.5000000000002 542475.00000000012 99.500000000000014 8665.5000000000018 2805.0000000000005 3003.5000000000005 68.500000000000014 7465.0000000000009 12141.000000000002 3.0000000000000004 3.0000000000000004 1968.5000000000002 46.500000000000007 3.0000000000000004 4.5000000000000009 300533.00000000006 211.50000000000003 8189.5000000000009 50.500000000000007 46050.000000000007 17.500000000000004 30210.000000000004 2.5000000000000004 297555.00000000006 2015.5000000000002 5.5000000000000009 2.5000000000000004 33.500000000000007 4.330000000000001 4.7300000000000013 3068235101.0000005 2.0750000000000006 2003.5000000000002 6151.0000000000009 4.5000000000000009 10.250000000000002 28.500000000000004 113.50000000000001 1950.5000000000002 2.5000000000000004
decision_type=10 10 8 10 10 10 10 2 2 10 10 10 8 10 10 10 2 8 10 10 8 10 2 8 10 10 10 10 10 10 10 10 10 2 10 10 2 10 10 2 10 10 10 10 10 10 10 10 10 10 2 10 10 10 8 10 10 10 8 10 8 10 10
left_child=5 2 17 4 27 6 8 13 20 -6 36 -7 26 -8 -9 16 34 32 -18 -19 24 -14 23 -10 -1 -26 45 41 29 -29 31 43 39 -24 56 57 -11 -38 -39 -2 -34 -3 -43 -31 -21 46 48 -48 49 -4 -35 53 -53 54 -47 -45 -12 58 -13 60 62 -62 -60
right_child=1 3 12 -5 9 11 7 14 22 10 15 35 21 -15 -16 -17 18 19 -20 44 -22 -23 33 -25 25 -27 -28 28 -30 30 -32 -33 40 50 -36 -37 37 38 -40 -41 -42 42 -44 55 -46 51 47 -49 -50 -51 -52 52 -54 -55 -56 -57 -58 -59 59 -61 61 -63 -64
leaf_value=0.012551667144363118 -0.00324016957675069 -0.0088123486917465917 0.0057395706816284154 0.0069192683782699207 -0.011844651970991969 -0.009385372501900845 0.0089875824853888463 0.046777307982074801 0.018752929633685751 0.0027884016530937529 -0.0055787977092008542 0.00030480601024578097 0.035802669424413291 0.042827508728673205 -0.023524929888026142 0.0073257809662937321 0.01798195883631706 0.00065070386190088083 -0.036659996102430988 -0.012393181063383919 0.041742489058524367 0.010236073969126715 0.0044572718809578775 -0.033095179682667245 0.041574218377647201 0.01866741257087598 -0.0039125623723796042 -0.022177723314741559 0.0015874155975230363 0.012300654851964542 -0.13391137947142126 -0.11064661231040954 -0.075629939647211181 0.049578772292641751 -0.0018979863673256139 0.015613355335166669 0.028136409027501939 -0.10137993851845914 -0.023582371738553046 -0.010364397752795388 -0.019133146091364323 -0.10709832284599542 -0.015016284940712566 -0.03484945020583622 -0.0036936388920587805 -0.0049667509054991286 0.015242158461934077 -0.0076519078780722038 0.0056493166023973114 -0.0030225938068060361 0.0081344453571912112 -0.079202926792204378 -0.0047419778316163588 -0.011157899750741497 0.0077890813076036325 -0.099170922871965619 -0.010666006694124344 0.002265859900132275 0.0071127665057327876 0.010312392153620575 0.016747755815766641 0.0026165688547315643 -0.0081720097205208314
leaf_weight=1627 3037 255 1478 2090 4346 808 1377 29 138 4174 6233 1925 223 134 788 670 49 7235 252 1088 220 531 635 187 362 1941 1498 116 46 21 20 25 31 88 3025 693 36 22 75 3458 150 20 27 51 13768 569 2208 197 7356 2896 85 24 1139 404 2093 26 4803 7559 460 4898 538 1037 753
leaf_count=1627 3037 255 1478 2090 4346 808 1377 29 138 4174 6233 1925 223 134 788 670 49 7235 252 1088 220 531 635 187 362 1941 1498 116 46 21 20 25 31 88 3025 693 36 22 75 3458 150 20 27 51 13768 569 2208 197 7356 2896 85 24 1139 404 2093 26 4803 7559 460 4898 538 1037 753
internal_value=0 -0.00222078 -0.000564296 -0.00532146 -0.00637461 0.00633167 0.0113133 0.000401067 0.0161219 -0.00582715 -0.00447485 0.00430096 0.00400943 0.0119886 -0.0210295 -0.00633261 -0.00696979 -0.00384207 -0.0277648 -0.00269929 0.0194911 0.0177975 0.00378096 -0.0110797 0.0182455 0.022268 0.003486 -0.0277364 -0.0394801 -0.046774 -0.0667262 -0.0558018 -0.00762357 0.00975833 -0.00652463 0.00492003 0.00200898 -0.0224521 -0.0412272 -0.00703318 -0.0288094 -0.015876 -0.0542001 -0.0418107 -0.00433076 0.00408952 0.00519514 0.0133668 0.0035197 -6.18075e-05 0.029216 0.00039411 -0.00627858 0.0029252 0.00506253 -0.0565684 -0.00779281 0.00448844 0.00623649 0.00772211 0.00317146 0.0074436 -0.00237564
internal_weight=0 75765 49383 26382 24292 26282 7611 2328 5283 23685 19339 18671 20616 1511 817 15032 14362 28767 301 22091 4150 754 1133 325 3930 2303 19862 607 305 259 143 123 6676 808 14061 17863 4307 133 97 6495 181 302 47 98 14856 18364 14135 2405 11730 4374 173 4229 1163 3066 2662 77 11036 17170 9611 7686 2788 1575 1213
internal_count=102047 75765 49383 26382 24292 26282 7611 2328 5283 23685 19339 18671 20616 1511 817 15032 14362 28767 301 22091 4150 754 1133 325 3930 2303 19862 607 305 259 143 123 6676 808 14061 17863 4307 133 97 6495 181 302 47 98 14856 18364 14135 2405 11730 4374 173 4229 1163 3066 2662 77 11036 17170 9611 7686 2788 1575 1213
is_linear=0
shrinkage=0.03


Tree=41
num_leaves=64
num_cat=0
split_feature=10 29 28 30 25 28 32 11 8 28 26 29 4 4 11 13 36 36 37 17 3 28 4 26 3 12 20 28 29 29 28 29 11 29 28 12 36 15 12 29 28 2 23 28 27 11 10 31 35 7 44 8 27 26 29 3 28 7 35 4 13 3 8
split_gain=1494.52 436.39 865.838 376.076 330.366 318.872 228.616 289.234 191.731 187.665 324.473 179.191 170.511 165.445 186.023 255.526 129.737 126.224 112.671 109.987 109.83 108.644 120.65 138.437 107.98 106.177 103.576 190.365 102.225 149.725 223.748 283.273 295.968 143.299 124.238 112.032 108.149 124.783 103.626 206.259 158.247 101.833 101.319 94.8335 92.1909 91.4353 102.362 90.8911 90.6477 102.247 98.5394 94.1923 87.449 86.6643 85.3913 83.5076 88.6604 83.1065 85.7049 97.0846 82.5946 112.459 78.6159
threshold=108.50000000000001 1.0000000180025095e-35 63990.000000000007 2002.5000000000002 1.0000000180025095e-35 199890.00000000003 11.000000000000002 130.50000000000003 1207.5000000000002 381825.00000000006 4.5000000000000009 1.0000000180025095e-35 1.5000000000000002 3.0000000000000004 136.50000000000003 2.5000000000000004 31601.500000000004 43904.500000000007 3054615022.5000005 4150.0000000000009 1889.5000000000002 12789208.000000002 3.0000000000000004 4.5000000000000009 2005.5000000000002 2000.5000000000002 1.5000000000000002 149775.00000000003 4585.0000000000009 28305.000000000004 58950.000000000007 38085.500000000007 537.50000000000011 3295.5000000000005 48150.000000000007 3000.5000000000005 31808.500000000004 11218.500000000002 1027.5000000000002 21610.500000000004 43110.000000000007 10020.000000000002 4.580000000000001 110718604.50000001 378225.00000000006 32.500000000000007 102.50000000000001 8.2600000000000016 37453.000000000007 15501.500000000002 4062950.0000000005 11445.000000000002 24023.500000000004 1.5000000000000002 13495.000000000002 1951.5000000000002 31530.000000000004 81.500000000000014 97.500000000000014 3.0000000000000004 27.500000000000004 1987.5000000000002 5452.5000000000009
decision_type=10 10 8 10 8 10 10 10 10 8 10 8 2 2 10 10 8 10 10 10 2 10 2 10 2 10 8 10 10 10 10 10 10 10 10 10 10 10 10 10 10 2 8 10 10 10 10 10 10 10 10 10 10 10 10 2 10 10 10 2 10 2 10
left_child=4 2 16 5 13 28 11 54 -7 26 12 25 -11 43 -15 -16 20 -18 -12 41 -2 22 -5 44 57 -6 27 -4 33 34 31 32 -31 48 38 -35 37 -32 -30 -40 -41 -13 -14 45 -24 -1 -47 -43 49 50 51 52 -3 -27 -8 56 -19 -21 -59 -60 -51 -62 -44
right_child=1 3 9 21 6 8 7 -9 -10 10 18 19 42 14 15 -17 17 55 -20 24 -22 -23 23 -25 -26 53 -28 -29 29 30 36 -33 -34 35 -36 -37 -38 -39 39 40 -42 47 62 -45 -46 46 -48 -49 -50 60 -52 -53 -54 -55 -56 -57 -58 58 59 -61 61 -63 -64
leaf_value=0.0028371437114339121 -0.033584510100054296 -0.021635188398350561 0.0031362605723330951 0.00099391204708728135 0.0236547601769991 0.0019066854612572169 0.022087235838789708 -0.017900785883027757 -0.0068810420073722811 -0.0029724278834028441 0.0051319375829008505 0.042356677447259426 0.015304715653339894 0.0077517062708698584 -0.13269599611108954 -0.016421970558166504 0.00063118276299176882 -0.016159383823654002 -0.0092774077080573832 0.0055485546760580852 -0.0068235925815448911 0.0094513200915222629 -0.0034905364625539975 -0.026096258641708465 0.019947143833658702 0.024110474280560946 -0.00067509160136328963 0.018075464515124255 0.0035116200638003648 -0.15803282119725878 -0.10933422914573124 0.008767163012590673 -0.015455292150378226 -0.043180746361613273 0.015796314512216855 -0.12978706081939162 -0.0042979908596662529 -0.0046293369904160499 -0.011358246240340849 -0.14319575005117804 -0.039402774297274075 0.0036176379129925777 0.031694293317344302 0.025354063668055458 0.055939176678657533 0.023120426210867118 0.01182089548057254 0.011050418784188151 0.012286601322221345 -0.00020892883837223054 -0.0024930203107398855 -0.085376868958656607 -0.076958923575002697 0.0051533078703087298 -0.00041016510808624692 -0.0015785655487786496 -0.0052005269267805026 -0.0072234915204342897 0.002058883336862505 -0.050414608391001821 -0.088905947139486671 -0.006762550245970487 -0.0059358417946431376
leaf_weight=700 141 315 9147 4555 685 2556 259 861 17765 347 2466 75 1565 202 22 75 7235 726 609 3122 6545 1243 97 315 302 274 5712 838 200 38 21 27 20 41 189 20 181 20 218 20 39 3090 669 616 31 959 2914 2843 58 20 166 26 28 1044 367 6297 7833 1327 3805 32 60 20 54
leaf_count=700 141 315 9147 4555 685 2556 259 861 17765 347 2466 75 1565 202 22 75 7235 726 609 3122 6545 1243 97 315 302 274 5712 838 200 38 21 27 20 41 189 20 181 20 218 20 39 3090 669 616 31 959 2914 2843 58 20 166 26 28 1044 367 6297 7833 1327 3805 32 60 20 54
internal_value=0 -0.00200746 -0.000327785 -0.00498716 0.00660636 -0.00682748 0.00465005 -0.00661904 -0.00577571 0.00424101 0.00889822 0.00565957 0.0166237 0.0130535 -0.00864587 -0.0427934 -0.00372648 -0.00261831 0.00227818 0.00450489 -0.00738795 0.00151426 -0.000459688 -0.0154058 0.00232672 0.0140738 0.00254689 0.00439005 -0.0192032 -0.0127781 -0.0301113 -0.0715016 -0.108868 -0.0274945 -0.00478813 -0.0715763 -0.0142637 -0.0582587 -0.0129442 -0.0248257 -0.0745868 0.00761844 0.0195956 0.0143039 0.0109026 0.0128153 0.0146188 0.00717931 -0.0236143 -0.0268935 -0.0216889 -0.0303245 -0.0261514 0.00909433 0.00889786 -0.00420084 -0.00613009 0.0016845 -0.000651586 0.00162126 -0.0547379 -0.0683701 0.0288837
internal_weight=0 78473 50184 28289 23574 22048 18086 1487 20321 21407 5710 16599 2635 5488 299 97 28777 22091 3075 14596 6686 6241 4998 443 8588 2003 15697 9985 1727 973 307 85 58 754 666 61 222 41 477 277 59 6008 2288 5189 128 4573 3873 5933 693 635 535 369 343 1318 626 14856 8559 8286 5164 3837 100 80 723
internal_count=102047 78473 50184 28289 23574 22048 18086 1487 20321 21407 5710 16599 2635 5488 299 97 28777 22091 3075 14596 6686 6241 4998 443 8588 2003 15697 9985 1727 973 307 85 58 754 666 61 222 41 477 277 59 6008 2288 5189 128 4573 3873 5933 693 635 535 369 343 1318 626 14856 8559 8286 5164 3837 100 80 723
is_linear=0
shrinkage=0.03


Tree=42
num_leaves=64
num_cat=0
split_feature=14 28 8 24 25 32 37 39 4 4 11 13 44 30 30 4 23 28 23 31 23 23 30 27 23 23 28 39 11 11 17 17 2 37 30 2 2 2 27 6 36 3 17 45 23 28 23 3 8 37 11 8 37 12 4 2 24 5 30 28 31 3 40
split_gain=1408.08 356.903 343.906 336.937 301.64 213.61 274.181 175.669 159.068 152.041 172.347 242.713 148.198 145.953 145.537 142.472 136.837 133.864 109.632 102.065 96.4042 112.312 83.4283 86.3436 85.7115 83.2779 79.4812 85.7878 79.0308 78.005 102.694 85.7728 89.6936 95.8105 78.123 75.0357 135.376 215.004 86.7982 78.0491 74.7024 70.9114 70.1168 78.305 76.5537 75.5427 69.2976 127.54 165.513 69.9892 69.1236 67.3061 89.981 66.5987 66.5581 66.4067 65.8622 64.3845 63.3112 63.2926 60.9758 60.9023 66.2467
threshold=7.5000000000000009 54690.000000000007 1207.5000000000002 1.0000000180025095e-35 1.0000000180025095e-35 11.000000000000002 1008655506.0000001 1.5000000000000002 3.0000000000000004 3.0000000000000004 136.50000000000003 2.5000000000000004 4004450.5000000005 2005.5000000000002 1929.5000000000002 3.0000000000000004 50.500000000000007 1082866.5000000002 13.500000000000002 1.2500000000000002 46.500000000000007 42.500000000000007 1885.5000000000002 508501.00000000006 20.750000000000004 22.750000000000004 30210.000000000004 11.500000000000002 870.50000000000011 418.50000000000006 1405.0000000000002 4450.0000000000009 10302.500000000002 3017725069.5000005 1869.5000000000002 10026.500000000002 10467.500000000002 10090.000000000002 1733352.5000000002 33.500000000000007 31503.500000000004 1835.5000000000002 3360.0000000000005 10033001008.500002 41.500000000000007 54558495.000000007 2.2900000000000005 1910.5000000000002 1729.5000000000002 1020070045.5000001 44.005000000000003 2271.0000000000005 3021350067.5000005 3526.5000000000005 3.0000000000000004 10034.500000000002 1.0000000180025095e-35 314.50000000000006 1947.5000000000002 104791942.50000001 1.2500000000000002 1948.5000000000002 33.500000000000007
decision_type=10 8 10 8 8 10 10 8 2 2 10 10 10 10 10 2 10 10 10 10 8 10 8 10 10 10 10 10 10 10 10 10 2 10 10 2 2 2 8 2 8 2 10 10 10 10 10 2 10 10 10 10 10 10 2 2 10 2 10 10 10 2 10
left_child=4 19 12 7 9 13 8 51 -7 20 -11 -12 60 14 15 22 56 46 59 26 21 42 -6 -24 -25 -16 41 -28 -20 31 -31 32 -5 34 -34 38 37 55 -17 -38 -32 -2 44 -44 -1 58 47 48 -9 -48 -15 52 -4 -50 -27 -37 -8 -42 -45 61 -3 62 -19
right_child=1 2 3 29 5 6 16 17 -10 10 11 -13 -14 50 25 35 -18 18 28 -21 -22 -23 23 24 -26 54 27 -29 -30 30 40 -33 33 -35 -36 36 39 -39 -40 -41 57 -43 43 45 -46 -47 49 -49 53 -51 -52 -53 -54 -55 -56 -57 -58 -59 -60 -61 -62 -63 -64
leaf_value=0.0055679913885092894 -0.036060729938902067 0.020355809173195759 0.0079511717972927717 0.0049063583273288615 0.019279220486368168 0.0049682026853874687 -0.021225811327448 -0.098068905244939594 0.053561576952187107 0.0075191550729980699 -0.12871512115001679 -0.015563033270208458 -0.0007925958645484658 -0.019287255946979966 0.0005196415811245152 0.021786417739123713 0.014376305582223184 -0.0095732957914952208 -0.0033571444277639244 -0.0092359357095512969 0.023001397331046093 -0.0067628787851452335 0.0018250526154333742 0.01026264727417592 -0.0083067431473173199 0.0074591780237629746 -0.0018862466968119873 -0.0061126397403393961 0.0099831217326278154 0.0081134265109955878 -0.0067807533862678697 0.0035771441619912086 -0.048338022270315403 0.0041636261881165355 -0.0046259288991667919 -0.011708196657870349 0.048265677627773999 -0.071414366709558572 0.05959289001493618 0.0078371096458951274 0.0074894487304572287 -0.0092050547151265247 0.0050472653098845794 0.020427453752960702 -0.048164371649175884 0.025637172268258443 0.006485495224952004 -0.0023496755328364718 -0.010488375557891328 -0.0029352767410664128 0.019780976782104654 0.0090422480516515347 -0.014802321183093476 -0.066137115849943987 -0.038253447014902679 0.052493011088206851 0.020209328979253767 0.00079840856940175059 0.010205509082887627 -0.024508509323086399 0.0071711002341826842 -0.0085316139604032261 -0.0015397868378127771
leaf_weight=525 95 337 320 1350 453 415 843 26 71 202 22 76 2547 43 6580 147 122 1373 1695 4295 833 273 2631 3296 240 2491 10724 7241 523 2402 957 3006 37 1254 6723 29 88 38 87 84 1596 1291 633 883 25 658 1590 1631 161 1282 782 1156 306 22 29 29 36 6847 1426 192 4992 9162 2824
leaf_count=525 95 337 320 1350 453 415 843 26 71 202 22 76 2547 43 6580 147 122 1373 1695 4295 833 273 2631 3296 240 2491 10724 7241 523 2402 957 3006 37 1254 6723 29 88 38 87 84 1596 1291 633 883 25 658 1590 1631 161 1282 782 1156 306 22 29 29 36 6847 1426 192 4992 9162 2824
internal_value=0 -0.001976 -0.000636623 -0.00161979 0.00632229 0.0044843 -0.00642047 -0.00428258 0.0120672 0.0124536 -0.00831885 -0.0409645 0.00515989 0.00543552 0.00480951 0.00802151 -0.0153965 -0.00506864 -0.00639444 -0.00505234 0.0136392 0.011876 0.00685306 0.00594029 0.00900228 0.00229568 -0.00412378 -0.00358974 -0.000211536 0.000832706 0.00257746 -0.000831929 -0.00224731 -0.00345239 -0.00486518 0.0234301 0.0125922 -0.0159478 0.0358427 0.0285215 0.00116284 -0.0110458 0.0131021 0.0146263 0.00312561 0.01667 -0.000631758 -0.00517704 -0.0272413 0.00228026 0.0177447 0.0047518 -0.00317114 -0.0171784 0.00693312 0.0203924 -0.0195288 0.00206323 0.0141146 -0.00740645 0.00800489 -0.00716065 -0.00416786
internal_weight=0 77957 54311 46435 24090 18534 1487 22263 486 5556 300 98 7876 17047 16222 7122 1001 20481 15769 23646 5256 4423 6620 6167 3536 9100 19351 17965 2218 24172 11802 12370 9364 8014 6760 502 268 96 234 172 9400 1386 4150 3600 550 2967 4712 1840 209 2872 825 1782 626 183 2520 58 879 8443 2309 13551 5329 13359 4197
internal_count=102047 77957 54311 46435 24090 18534 1487 22263 486 5556 300 98 7876 17047 16222 7122 1001 20481 15769 23646 5256 4423 6620 6167 3536 9100 19351 17965 2218 24172 11802 12370 9364 8014 6760 502 268 96 234 172 9400 1386 4150 3600 550 2967 4712 1840 209 2872 825 1782 626 183 2520 58 879 8443 2309 13551 5329 13359 4197
is_linear=0
shrinkage=0.03


Tree=43
num_leaves=64
num_cat=0
split_feature=33 29 23 29 7 30 8 4 37 29 4 8 36 8 16 8 29 26 23 36 9 30 12 29 11 30 23 36 8 20 31 20 3 20 11 35 25 11 6 30 8 9 7 25 23 23 9 8 45 9 8 9 40 45 13 7 8 36 36 35 10 36 29
split_gain=1339.85 374.889 325.806 300.18 275.727 258.098 214.537 197.593 697.493 279.468 177.639 176.207 187.274 316.047 199.212 166.444 151.126 150.058 144.689 137.996 135.955 128.645 121.644 119.919 115.552 114.542 111.604 106.886 104.738 103.288 101.361 200.565 100.805 97.9799 106.773 94.2456 89.3673 86.218 85.8099 82.6351 82.0942 80.4107 98.9074 79.8926 119.83 79.683 102.974 98.488 96.0488 76.1556 207.28 130.193 108.639 273.216 137.674 140.377 130.665 98.2114 79.3641 74.1041 73.9029 73.7254 73.7026
threshold=4.9000000000000012 1.0000000180025095e-35 3.7100000000000004 1460.0000000000002 61.500000000000007 1997.5000000000002 1594.5000000000002 3.0000000000000004 1010045021.0000001 9158.0000000000018 3.0000000000000004 9860.5000000000018 31601.500000000004 1222.5000000000002 114.50000000000001 7738.5000000000009 6817509.0000000009 4.5000000000000009 5.7500000000000009 21706.500000000004 5918.5000000000009 1977.5000000000002 1002.5000000000001 13495.000000000002 825.00000000000011 1950.5000000000002 5.7500000000000009 40804.500000000007 506.50000000000006 2.5000000000000004 1.7500000000000002 1.5000000000000002 1952.5000000000002 3.5000000000000004 798.5100000000001 201.50000000000003 4.5000000000000009 484.50000000000006 40.500000000000007 2011.5000000000002 1911.5000000000002 7501.5000000000009 18901.500000000004 3.5000000000000004 5.7500000000000009 29.500000000000004 7501.5000000000009 1815.5000000000002 10137002500.500002 53.500000000000007 8305.5000000000018 50.500000000000007 33.500000000000007 30280002003.500004 27.500000000000004 13201.500000000002 4022.5000000000005 44402.500000000007 52251.000000000007 928.50000000000011 110.50000000000001 30154.000000000004 2748495.0000000005
decision_type=8 10 10 10 10 10 10 2 10 8 2 10 8 8 10 10 10 10 10 10 10 10 8 10 10 10 10 8 10 8 10 10 2 10 10 10 10 10 2 10 10 10 10 10 10 10 10 10 10 10 10 10 10 10 10 10 10 10 10 8 10 10 10
left_child=1 2 11 49 23 6 27 9 18 39 28 12 13 61 15 -14 26 59 22 41 36 25 35 -2 37 29 -10 38 -7 43 62 -32 -16 34 -19 -9 -4 60 -5 -6 -23 -8 -43 44 -11 47 48 -28 -47 51 -51 52 53 56 -54 57 -3 -56 -57 -12 -15 -1 -21
right_child=4 3 20 5 7 10 19 8 16 21 17 -13 14 24 32 -17 -18 33 -20 30 -22 40 -24 -25 -26 -27 45 -29 -30 -31 31 -33 -34 -35 -36 -37 -38 -39 -40 -41 -42 42 -44 -45 -46 46 -48 -49 -50 50 -52 -53 54 -55 55 58 -58 -59 -60 -61 -62 -63 -64
leaf_value=0.029467910141116233 0.018042190728230652 -0.079116427399542028 0.025667654982680685 0.00096308181216493293 0.011046888549632998 0.016048792380667483 -0.014469737921570084 0.01027375616133213 0.029455654161671799 -0.0076646674860660962 0.025880916568660928 -0.005360356454865896 0.0050413796383398674 0.020834753142239957 -0.0064643794951372213 -0.0015220130575755383 0.011897519880762467 -0.034250146672685639 0.044053205131813017 -0.0091804799316550501 0.001660302282521666 0.010118889869320394 0.016688353265211585 0.0076027546539980204 -0.01084837509426766 -0.0014810051392848051 -0.015922944862122874 -0.0099078029445218135 0.0017091690421895313 0.0058453569978929865 -0.094014726902612228 -0.0032643825862288022 -2.6587323939370335e-05 -0.012133577784574082 -0.10855985614657401 -0.079707071703266005 0.0098407557019999491 0.0068585100598181322 -0.041586052538004029 0.023727196477666912 -0.0032414734324914883 -0.011696796101331711 -0.09695929151959716 -0.0040439026760110668 -0.090322992520199888 -0.033143308867107736 -0.029726259901976356 -0.066244228226510257 -0.11992523141205311 0.0017634988839809712 -0.068421114222245644 -0.10783910552412272 -0.0042875191308873687 -0.15036039184440267 -0.074745746021685391 -0.13407169214263559 0.015257845900712474 -0.00092060639302838927 -0.049556810136884448 -0.027046532146632669 -0.0046263238795269356 0.0079372193065720287 0.012858545874151662
leaf_weight=164 2226 23 384 5360 3415 508 1677 20 36 38 93 7296 11848 104 3393 4922 130 134 172 7797 1916 3314 420 1784 2398 4675 649 1033 4698 5249 22 5879 6169 202 20 22 1960 680 43 535 473 25 24 215 27 22 260 37 24 195 47 20 177 22 23 20 31 55 20 32 7626 1125 139
leaf_count=164 2226 23 384 5360 3415 508 1677 20 36 38 93 7296 11848 104 3393 4922 130 134 172 7797 1916 3314 420 1784 2398 4675 649 1033 4698 5249 22 5879 6169 202 20 22 1960 680 43 535 473 25 24 215 27 22 260 37 24 195 47 20 177 22 23 20 31 55 20 32 7626 1125 139
internal_value=0 -0.00190942 -0.000346995 -0.00466722 0.00622619 -0.00420019 -0.00567292 0.00476882 -0.00472988 0.00571758 0.00149678 -0.00108628 -0.000274813 -0.00336464 0.00114466 0.00311502 -0.0185787 -0.0159465 0.020565 -0.00757808 0.00758812 0.00372811 0.0118204 0.0133978 -0.00503924 0.00197561 -0.0224327 -0.00106601 0.00310843 0.00489833 -0.00658036 -0.00360272 -0.00231099 -0.0258756 -0.0439008 -0.0368591 0.0124336 -0.00338285 0.000624453 0.0127643 0.00845017 -0.0155766 -0.053458 -0.0128551 -0.0419997 -0.0243157 -0.0370464 -0.0186371 -0.0784208 -0.0250941 -0.0118674 -0.0332804 -0.0292611 -0.0612449 -0.0210212 -0.0461217 -0.0249386 -0.0226896 -0.0918143 0.0123315 -0.00428377 0.0106766 -0.00879446
internal_weight=0 78304 49985 28319 23743 27686 21999 19733 1792 17941 5687 45725 38429 12097 26332 16770 1158 481 634 15563 4260 13991 462 4010 10808 10204 1028 6436 5206 5529 13837 5901 9562 356 154 42 2344 8410 5403 3950 3787 1726 49 280 65 992 306 686 46 633 242 391 371 76 295 118 54 78 40 125 7730 1289 7936
internal_count=102047 78304 49985 28319 23743 27686 21999 19733 1792 17941 5687 45725 38429 12097 26332 16770 1158 481 634 15563 4260 13991 462 4010 10808 10204 1028 6436 5206 5529 13837 5901 9562 356 154 42 2344 8410 5403 3950 3787 1726 49 280 65 992 306 686 46 633 242 391 371 76 295 118 54 78 40 125 7730 1289 7936
is_linear=0
shrinkage=0.03


Tree=44
num_leaves=64
num_cat=0
split_feature=33 29 28 28 7 8 5 27 30 5 36 32 45 29 2 28 26 29 37 28 31 36 29 30 36 29 40 29 11 44 9 28 12 9 30 27 27 8 7 33 2 28 8 35 26 8 30 30 5 27 35 40 9 9 9 12 2 36 7 29 27 2 37
split_gain=1260.67 352.733 705.711 316.118 259.432 218.244 203.89 196.681 165.031 150.424 149.458 148.329 167.828 157.264 151.27 139.195 231.141 136.024 125.334 125.133 121.179 114.09 112.832 112.667 112.342 107.85 148.868 103.316 125.389 91.6323 102.125 114.174 90.507 85.6017 85.0054 82.345 82.0639 80.5027 80.3211 80.2527 85.6782 79.4923 106.454 79.9023 118.021 83.9041 81.6934 78.7694 122.361 101.963 101.104 213.381 92.6752 109.261 147.678 112.021 165.887 93.0953 100.539 121.587 165.007 78.5158 77.3368
threshold=4.9000000000000012 1.0000000180025095e-35 63990.000000000007 199890.00000000003 61.500000000000007 2625.5000000000005 308.50000000000006 68436459.000000015 2010.5000000000002 109.50000000000001 21701.500000000004 14.500000000000002 10137002000.500002 1.0000000180025095e-35 11376.000000000002 381825.00000000006 1.5000000000000002 4585.0000000000009 3054615022.5000005 46218150.000000007 4.330000000000001 31601.500000000004 13495.000000000002 2015.5000000000002 43904.500000000007 3295.5000000000005 44.500000000000007 18325.000000000004 948.50000000000011 4055150.0000000005 89.500000000000014 1312199.5000000002 3004.5000000000005 7501.5000000000009 1904.5000000000002 108000.50000000001 1964929.0000000002 6438.5000000000009 76.500000000000014 4.7300000000000013 11364.500000000002 2288171.0000000005 506.50000000000006 113.50000000000001 1.0000000180025095e-35 857.50000000000011 1982.5000000000002 1972.5000000000002 312.50000000000006 10470.000000000002 17008.500000000004 44.500000000000007 7.5000000000000009 46.500000000000007 72.500000000000014 2010.5000000000002 11225.500000000002 44804.500000000007 211.50000000000003 28305.000000000004 13830.000000000002 10451.500000000002 1012620079.5000001
decision_type=8 10 8 10 10 10 2 10 10 2 8 10 10 8 2 8 10 10 10 10 10 8 10 10 10 10 10 10 10 10 10 10 10 10 10 8 10 10 10 10 2 8 10 8 10 10 10 10 2 10 10 10 10 10 10 10 2 10 10 10 10 2 8
left_child=1 2 21 17 22 6 19 8 11 62 -7 13 -13 29 41 20 35 25 -18 -5 39 61 -2 37 -23 34 -27 -19 47 30 31 38 -16 -9 -3 -17 -32 -12 -6 40 -4 42 -15 44 -43 -46 -47 50 49 -49 52 -52 -29 57 55 56 -55 58 -54 -60 -61 -1 -10
right_child=4 3 15 5 7 10 -8 33 9 -11 23 12 -14 14 32 16 18 27 -20 -21 -22 24 -24 -25 -26 26 -28 28 -30 -31 36 -33 -34 -35 -36 -37 -38 -39 -40 -41 -42 43 -44 -45 45 46 -48 48 -50 -51 51 -53 53 54 -56 -57 -58 -59 59 60 -62 -63 -64
leaf_value=-0.058899678208220466 0.017500925037690289 -0.074551305803987708 0.0046955548150549239 0.0011750050473681888 -0.03644902496568618 -0.015428880439742191 -0.005557540486575239 0.025437249541282653 0.015934854480051958 0.0031142565828590394 -0.0035444803439879614 0.0061851069153891058 -0.017140789237396776 -0.070523898336845872 -0.014914862696996664 0.0096939900194571074 0.0061206102133152364 0.0012403877121337419 -0.0087105862225623724 0.014518307055158804 -0.054260965975768426 0.00069057184688361625 0.0073746721296443427 0.0078838620549630551 -0.0038684435623159499 -0.1000277852324339 -0.0093608942867389744 -0.082056467039510611 0.0037975549155762835 -0.049458780793303792 0.0014082723968313073 0.031271874306158173 -0.077061083894222976 -0.031825584443234606 -0.020287594815019346 0.023178540551593386 0.014574849144332581 -0.0084294972118679062 0.013366330861747018 -0.0031028706087254444 -0.00078378472441568146 -0.019570451565859723 -0.0035514898734174344 0.0059284104503134361 0.009042258472933995 -0.0046963491808842623 0.0076191221775541657 -0.0068826118957783494 0.013019284740230947 -0.085313420238403173 0.0068625852875411515 -0.1180512773618102 0.025132354262375062 -0.10236281556005662 -0.010671792409229506 -0.13024767262302339 0.0019946402568241646 0.02564790879935026 0.0034296872594526836 -0.13535167953372002 -0.019742110911011693 -0.0066636686933543706 0.034625032522887428
leaf_weight=26 2226 27 9950 6653 31 1411 4698 27 561 607 6728 513 605 22 174 728 3564 474 599 699 34 7236 1784 571 14843 39 28 24 201 22 900 433 24 181 689 926 809 5533 483 2042 3462 241 735 9642 1085 1641 688 35 106 26 20 32 31 26 79 20 29 60 35 20 25 6575 309
leaf_count=26 2226 27 9950 6653 31 1411 4698 27 561 607 6728 513 605 22 174 728 3564 474 599 699 34 7236 1784 571 14843 39 28 24 201 22 900 433 24 181 689 926 809 5533 483 2042 3462 241 735 9642 1085 1641 688 35 106 26 20 32 31 26 79 20 29 60 35 20 25 6575 309
internal_value=0 -0.00185214 -0.000336585 -0.0045272 0.0060394 -0.00364735 -0.000675827 0.00462576 0.00493489 0.0145761 -0.00616135 0.00414588 -0.00643758 0.00484477 0.00359141 0.00379926 0.00775602 -0.0159457 0.0039866 0.00244364 0.00231317 -0.0034089 0.0129959 -0.0051423 -0.00237431 -0.0257398 -0.0621371 -0.00977608 -0.0165665 0.011515 0.01202 0.0199226 -0.0224477 -0.0243924 -0.0223339 0.0172434 0.00764102 -0.00574893 0.0103619 0.00243764 0.00328119 0.00395827 -0.00549785 0.0044966 0.000719458 0.00215176 -0.00105829 -0.0237728 -0.00646105 -0.0403121 -0.0309824 -0.0700075 -0.0251677 -0.0209667 -0.0392962 -0.0694472 -0.047338 -0.00445947 -0.0207337 -0.0385068 -0.0711241 -0.00686942 0.0225731
internal_weight=0 78304 49985 28319 23743 26293 12050 19733 19525 1477 14243 18048 1118 16930 14252 21305 5817 2026 4163 7352 15488 28680 4010 12832 22079 783 67 1243 769 2678 2656 947 198 208 716 1654 1709 12261 514 15454 13412 14054 757 13297 3655 3414 2329 568 167 61 401 52 349 325 154 75 55 171 111 80 45 6601 870
internal_count=102047 78304 49985 28319 23743 26293 12050 19733 19525 1477 14243 18048 1118 16930 14252 21305 5817 2026 4163 7352 15488 28680 4010 12832 22079 783 67 1243 769 2678 2656 947 198 208 716 1654 1709 12261 514 15454 13412 14054 757 13297 3655 3414 2329 568 167 61 401 52 349 325 154 75 55 171 111 80 45 6601 870
is_linear=0
shrinkage=0.03


Tree=45
num_leaves=64
num_cat=0
split_feature=6 28 30 8 28 20 30 4 9 2 30 6 44 20 4 39 23 7 40 2 4 35 30 4 20 8 37 9 35 9 4 28 13 30 11 12 15 39 25 11 37 30 37 3 3 37 31 37 7 3 2 20 30 7 20 31 32 30 28 10 14 3 28
split_gain=1290.55 412.387 318.619 296.523 291.682 227.979 209.174 393.108 481.547 205.332 203.65 183.844 166.122 148.528 205.18 147.919 143.035 132.772 126.801 123.589 100.441 99.7261 98.9377 133.678 254.236 107.723 105.174 98.1679 97.6837 87.2588 131.642 101.525 97.7768 104.462 100.201 101.325 86.4659 85.5968 85.5762 86.078 84.95 115.374 82.6677 79.3994 79.0716 89.3945 76.3991 75.3862 74.1319 72.3694 68.5099 67.7932 66.704 66.23 96.541 64.9378 64.5406 63.9497 63.4909 63.0672 66.5636 62.2388 81.4058
threshold=7.5000000000000009 54690.000000000007 2010.5000000000002 1207.5000000000002 1312199.5000000002 4.5000000000000009 1923.5000000000002 3.0000000000000004 36.500000000000007 10018.500000000002 1925.5000000000002 17.500000000000004 4004450.5000000005 2.5000000000000004 1.5000000000000002 1.5000000000000002 46.500000000000007 175.50000000000003 13.500000000000002 10090.000000000002 3.0000000000000004 58.500000000000007 2015.5000000000002 3.0000000000000004 3.5000000000000004 3143.5000000000005 4049595013.5000005 23.500000000000004 862.50000000000011 1294.5000000000002 3.0000000000000004 83850.000000000015 31.500000000000004 2004.5000000000002 437.00500000000005 3000.5000000000005 10067.000000000002 13.500000000000002 4.5000000000000009 114.51000000000001 1010045021.0000001 1939.5000000000002 2027175068.5000002 1924.5000000000002 1835.5000000000002 3045860102.0000005 3.2200000000000002 1001275505.5000001 130.50000000000003 2006.5000000000002 10002.500000000002 3.5000000000000004 1951.5000000000002 43.500000000000007 4.5000000000000009 1.2500000000000002 11.000000000000002 2019.5000000000002 1312199.5000000002 410.50000000000006 49.500000000000007 1966.5000000000002 443925.00000000006
decision_type=2 8 8 10 10 10 10 2 10 2 10 2 10 8 2 10 10 10 10 2 2 10 10 2 10 10 8 10 10 10 2 8 8 10 10 8 10 8 10 10 10 10 8 2 2 10 10 10 10 2 2 10 10 10 8 10 10 10 10 10 10 2 10
left_child=2 44 6 11 29 15 13 16 -9 56 -11 17 53 14 -1 20 38 -3 19 -4 42 -7 23 46 25 -25 -26 -20 -23 31 -31 32 57 34 35 -34 40 -30 39 47 -12 -42 -6 -37 45 -2 -17 -8 -15 55 -49 -32 -41 54 -13 59 -10 -5 -40 -46 -61 -33 -63
right_child=1 3 18 4 5 21 7 8 9 10 36 12 -14 48 -16 22 -18 -19 27 -21 -22 28 -24 24 26 -27 -28 -29 37 30 51 61 33 -35 -36 43 -38 -39 58 52 41 -43 -44 -45 49 -47 -48 50 -50 -51 -52 -53 -54 -55 -56 -57 -58 -59 -60 60 -62 62 -64
leaf_value=0.029421242787111029 -0.030595538396529467 -0.10191093719963515 0.038764797406979502 -3.8067530430634732e-05 -0.052309627554246355 -0.045406243492450031 0.00035358865698635627 0.072741792342879544 0.004767033043053915 -0.11583475504602705 0.041600793488323684 0.012341705162839721 -0.0014011818573039449 0.016931894480698272 -0.0022936121405454802 -0.0067362354153616419 0.016450677026802415 -0.017957684986970642 -0.049994349394525801 -0.021786211024631155 -0.022302588458847382 0.036366710400378158 0.0068662579618482085 -0.1195106674157656 -0.02450173293171613 -0.046760500484416559 0.01589209622987791 0.015518276501058092 0.013545666688328815 -0.0032805822435494542 -0.069466610357165337 0.0025575742248019088 0.0080569488164442381 -0.078791395199077657 -0.073646247414025381 -0.065939207384111104 -0.069728349633514874 -0.049519579715349461 -0.023550293844750988 0.014762086472508835 -0.090391608646937766 -0.01917252254668058 0.0076694361554524269 0.0041237303614616392 -0.0022152516321063613 0.0037079114534638146 -0.0025447662914455365 -0.0090503042960427219 0.0088170649251472864 0.0050289543805576344 0.011477238675690969 -0.016584945579525081 0.006495391442590954 0.0062118430239584349 0.055779380183666946 -0.0086696242995614303 0.053978269677008354 -0.028201175396193507 0.0017029867474288676 -0.0075921131862636592 -0.0029585628538840816 0.0063042783508991075 0.027035187035340243
leaf_weight=214 221 21 376 12144 21 21 2904 55 106 21 20 1133 2534 2224 1292 11622 892 88 21 33 116 198 584 26 149 62 95 1043 162 2466 40 9743 138 24 22 37 32 22 91 1309 21 814 1363 24 6885 99 5901 167 1861 634 1182 48 2671 5024 48 4093 31 73 5833 7323 4508 1064 203
leaf_count=214 221 21 376 12144 21 21 2904 55 106 21 20 1133 2534 2224 1292 11622 892 88 21 33 116 198 584 26 149 62 95 1043 162 2466 40 9743 138 24 22 37 32 22 91 1309 21 814 1363 24 6885 99 5901 167 1861 634 1182 48 2671 5024 48 4093 31 73 5833 7323 4508 1064 203
internal_value=0 -0.00186649 0.00617981 -0.000444372 -0.00140472 -0.0040961 0.00526493 0.00353345 -0.0137791 -0.0183329 -0.0234983 0.00458837 0.00507132 0.0102661 0.00221301 -0.00454762 0.00479891 -0.0341322 0.0196825 0.0338793 0.00451189 0.0182433 -0.0052846 -0.00568203 -0.0245405 -0.0682549 -0.00877463 0.0142253 0.0217423 0.000698862 -0.00456721 0.00127187 -0.00058266 -0.0193475 -0.012892 -0.00617549 -0.0213122 0.00600526 0.00406475 0.00604327 -0.0195002 -0.0209637 0.00675935 -0.0383735 -0.00517095 -0.0199829 -0.00532473 0.00307583 0.013235 -0.00496876 0.00893602 -0.0406221 0.00921426 0.00771456 0.0141072 -0.00524666 0.0159024 -0.00020635 0.00131506 -0.00449809 -0.00582658 0.00337097 0.00962581
internal_weight=0 78979 23213 55216 46368 20342 21740 16149 1100 1045 908 8848 8739 5591 1506 19939 15049 109 1473 409 1500 403 18439 17855 332 88 244 1064 382 26026 2554 23472 12462 245 221 199 887 184 14157 8233 855 835 1384 61 23763 320 17523 4253 4085 23443 1349 88 3980 6205 1181 22809 137 12217 5924 18716 11831 11010 1267
internal_count=102192 78979 23213 55216 46368 20342 21740 16149 1100 1045 908 8848 8739 5591 1506 19939 15049 109 1473 409 1500 403 18439 17855 332 88 244 1064 382 26026 2554 23472 12462 245 221 199 887 184 14157 8233 855 835 1384 61 23763 320 17523 4253 4085 23443 1349 88 3980 6205 1181 22809 137 12217 5924 18716 11831 11010 1267
is_linear=0
shrinkage=0.03


Tree=46
num_leaves=64
num_cat=0
split_feature=6 28 29 30 30 28 9 29 30 4 9 11 30 11 23 29 29 23 20 3 23 7 28 4 20 40 15 44 33 33 28 27 28 30 15 12 9 14 28 17 17 6 9 6 4 11 9 20 29 27 28 5 20 4 9 11 27 28 29 25 7 12 3
split_gain=1214.28 388.015 664.491 299.789 281.886 215.276 233.652 199.159 196.812 369.875 453.088 182.421 186.803 164.873 156.525 150.445 147.709 134.582 133.7 123.476 144.489 196.651 123.177 120.27 140.075 119.307 117.076 166.858 112.096 161.15 144.219 107.234 157.931 105.916 125.857 140.448 105.581 127.493 104.112 99.3996 92.4886 117.838 92.3662 92.3614 89.5617 88.4053 87.6445 182.508 87.6203 86.4458 85.3075 96.1801 87.745 81.0151 122.267 79.9861 79.9649 79.6942 79.335 113.08 78.4192 77.5687 76.7307
threshold=7.5000000000000009 54690.000000000007 1.0000000180025095e-35 2010.5000000000002 2001.5000000000002 410851.50000000006 5918.5000000000009 1.0000000180025095e-35 1923.5000000000002 3.0000000000000004 36.500000000000007 130.50000000000003 1925.5000000000002 21.500000000000004 4.580000000000001 285847.00000000006 1.0000000180025095e-35 46.500000000000007 2.5000000000000004 1983.5000000000002 2.2900000000000005 8802.0000000000018 102510.00000000001 3.0000000000000004 3.5000000000000004 13.500000000000002 10472.500000000002 3056550.0000000005 4.330000000000001 4.7300000000000013 323220.00000000006 9510.0000000000018 46890.000000000007 1902.5000000000002 11225.500000000002 3010.5000000000005 75.500000000000014 38.500000000000007 89535.000000000015 2705.0000000000005 4150.0000000000009 4.5000000000000009 23.500000000000004 46.500000000000007 1.5000000000000002 277.03000000000003 5918.5000000000009 3.5000000000000004 3295.5000000000005 482625.00000000006 91770.000000000015 206.50000000000003 1.5000000000000002 3.0000000000000004 5918.5000000000009 940.50500000000011 2531250.0000000005 958274.50000000012 241186.50000000003 4.5000000000000009 175.50000000000003 1006.5000000000001 1835.5000000000002
decision_type=2 8 10 8 10 10 10 10 10 2 10 10 10 10 8 10 10 10 8 2 10 10 10 2 8 10 10 10 10 10 10 10 10 10 10 10 10 10 10 10 10 2 10 2 2 10 10 10 10 10 10 2 8 2 10 10 10 10 10 10 10 10 2
left_child=3 7 5 8 13 28 14 62 16 17 -11 -12 -13 -4 -7 -14 49 40 58 20 -9 31 33 -8 -25 -5 -24 -28 50 30 -30 -22 61 -15 35 36 37 -35 -36 -29 41 -10 -27 44 -16 48 47 -42 -39 57 51 60 -52 -6 55 -55 -56 -1 -18 -60 -3 -33 -2
right_child=1 2 4 25 53 6 23 19 9 10 11 12 15 22 43 -17 18 -19 -20 -21 21 -23 26 24 -26 42 27 39 29 -31 -32 32 -34 34 38 -37 -38 45 -40 -41 46 -43 -44 -45 -46 -47 -48 -49 -50 -51 52 -53 -54 54 56 -57 -58 -59 59 -61 -62 -63 -64
leaf_value=0.022756844985609252 -0.019164335871688448 -0.079111841890428747 0.0069533824009787833 0.032862885896740412 0.0028419933950548032 0.0095516676987859872 0.0026844290504024451 -0.016897095378851926 0.016266705340166131 0.070559538773515007 0.0074366496735508887 -0.1123597135075501 -0.018859348765867381 -0.07889788031004942 -0.00042713976337721473 -0.079240264709179206 -0.00020299035022617316 0.015957156724283116 0.0092743012874140548 0.00094866079625339724 0.013033202356275388 -0.11913891594985435 -0.0099348857338813316 -0.063162855197082868 -0.0033418748373811947 -0.048494520442826407 0.00080132088751764022 -0.0047760857696885197 -0.006785802500322461 -0.0031275591739375512 -0.12071428683400155 -0.064596562766366536 -0.11366424534916877 -0.0031607607007026672 -0.0016980183898229321 0.024943076115230032 0.0026097651477903125 -0.0030290449596941469 -0.062963820795218145 -0.011706595913663222 -0.0012262026052649686 0.0048611051583964913 0.015052728058613145 -0.031760851746797561 0.030695305941269249 -0.10399120452080635 0.0050685559410098002 0.074271930417624019 -0.077216899024420665 0.022507895846621814 0.0086714501701292673 0.0011983036529093895 0.0015786379655442157 0.022521136208333903 -0.022728428175023008 -0.040417071229645184 0.010922274517504703 0.0055840370552879791 -0.090910695965867483 -0.014285123587872546 -0.014661641105528126 0.0012131538838148115 -0.0041830687860187421
leaf_weight=342 312 21 907 409 5655 2346 2145 753 1038 55 207 21 778 26 95 39 624 892 2628 265 34 29 4502 55 98 21 4015 7943 20 2947 20 27 25 30 331 29 32 23 27 2433 4572 3799 1043 25 671 47 4719 29 38 1005 3197 13768 3084 135 364 21 77 842 20 130 89 40 22278
leaf_count=342 312 21 907 409 5655 2346 2145 753 1038 55 207 21 778 26 95 39 624 892 2628 265 34 29 4502 55 98 21 4015 7943 20 2947 20 27 25 30 331 29 32 23 27 2433 4572 3799 1043 25 671 47 4719 29 38 1005 3197 13768 3084 135 364 21 77 842 20 130 89 40 22278
internal_value=0 -0.0018105 -0.00043104 0.00599441 -0.00384019 0.00274599 0.00811901 -0.00501582 0.00510698 0.00342745 -0.0133658 -0.0177829 -0.0240125 -0.00554944 0.0134428 -0.0217417 0.00995814 0.00465494 0.00604671 -0.0170684 -0.0223267 -0.0487038 -0.0061317 0.000851453 -0.0248461 0.019092 -0.0057126 -0.00439172 0.00148433 -0.00393938 -0.06375 -0.0324925 -0.0493173 -0.0197133 -0.0169507 -0.0360777 -0.0464871 -0.0578719 -0.00631862 -0.00640118 0.00394281 0.0073087 0.0137985 0.0249835 0.0268355 -0.0730694 0.00219594 -0.00075034 -0.0492444 0.016037 0.00228797 0.000975069 0.00518885 0.0017324 -0.00877812 0.0140487 -0.0168529 0.0105444 -0.00491207 -0.0245019 -0.0269658 -0.0253072 -0.00438998
internal_weight=0 78979 55216 23213 26635 28581 5435 23763 21740 16149 1100 1045 838 20383 3137 817 5591 15049 3402 1173 908 155 19476 2298 153 1473 18893 14391 23146 2987 40 126 92 583 557 199 170 138 358 10376 14157 4837 1064 791 766 108 9320 4601 61 2189 20159 13878 6281 6252 597 156 441 1184 774 150 110 67 22590
internal_count=102192 78979 55216 23213 26635 28581 5435 23763 21740 16149 1100 1045 838 20383 3137 817 5591 15049 3402 1173 908 155 19476 2298 153 1473 18893 14391 23146 2987 40 126 92 583 557 199 170 138 358 10376 14157 4837 1064 791 766 108 9320 4601 61 2189 20159 13878 6281 6252 597 156 441 1184 774 150 110 67 22590
is_linear=0
shrinkage=0.03


Tree=47
num_leaves=64
num_cat=0
split_feature=47 29 27 29 30 30 30 4 9 2 30 26 23 36 11 29 23 20 27 36 2 15 13 11 30 0 44 10 17 5 7 17 47 14 17 47 9 15 9 20 27 2 2 4 9 9 29 11 27 29 25 4 9 20 12 30 27 20 4 20 37 36 13
split_gain=1142.52 300.456 546.28 322.17 282.071 281.229 185.18 348.016 426.31 184.494 181.349 180.177 174.823 158.905 147.646 138.979 126.628 125.799 113.088 111.429 114.417 110.702 162.097 96.7666 94.5133 93.6633 140.15 104.953 95.9268 105.111 93.4025 87.0225 110.874 86.0338 91.4229 85.7361 84.3995 98.0504 82.4648 171.722 81.3368 81.1321 82.5457 76.9231 115.041 76.8629 76.3911 75.259 75.239 74.6463 106.397 74.4665 73.9449 73.9034 73.8654 105.365 67.6342 66.7816 111.953 198.789 81.1868 66.4862 65.8815
threshold=7.5000000000000009 1.0000000180025095e-35 22710.000000000004 1460.0000000000002 2010.5000000000002 2001.5000000000002 1923.5000000000002 3.0000000000000004 36.500000000000007 10018.500000000002 1926.5000000000002 2.5000000000000004 4.580000000000001 21701.500000000004 28.500000000000004 1.0000000180025095e-35 46.500000000000007 2.5000000000000004 14009.000000000002 10455.000000000002 10090.000000000002 10472.500000000002 16.500000000000004 153.50000000000003 1989.5000000000002 2.5000000000000004 3025850.5000000005 211.50000000000003 3515.0000000000005 310.50000000000006 175.50000000000003 4150.0000000000009 4.5000000000000009 22.500000000000004 7815.0000000000009 43.500000000000007 58.500000000000007 11215.500000000002 5918.5000000000009 3.5000000000000004 482625.00000000006 11411.500000000002 11412.500000000002 3.0000000000000004 5918.5000000000009 260.50000000000006 1392978.0000000002 940.50500000000011 2531250.0000000005 241186.50000000003 4.5000000000000009 1.5000000000000002 24.500000000000004 8.5000000000000018 1000.5000000000001 1962.5000000000002 542475.00000000012 5.5000000000000009 3.0000000000000004 3.5000000000000004 4022405501.0000005 41704.500000000007 27.500000000000004
decision_type=2 10 8 10 8 10 10 2 10 2 10 8 10 10 10 10 10 8 10 8 2 10 10 10 10 2 10 8 10 2 10 10 2 8 10 2 10 10 10 10 10 2 2 2 10 10 10 10 10 10 10 2 10 8 10 10 10 10 2 10 10 8 10
left_child=4 2 18 13 6 14 15 16 -9 -10 -11 12 61 -3 -5 40 31 49 53 52 -21 -16 -23 54 35 27 -27 -13 -28 36 -29 32 -8 -20 -35 45 37 -30 39 -33 51 57 -43 -7 47 56 -44 -45 -46 -17 -51 -1 -6 -2 -12 -56 -14 58 60 -60 -24 -4 -15
right_child=1 3 11 5 19 43 7 8 9 10 23 25 24 62 21 17 -18 -19 33 20 -22 22 41 -25 -26 26 28 30 29 -31 -32 38 -34 34 -36 -37 -38 -39 -40 -41 -42 42 46 44 48 -47 -48 -49 -50 50 -52 -53 -54 -55 55 -57 -58 -59 59 -61 -62 -63 -64
leaf_value=0.025634008814445941 -0.0029943285687146276 -0.085850266324909955 0.0089186041320362622 0.0059201272741017793 -0.042446577889578681 0.002796647398329312 0.015778704153197532 0.068442751911553454 0.015202250127157153 -0.084600471736863261 -0.033405158782621201 -0.0023510610040061511 0.030412575774127617 -0.014092924250158361 -0.0099381334904600997 -0.00019690063719351129 0.015478442213127407 0.00899607226799457 0.0060340781582390625 0.036057854563714214 -0.022118509195067665 0.0032711949761121358 -0.00563497500351172 -0.074131296617644171 0.0025781577205351955 0.008159395184474956 0.0013565585472502621 -0.085319772484185902 -0.034991783267552298 -0.0071409888681229858 -0.020587190298491844 -0.0011894165021263101 0.0047152720027963174 -0.0018544892219182541 0.0065425548977392327 -0.022699474612700526 0.0046440762633989966 -0.10973777845501899 0.0049164992245951389 0.072043771378952889 0.021832658979061767 -0.070888255536556241 -0.012161479896910009 0.021845501971327595 -0.02204657554556104 -0.0049797594196656168 0.023117186968263825 -0.03920455994350569 0.010594606336157818 -0.088183373668463891 -0.013856569664781162 0.0065538789815158356 0.014419417482462735 -0.021118672987504396 0.050565732898919476 -0.014828505126077871 0.070112921382699686 0.02684514055691533 -0.095517679452896118 -0.0087607589137705059 0.0036733366712224016 0.0018938386555518143 -0.034892734461657117
leaf_weight=228 27175 37 4082 977 21 5777 1038 55 137 40 199 531 480 372 4901 624 892 2628 1994 390 33 1972 9997 28 175 2100 1423 23 56 499 157 4572 3799 9035 1340 29 28 22 4719 29 1005 21 1790 135 364 51 57 21 77 20 130 956 1029 204 23 618 42 59 34 79 921 1725 217
leaf_count=228 27175 37 4082 977 21 5777 1038 55 137 40 199 531 480 372 4901 624 892 2628 1994 390 33 1972 9997 28 175 2100 1423 23 56 499 157 4572 3799 9035 1340 29 28 22 4719 29 1005 21 1790 135 364 51 57 21 77 20 130 956 1029 204 23 618 42 59 34 79 921 1725 217
internal_value=0 -0.00175618 -0.000392137 -0.00426623 0.00581458 -0.0037762 0.00495377 0.00332462 -0.0129648 -0.0172494 -0.0221457 0.00538995 0.00862004 -0.0255443 -0.00546509 0.00965939 0.00451529 0.00586531 -0.00205382 0.0185192 0.0315193 -0.006026 -0.00474178 -0.0192676 0.0219842 0.000995054 0.00272723 -0.00906182 -0.00289778 -0.0129043 -0.0288586 0.00382453 0.00708944 0.000326919 -0.000769955 0.0276255 -0.0400353 -0.056074 0.00213007 -0.000727829 0.0155559 -0.00596123 -0.0117452 0.0017372 -0.00851478 0.0301724 -0.0110728 0.0136272 -0.0163473 -0.00476471 -0.0237668 0.0102281 0.0132821 -0.00312937 -0.0174388 -0.0124821 0.0336069 -0.00498697 -0.00515723 -0.0348646 -0.00484976 0.00683186 -0.021756
internal_weight=0 78979 51171 27808 23213 27182 21740 16149 1100 1045 908 11423 6584 626 20808 5591 15049 3402 39748 1473 423 19831 14930 868 777 4839 4128 711 2028 605 180 14157 4837 12369 10375 602 106 78 9320 4601 2189 12958 1868 6374 597 573 1847 156 441 774 150 1184 1050 27379 840 641 522 11090 11031 113 10918 5807 589
internal_count=102192 78979 51171 27808 23213 27182 21740 16149 1100 1045 908 11423 6584 626 20808 5591 15049 3402 39748 1473 423 19831 14930 868 777 4839 4128 711 2028 605 180 14157 4837 12369 10375 602 106 78 9320 4601 2189 12958 1868 6374 597 573 1847 156 441 774 150 1184 1050 27379 840 641 522 11090 11031 113 10918 5807 589
is_linear=0
shrinkage=0.03


Tree=48
num_leaves=64
num_cat=0
split_feature=6 28 29 30 30 28 9 29 30 4 9 2 30 8 23 29 23 20 3 23 7 4 20 28 36 12 27 9 40 2 33 33 28 8 29 6 12 27 28 20 4 20 6 3 29 6 9 17 6 4 44 36 33 9 29 7 44 44 9 20 28 20 39
split_gain=1074.99 353.523 594.107 265.401 249.411 192.182 213.698 177.011 174.236 327.448 401.115 173.59 172.451 150.631 137.578 130.765 119.144 118.364 113.352 134.408 185.094 113.222 131.684 108.527 130.841 309.247 110.373 107.421 105.967 109.501 104.535 149.026 134.297 102.637 103.551 129.253 143.605 100.223 148.693 94.4925 150.476 160.528 103.443 89.2911 86.6118 83.5464 83.0769 81.8795 104.321 81.6557 77.83 77.6565 96.048 116.577 146.797 105.814 93.7104 83.8956 77.5911 161.573 76.7699 81.301 88.7323
threshold=7.5000000000000009 54690.000000000007 1.0000000180025095e-35 2010.5000000000002 2002.5000000000002 410851.50000000006 5918.5000000000009 1.0000000180025095e-35 1923.5000000000002 3.0000000000000004 36.500000000000007 10018.500000000002 1925.5000000000002 1321.5000000000002 4.580000000000001 1.0000000180025095e-35 46.500000000000007 2.5000000000000004 1983.5000000000002 2.2900000000000005 8802.0000000000018 3.0000000000000004 3.5000000000000004 102510.00000000001 31808.500000000004 2001.5000000000002 18869.500000000004 37.500000000000007 13.500000000000002 10090.000000000002 4.330000000000001 4.7300000000000013 323220.00000000006 8399.5000000000018 33070.500000000007 22.500000000000004 2003.5000000000002 9510.0000000000018 46890.000000000007 4.5000000000000009 3.0000000000000004 3.5000000000000004 13.500000000000002 1985.5000000000002 38917.000000000007 46.500000000000007 23.500000000000004 4150.0000000000009 4.5000000000000009 1.5000000000000002 4086000.0000000005 21701.500000000004 6.2500000000000009 7501.5000000000009 134930.50000000003 184.50000000000003 3056550.0000000005 4064550.0000000005 5918.5000000000009 3.5000000000000004 91770.000000000015 1.5000000000000002 11.500000000000002
decision_type=2 8 10 8 10 10 10 10 10 2 10 2 10 10 8 10 10 8 2 10 10 2 8 10 10 10 10 10 10 2 10 10 10 10 10 2 10 10 10 8 2 10 2 2 10 2 10 10 2 2 10 10 10 10 10 10 10 10 10 10 10 8 8
left_child=3 7 5 8 13 30 14 -2 15 16 -11 -12 -13 -4 -7 -1 47 -17 19 -9 37 -8 -23 24 25 26 -15 33 29 -5 60 32 -32 34 35 -26 -37 -21 -39 40 51 43 -41 -42 -36 49 -30 48 -10 -16 -44 52 53 -25 -55 -54 -53 -58 59 -49 -3 -62 -63
right_child=1 2 4 28 -6 6 21 18 9 10 11 12 -14 23 45 17 -18 -19 -20 20 -22 22 -24 39 27 -27 -28 -29 46 -31 31 -33 -34 -35 44 36 -38 38 -40 42 41 -43 50 -45 -46 -47 -48 58 -50 -51 -52 56 55 54 -56 -57 57 -59 -60 -61 61 62 -64
leaf_value=0.015089231693034158 -0.0041730228832399128 0.00095580897608559163 0.00076361144227548455 0.035540494749897178 0.0017070476426459759 0.0091372972960560642 0.0025220903724264493 -0.015927075615738969 0.015305343043498863 0.066389469843019133 0.014746182281931822 -0.10645091173904282 -0.019469681056250483 -0.063274021275779774 -0.00066511858882088411 -0.0046217713017709721 0.015014088814809288 0.0087261901294798955 0.0011369297627476594 0.013136009100605459 -0.11493824958512237 -0.061341011995618998 -0.0033394651471314075 -0.013824182422614628 0.016300810971720651 0.018419183177106519 -0.15074925171477455 0.001122402223829133 -0.04610273437840598 -0.021454956626350229 -0.006359409822151065 -0.0030316960646885531 -0.11629903927445412 0.0078617812286723744 -0.12265059011323112 -0.02010946471989155 -0.10567133124631184 -0.02384454101768892 -0.10957856032401322 -0.038403010574670937 -0.047243372736306022 -0.013393042149643103 0.03952738724121789 -0.12963999742269516 -0.040007038718461993 -0.03036358448266983 0.014164366519035305 -0.0011537340124254726 0.0045738138571164494 0.029051932683256183 -0.012068777280194417 -0.0010580393080514244 -0.046894949072218958 -0.012065309212356806 -0.11831979410892182 -0.00068557758200205575 -0.010356400905698665 -0.0045501156919052176 0.0047690042557268801 0.069882459455522988 0.0083054531918285331 0.0042736580512890724 -0.007784577933417196
leaf_weight=2189 22590 13878 3219 376 6116 2346 2145 753 1038 55 137 21 887 34 95 774 892 2628 265 34 29 55 98 1510 44 34 21 237 21 33 20 2947 20 55 21 55 26 67 25 26 29 90 106 20 25 25 1043 4572 3799 671 35 3955 47 25 22 873 3383 6627 4719 29 3197 2369 715
leaf_count=2189 22590 13878 3219 376 6116 2346 2145 753 1038 55 137 21 887 34 95 774 892 2628 265 34 29 55 98 1510 44 34 21 237 21 33 20 2947 20 55 21 55 26 67 25 26 29 90 106 20 25 25 1043 4572 3799 671 35 3955 47 25 22 873 3383 6627 4719 29 3197 2369 715
internal_value=0 -0.0017035 -0.000386779 0.00564014 -0.00361032 0.00261728 0.00769393 -0.00476304 0.00480516 0.00322488 -0.0125758 -0.0167319 -0.0214814 -0.00519525 0.0127854 0.00936961 0.00437983 0.00568935 -0.0161257 -0.0211638 -0.0466041 0.00074363 -0.0241897 -0.00630401 -0.0193922 -0.0527056 -0.0966737 -0.0129885 0.0179637 0.0309418 0.00142521 -0.00381238 -0.0613292 -0.0277862 -0.0392519 -0.0250899 -0.0475738 -0.0308764 -0.0471418 -0.00587263 -0.00609878 -0.0371815 0.0165809 -0.0808746 -0.0777356 0.023605 0.0129749 0.00370979 0.00687676 0.0253664 0.0267198 -0.00583601 -0.0107314 -0.0152724 -0.0618015 -0.00304627 -0.0049677 -0.00651242 0.00206616 -0.000705994 0.00220128 0.00495317 0.00147806
internal_weight=0 78979 55216 23213 26635 28581 5435 23763 21740 16149 1100 1045 908 20519 3137 5591 15049 3402 1173 908 155 2298 153 17300 552 89 55 463 1473 409 23146 2987 40 226 171 125 81 126 92 16748 16581 139 167 49 46 791 1064 14157 4837 766 141 16442 2477 1557 47 920 13965 10010 9320 4601 20159 6281 3084
internal_count=102192 78979 55216 23213 26635 28581 5435 23763 21740 16149 1100 1045 908 20519 3137 5591 15049 3402 1173 908 155 2298 153 17300 552 89 55 463 1473 409 23146 2987 40 226 171 125 81 126 92 16748 16581 139 167 49 46 791 1064 14157 4837 766 141 16442 2477 1557 47 920 13965 10010 9320 4601 20159 6281 3084
is_linear=0
shrinkage=0.03


Tree=49
num_leaves=64
num_cat=0
split_feature=2 39 32 2 13 27 8 3 13 24 13 23 32 37 31 17 20 37 5 8 30 23 3 4 6 20 27 37 23 20 27 27 20 3 20 44 3 8 4 17 30 12 2 5 23 20 37 24 6 45 6 8 6 44 23 31 7 30 4 15 4 7 12
split_gain=1012.04 262.305 259.318 155.423 382.216 151.477 141.675 139.155 129.956 208.338 136.818 126.278 158.111 170.985 113.843 118.845 112.937 109.506 101.819 95.6334 91.9159 161.362 91.4509 87.8875 87.1262 83.775 98.6488 82.0766 71.4419 68.9835 95.5148 67.8232 72.6565 79.5092 68.1898 189.094 65.3078 74.3944 65.0263 94.1832 63.0766 58.4326 76.049 80.7093 147.449 58.152 200.947 56.108 69.287 63.2759 55.4469 123.205 72.5835 54.85 54.3963 54.3584 87.9734 54.3448 59.2165 53.2544 72.3117 62.4375 53.1752
threshold=10223.500000000002 2.5000000000000004 0.75000000000000011 10474.500000000002 15.500000000000002 68436459.000000015 8789.5000000000018 2008.5000000000002 19.500000000000004 1.0000000180025095e-35 17.500000000000004 46.500000000000007 13.000000000000002 1008655506.0000001 6.7700000000000005 4150.0000000000009 4.5000000000000009 1001755020.5000001 402.50000000000006 5301.5000000000009 1926.5000000000002 15.750000000000002 1936.5000000000002 3.0000000000000004 4.5000000000000009 7.5000000000000009 283273.50000000006 1008570055.5000001 8.2500000000000018 1.5000000000000002 45000.500000000007 378225.00000000006 4.5000000000000009 1970.5000000000002 10.500000000000002 3055550.0000000005 1899.5000000000002 4659.5000000000009 3.0000000000000004 2260.0000000000005 1889.5000000000002 3003.5000000000005 10038.500000000002 109.50000000000001 3.8750000000000004 3.5000000000000004 4050669051.0000005 2.5000000000000004 33.500000000000007 30902004501.000004 17.500000000000004 4993.5000000000009 15.500000000000002 4073000.0000000005 5.7500000000000009 4.830000000000001 248.50000000000003 2011.5000000000002 3.0000000000000004 11218.500000000002 3.0000000000000004 230.50000000000003 1001.5000000000001
decision_type=2 10 8 2 10 10 10 2 10 10 10 10 10 10 10 10 8 10 2 10 10 10 2 2 2 8 10 8 8 8 10 10 8 2 10 10 2 10 2 10 10 8 2 2 10 10 8 10 2 10 2 8 2 10 10 10 10 10 2 8 2 10 10
left_child=1 17 3 7 29 11 8 19 10 22 -6 12 14 23 25 24 27 41 31 36 21 -15 -10 -14 -16 40 -27 -17 55 30 -5 34 38 -34 50 -36 -2 -38 -33 -40 -3 -1 43 44 -43 -42 -47 -11 -49 -50 51 -4 -53 -30 -48 -24 -57 58 -13 -52 -61 -62 -7
right_child=2 5 18 4 6 62 -8 -9 9 47 -12 57 13 20 15 16 -18 -19 -20 -21 -22 -23 28 -25 -26 26 -28 -29 53 -31 -32 32 33 -35 35 -37 37 -39 39 -41 45 42 -44 -45 -46 46 54 48 49 -51 59 52 -54 -55 -56 56 -58 -59 -60 60 61 -63 -64
leaf_value=0.0062287193195967776 -0.013275136429034839 0.015946453716064818 0.0049948455304458577 0.0087363740273129816 -0.000210959511585801 -0.026033282673594598 -0.0053042069557435708 0.0077576172450518933 0.00066062997214084648 0.0026699676218146884 -0.010025086919205445 0.012897289539880744 0.0051606930218570466 0.01445785380391912 0.017482326797986215 0.012701937305665763 0.029015439523026248 0.018145979795320202 -0.0028788250995205236 -0.0013520245678735106 -0.0120579706277196 -0.087153858000842424 -0.0062261012581033377 0.051962027707663568 0.0076548319317982956 -0.058086550434430437 0.010202526346865025 0.0013163899574384506 -0.0040519505755287968 0.003835785551938517 0.035683113687963626 0.012107733501472108 0.042689360750910753 -0.020707395502499171 0.011866000665200722 -0.10262768285349011 -0.0047924863191826242 -0.011495384475850995 -0.027964226200478153 0.04212508547373793 8.1249884967729205e-05 0.052826076817577297 -0.039398826867341995 -0.025538803772069511 0.012945250991148273 0.002484621788280282 0.019170303465961887 0.0026765752209159956 -0.0036981239985312431 -0.026067917776061222 0.0013546812237098919 -0.016655014643620233 -0.071991410830523822 0.0062060371118841636 0.04660296515056065 -0.078870784658938653 0.0023573073712759652 0.0291138435761913 -0.036111850479374756 0.0060632382862001993 0.046370919582905706 0.015732904074412378 0.024197293094226292
leaf_weight=2258 1120 284 245 1016 2251 196 11236 794 3433 11928 2959 629 168 22 1074 649 151 1586 1184 4646 677 39 7256 46 3327 45 33 4672 1184 5823 134 1195 117 21 37 20 10831 1728 80 22 6478 115 20 32 304 2251 171 2088 2204 120 902 64 32 777 105 24 24 198 23 777 77 269 21
leaf_count=2258 1120 284 245 1016 2251 196 11236 794 3433 11928 2959 629 168 22 1074 649 151 1586 1184 4646 677 39 7256 46 3327 45 33 4672 1184 5823 134 1195 117 21 37 20 10831 1728 80 22 6478 115 20 32 304 2251 171 2088 2204 120 902 64 32 777 105 24 24 198 23 777 77 269 21
internal_value=0 0.00513315 -0.00175915 -0.00222237 -0.0013784 0.00376434 -0.00238106 -0.00453798 -0.00142205 -0.000639271 -0.00578486 0.0040215 0.00354467 -0.00838963 0.00413518 0.00638293 0.00343112 0.011877 0.00481673 -0.00507073 -0.015236 -0.050507 -0.00352185 0.0152208 0.0100531 0.00176601 -0.029195 0.00270508 -0.0050716 0.00516183 0.0118763 0.00717846 0.0123471 0.033042 0.00411735 -0.0283072 -0.00633377 -0.00571474 0.0101452 -0.0128469 0.00202599 0.00823363 0.0178453 0.0203838 0.0238911 0.00158697 0.0054469 0.00160081 -0.00128969 -0.00485319 0.0048985 -0.00629299 -0.0351005 1.25351e-05 0.0296066 -0.0064366 -0.0382567 0.0153487 0.0111684 0.0067831 0.0111432 0.0225512 -0.0211723
internal_weight=0 25574 76618 71576 52457 21259 45484 19119 34248 29038 5210 21042 20192 952 19240 9873 5472 4315 5042 18325 738 61 12698 214 4401 9367 78 5321 9265 6973 1150 3858 1435 138 2423 57 13679 12559 1297 102 9289 2729 471 451 419 9005 2527 16340 4412 2324 2366 341 96 1961 276 7304 48 850 652 2025 1123 346 217
internal_count=102192 25574 76618 71576 52457 21259 45484 19119 34248 29038 5210 21042 20192 952 19240 9873 5472 4315 5042 18325 738 61 12698 214 4401 9367 78 5321 9265 6973 1150 3858 1435 138 2423 57 13679 12559 1297 102 9289 2729 471 451 419 9005 2527 16340 4412 2324 2366 341 96 1961 276 7304 48 850 652 2025 1123 346 217
is_linear=0
shrinkage=0.03


Tree=50
num_leaves=64
num_cat=0
split_feature=10 32 29 28 30 30 30 4 9 30 29 28 2 29 40 9 28 28 20 9 4 12 14 36 28 11 29 12 6 39 12 32 15 13 45 9 35 13 40 13 30 12 32 15 9 29 15 3 4 11 23 26 28 40 30 32 31 9 36 23 28 7 28
split_gain=838.913 252.317 304.644 461.248 183.725 179.745 159.587 226.318 208.222 184.921 149.614 149.322 122.27 119.984 96.3545 116.968 138.296 94.0687 93.8897 87.5648 85.751 111.208 85.0892 84.2221 83.4789 82.9576 94.5757 77.7487 146.395 76.9305 75.7805 71.9913 70.4472 105.023 72.4049 108.506 68.9135 68.7078 70.0608 118.486 68.4201 67.2791 71.4436 68.202 72.0433 66.6282 61.8147 60.7783 90.9436 72.5082 59.8523 59.4525 135.835 106.456 81.4908 112.257 128.136 86.4694 59.2874 57.9917 95.689 68.4645 57.9113
threshold=108.50000000000001 0.75000000000000011 1.0000000180025095e-35 63990.000000000007 2010.5000000000002 2002.5000000000002 1952.5000000000002 3.0000000000000004 36.500000000000007 1977.5000000000002 1460.0000000000002 270930.00000000006 10067.000000000002 1460.0000000000002 21.500000000000004 1833.5000000000002 903599.50000000012 34170.000000000007 4.5000000000000009 19.500000000000004 3.0000000000000004 1003.5000000000001 12.500000000000002 21701.500000000004 4856852.5000000009 555.50000000000011 737947.50000000012 2000.5000000000002 24.500000000000004 11.500000000000002 1002.5000000000001 5.5000000000000009 10472.500000000002 16.500000000000004 20183017001.000004 7502.5000000000009 1206.0000000000002 14.500000000000002 33.500000000000007 19.500000000000004 1961.5000000000002 2000.5000000000002 14.500000000000002 10035.500000000002 7505.5000000000009 58354.000000000007 10001.500000000002 1906.5000000000002 3.0000000000000004 1191.5000000000002 24.500000000000004 1.5000000000000002 1891805.0000000002 14.500000000000002 1895.5000000000002 5.5000000000000009 3.7200000000000002 31.500000000000004 21706.500000000004 20.750000000000004 61951975.500000007 152.50000000000003 11934938.000000002
decision_type=10 10 10 10 10 10 10 2 10 10 8 10 2 10 10 10 10 10 8 10 2 10 10 10 8 10 10 10 2 10 10 10 10 10 10 10 10 10 10 10 10 10 10 10 10 8 10 2 2 10 10 10 10 10 10 10 10 10 10 10 10 10 10
left_child=4 2 3 17 6 13 10 9 -9 46 41 -3 31 23 15 16 -5 -2 36 -6 -7 -22 -16 -4 -12 26 -20 28 -23 47 -27 -10 34 -34 35 -15 -13 -25 39 -39 -33 43 51 44 -1 -26 -8 48 49 -19 -11 -43 53 -53 -55 56 -56 -58 -36 -47 -61 -62 -48
right_child=1 11 5 14 19 20 7 8 12 50 24 18 -14 32 22 -17 -18 29 25 -21 21 27 -24 37 45 30 -28 -29 -30 -31 -32 40 33 -35 58 -37 -38 38 -40 -41 -42 42 -44 -45 -46 59 62 -49 -50 -51 -52 52 -54 54 55 -57 57 -59 -60 60 61 -63 -64
leaf_value=0.023064282650289151 -0.007930437899418866 -0.0054397785831107673 -0.060974257551133629 0.011088973298968156 -0.043634926703843203 0.0015763386905288143 -0.019364542511666749 0.065939022839069356 0.028791278431544432 0.0028733544116445906 -0.0010649224738809638 0.0070026348225185912 -0.068563546811540921 -0.0021195236838057593 -0.016528859386654892 -0.003742570825398887 0.041396404849325892 -0.0050472736562942383 0.020740126707846973 0.016711002368979339 0.019421569753337552 -0.11553587355784006 0.0027672101908899922 0.026076700581576337 0.010603249148120594 -0.041451323118060823 0.067286484477131855 -0.013018939318954986 -0.021147491294145584 -0.0044387343370566306 0.0096471296796934794 0.040939539603888984 0.0017975461937832127 -0.005326768550907952 -0.016001903981312848 -0.057050486921586777 -0.012291331089159285 -0.090898470431566236 -0.014799502583733219 -0.003399739867219558 -0.015184692221381104 0.02239708033708486 -0.040727294046216861 -0.00029055685813849172 -0.0020881332893316683 0.005574467047426479 -0.0079225410655575992 -0.00049872780561274678 -0.070931179010309278 -0.046132934064720757 0.0099191658886084999 0.0083892667762791879 0.012823730664169161 0.00016900595839080567 -0.12088808872870037 0.022542793795466424 -0.070948955528438079 -0.0032602784718785967 -0.0079520956060226133 -0.012602800740450927 0.0057834744969566428 0.057265621061835963 0.0011624879523161765
leaf_weight=1015 3018 896 40 578 22 4800 154 30 37 1670 1702 2604 36 1679 208 308 177 1153 455 1326 74 21 18391 33 2228 30 43 223 50 9643 202 20 2181 12743 1236 33 178 30 476 26 867 262 26 162 114 3684 732 14546 20 40 3098 156 878 68 21 20 33 35 2467 403 137 28 4598
leaf_count=1015 3018 896 40 578 22 4800 154 30 37 1670 1702 2604 36 1679 208 308 177 1153 455 1326 74 21 18391 33 2228 30 43 223 50 9643 202 20 2181 12743 1236 33 178 30 476 26 867 262 26 162 114 3684 732 14546 20 40 3098 156 878 68 21 20 33 35 2467 403 137 28 4598
internal_value=0 -0.00148147 -0.00189577 -0.000479121 0.00497218 -0.00450435 0.00431961 0.00180756 -0.0118901 0.00313029 0.00689348 0.00549188 -0.0143222 -0.00574076 0.00305349 0.0118381 0.0181942 -0.00292311 0.00828083 0.0157261 0.000506341 -0.0134502 0.00255141 -0.0189064 0.0048478 0.0178565 0.0247592 -0.021724 -0.0490652 -0.00232819 0.00303957 -0.0122089 -0.00534914 -0.00428562 -0.00828024 -0.00317836 0.00576815 -0.0159281 -0.0185337 -0.0502741 -0.0139192 0.0128926 0.00856929 0.0179126 0.0205245 0.00640081 -0.000626608 -0.00103674 -0.00748842 -0.00642483 0.00745136 0.00943942 0.00663603 -0.00967868 -0.025603 -0.0416809 -0.0561132 -0.0361092 -0.010639 0.00419877 -0.00472386 0.0145198 -8.52121e-05
internal_weight=0 78602 74194 48082 23562 26112 22214 11242 990 10252 10972 4408 960 20944 19662 1063 755 28420 3512 1348 5168 368 18599 605 8182 730 498 294 71 25402 232 924 20339 14924 5415 1712 2782 565 532 56 887 2790 1499 1291 1129 6480 5484 15759 1213 1193 4768 1473 1211 333 177 109 89 68 3703 4252 568 165 5330
internal_count=102164 78602 74194 48082 23562 26112 22214 11242 990 10252 10972 4408 960 20944 19662 1063 755 28420 3512 1348 5168 368 18599 605 8182 730 498 294 71 25402 232 924 20339 14924 5415 1712 2782 565 532 56 887 2790 1499 1291 1129 6480 5484 15759 1213 1193 4768 1473 1211 333 177 109 89 68 3703 4252 568 165 5330
is_linear=0
shrinkage=0.03


Tree=51
num_leaves=64
num_cat=0
split_feature=33 28 7 8 28 39 30 4 37 28 11 6 45 45 45 2 2 30 7 2 13 5 30 30 3 45 15 25 33 30 30 28 28 35 25 23 30 5 11 28 6 5 27 9 11 39 9 3 28 31 11 30 7 9 30 37 30 4 2 23 28 8 2
split_gain=842.583 229.53 181.116 162.609 147.753 137.559 120.661 130.089 478.64 265.136 177.159 107.53 101.348 99.3343 92.5787 89.7042 222.719 119.418 201.304 150.459 85.1534 87.9406 106.242 84.692 83.6503 87.4438 80.2165 91.8984 79.0578 77.7046 76.6544 75.7641 152.219 86.0794 75.0831 72.8328 73.2631 70.342 69.8035 67.2348 110.63 65.6049 64.148 89.149 83.7948 57.7439 69.3503 59.0223 88.0607 126.412 57.4986 58.7468 57.3604 56.2774 55.1608 75.6041 82.8424 56.6672 55.1291 55.0094 77.1253 57.8208 76.2328
threshold=4.9000000000000012 46050.000000000007 61.500000000000007 1207.5000000000002 1140525.0000000002 1.5000000000000002 2009.5000000000002 3.0000000000000004 1010045021.0000001 1194976.5000000002 555.50000000000011 4.5000000000000009 10018005002.000002 10219001508.000002 40134001500.500008 10026.500000000002 10467.500000000002 1891.5000000000002 5501.5000000000009 10037.500000000002 19.500000000000004 407.50000000000006 2019.5000000000002 2015.5000000000002 1899.5000000000002 20183017001.000004 10018.500000000002 1.0000000180025095e-35 8.5000000000000018 1941.5000000000002 1860.5000000000002 40511238.500000007 54558495.000000007 136.50000000000003 3.5000000000000004 3.3750000000000004 2020.5000000000002 502.50000000000006 130.50000000000003 1312199.5000000002 2.5000000000000004 102.50000000000001 11364.500000000002 500.50000000000006 424.50000000000006 1.5000000000000002 3.5000000000000004 1894.5000000000002 139035.00000000003 1.7500000000000002 81.500000000000014 1988.5000000000002 7.5000000000000009 33.500000000000007 1887.5000000000002 3002700005.5000005 2005.5000000000002 3.0000000000000004 11376.000000000002 30.500000000000004 104791942.50000001 6438.5000000000009 11203.500000000002
decision_type=8 10 10 10 10 8 10 2 10 10 10 2 8 10 10 2 2 10 10 2 8 2 10 10 2 8 10 8 10 10 10 10 10 10 10 10 10 2 10 8 2 2 10 10 8 10 10 2 10 10 10 10 10 10 10 8 10 2 2 10 10 10 2
left_child=1 24 12 14 20 -6 7 26 9 10 15 -7 -2 -8 30 -9 17 18 19 -17 35 42 -23 59 25 -1 27 41 58 34 -3 33 -33 -10 -30 45 -37 -24 -34 40 -29 -4 44 -44 -22 46 -5 48 49 -47 -41 -52 -32 -11 57 -56 -57 -14 -28 60 61 62 -13
right_child=2 3 6 4 5 11 13 8 31 53 -12 23 54 -15 -16 16 -18 -19 -20 -21 21 22 37 -25 -26 -27 28 39 29 -31 52 32 38 -35 -36 36 -38 -39 -40 50 -42 -43 43 -45 -46 47 -48 -49 -50 -51 51 -53 -54 -55 55 56 -58 -59 -60 -61 -62 -63 -64
leaf_value=-0.060409862155486882 5.4384419586656482e-05 0.019517724280547651 0.028028885690839427 -0.042279820704460146 0.0053129427709599575 0.0071085760517587276 0.018061207404616288 0.037133319801650938 0.028633496440623116 0.063720323922248884 -0.082514851774488182 -0.0067799573396060461 0.019661739768590619 0.0028861212581469189 -0.0025457698416475592 -0.036987048157531281 0.019158602186980154 0.0079467389514096647 0.0155800396722296 -0.1433077177762985 -0.0089383926970037306 -0.00087230784509133644 -0.018345281270798295 0.0066436549952087502 -0.0043271453621630965 -0.013126865322381978 0.0027976648198425511 -0.086005500944923943 0.015715860705108053 0.0048295957802568113 0.019973385307445333 -0.078881545598092281 0.0048201543778181076 -0.013929179283429554 0.0053652488586309038 0.0040687635365334639 -0.027889332873329741 -0.083773202744445635 -0.027869434355593779 0.0019023724066730141 0.0054016928775952417 0.0055186996339259883 0.0045945822760417674 -0.0049257883974842117 0.0024314676469819356 -0.012011593019217252 0.0090494902213763412 -0.003975483492168504 -0.0017489608315130075 -0.085157289111584017 -0.007981826107825692 0.0121149865047512 0.0034706929366298601 0.031364275626206799 0.014858127817050554 0.0062708240553856461 -0.043606636855270595 0.056059684704827223 -0.014130199402260282 0.016742470729722691 -0.02350515241998519 -0.007341802683121324 -0.001848155859537915
leaf_weight=38 662 296 157 25 1548 756 925 72 46 82 21 4370 236 669 2130 23 195 39 23 25 912 10228 50 601 15237 478 4549 22 1484 4667 195 46 75 608 1097 1773 67 21 272 2522 26 452 9153 980 1619 50 452 6946 99 37 1196 147 6794 118 2125 902 31 46 180 106 199 5307 7957
leaf_count=38 662 296 157 25 1548 756 925 72 46 82 21 4370 236 669 2130 23 195 39 23 25 912 10228 50 601 15237 478 4549 22 1484 4667 195 46 75 608 1097 1773 67 21 272 2522 26 452 9153 980 1619 50 452 6946 99 37 1196 147 6794 118 2125 902 31 46 180 106 199 5307 7957
internal_value=0 -0.00149225 0.00495852 -0.000678551 -0.00132107 -0.00329153 0.00377862 0.00308338 -0.00496151 0.0164509 0.00229041 -0.00398181 0.0107778 0.0116922 0.00295586 0.00701431 -9.57505e-05 -0.0342285 -0.0573951 -0.0923624 -5.38795e-05 0.000932509 -0.00112617 -0.00443404 -0.00472944 -0.0166089 0.00388548 0.000481144 0.00517082 0.00713959 0.00456444 -0.0171913 -0.0276018 -0.0109355 0.0113165 -0.00245101 0.00290507 -0.0376972 -0.020804 -0.00120605 -0.0364933 0.0113218 0.00260673 0.00367383 -0.00166546 -0.00374621 0.00635927 -0.00442208 -0.0210997 -0.0431195 -0.000767808 -0.0057821 0.00393113 0.0446303 0.0129033 0.0117325 0.00461359 0.025599 0.00215334 -0.00480517 -0.00493325 -0.00472367 -0.00359651
internal_weight=0 78424 23740 62671 53256 20844 19738 18144 1645 598 398 19296 4002 1594 9415 377 305 110 71 48 32412 22963 10299 18540 15753 516 16499 4522 11977 7248 7285 1047 393 654 2581 9449 1840 71 347 3913 48 609 12664 10133 2531 7609 477 7132 186 87 3865 1343 6989 200 3340 3058 933 282 4729 17939 17833 17634 12327
internal_count=102164 78424 23740 62671 53256 20844 19738 18144 1645 598 398 19296 4002 1594 9415 377 305 110 71 48 32412 22963 10299 18540 15753 516 16499 4522 11977 7248 7285 1047 393 654 2581 9449 1840 71 347 3913 48 609 12664 10133 2531 7609 477 7132 186 87 3865 1343 6989 200 3340 3058 933 282 4729 17939 17833 17634 12327
is_linear=0
shrinkage=0.03


Tree=52
num_leaves=64
num_cat=0
split_feature=33 28 29 28 29 37 4 44 8 36 28 6 26 28 27 23 23 26 31 16 33 16 3 44 28 28 17 33 25 4 23 27 4 16 5 28 8 32 45 23 23 45 28 8 28 23 8 17 35 4 9 6 28 17 39 8 3 29 28 27 3 35 16
split_gain=792.787 215.965 374.452 234.525 198.998 291.642 354.426 193.757 175.217 170.874 164.273 109.69 107.576 163.226 107.471 100.894 102.091 88.8369 87.7969 89.718 86.4225 81.0057 78.7066 83.6076 75.8825 75.4092 71.1949 70.1227 70.0743 67.0811 136.553 66.1071 83.4601 154.59 130.132 64.5334 74.9747 73.966 68.1403 98.7849 62.8883 62.7498 62.0984 58.9128 67.0443 92.3841 225.339 63.9727 55.1853 55.0825 111.387 92.146 67.3004 54.6236 73.8882 53.7829 52.9029 108.284 175.696 51.9439 51.5415 51.497 51.0831
threshold=4.9000000000000012 46050.000000000007 1.0000000180025095e-35 87510.000000000015 13495.000000000002 1008570055.5000001 3.0000000000000004 4055150.0000000005 2983.5000000000005 21701.500000000004 43486875.000000007 40.500000000000007 3.5000000000000004 351900.50000000006 10778385.000000002 6.1050000000000013 1.8000000000000003 1.0000000180025095e-35 4.330000000000001 75.500000000000014 2.2000000000000006 76.500000000000014 1899.5000000000002 2013250.0000000002 3474000.0000000005 58410.000000000007 7360.0000000000009 2.2000000000000006 4.5000000000000009 3.0000000000000004 2.5850000000000004 482625.00000000006 3.0000000000000004 5.5000000000000009 101.50000000000001 4729275.0000000009 1391.5000000000002 9.0000000000000018 10137002500.500002 29.500000000000004 10.250000000000002 30034001006.500004 2623725.0000000005 2271.0000000000005 351900.50000000006 2.2900000000000005 1366.5000000000002 1915.0000000000002 99702.000000000015 3.0000000000000004 132.50000000000003 25.500000000000004 221550.00000000003 6460.0000000000009 9.5000000000000018 8026.5000000000009 2006.5000000000002 22902.000000000004 41707.500000000007 36000.500000000007 2012.5000000000002 61.500000000000007 112.50000000000001
decision_type=8 10 10 10 8 10 2 10 10 8 10 2 10 10 10 10 8 10 10 8 10 10 2 10 10 10 10 10 10 2 8 10 2 10 2 10 10 10 10 10 8 8 10 10 10 10 10 10 10 2 10 2 10 10 10 10 2 10 10 10 2 10 10
left_child=1 22 3 27 5 7 14 31 10 -10 11 43 13 17 -7 16 -11 -5 19 -14 29 42 23 -1 -15 -23 -26 60 40 48 -31 -2 -33 34 -34 -8 37 -37 -39 -40 61 -21 -13 44 45 46 -4 -46 -18 -43 52 -52 -51 -49 -55 -32 57 -24 -59 -47 62 -6 -3
right_child=4 2 8 12 28 6 35 -9 9 15 -12 21 18 24 -16 -17 20 -19 -20 41 -22 25 56 -25 26 -27 -28 -29 -30 30 55 32 33 -35 -36 36 -38 38 39 -41 -42 49 -44 -45 47 59 -48 53 -50 50 51 -53 -54 54 -56 -57 -58 58 -60 -61 -62 -63 -64
leaf_value=-0.076248148038983346 0.0090439729821485716 0.00063194434988803018 -0.0087457448650490148 -0.0058023597842235307 0.010373427354526654 0.006276690688597846 0.02941563620135702 -0.075176592608067111 -0.015681383669424547 0.012162653131520545 0.012102579414828474 -0.022323714348797995 -0.0041460336135786865 0.010709412130274203 0.032663111017841917 0.00037775910498062768 -0.009246353627295251 0.0048478455261554533 -0.049672929447504774 0.029609490785487861 -0.0023728568476053154 -0.053081115545595393 -0.0043319413322463951 -0.01368578009211506 0.038401926259889647 -0.0074862516794911666 -0.0082392476685345176 -0.0058040520799535304 0.00017230263751843514 0.026436398591613397 -0.038751702156177785 0.015264425228707643 0.030731284306492912 0.051689411874860522 -0.052374080831983257 0.037221125224605203 -0.072074709502714024 -0.014003877119904997 -0.014508115117038999 -0.10180386766791344 0.0053816111210701172 0.0047844606459420576 -0.08723767454602889 0.0062008793956060378 -0.0038994453638879953 0.011859678523751962 -0.12633664210072973 0.0019062364859677165 -0.0022991814341446304 -0.018474221751093863 0.012886186150523523 -0.043557591109506869 0.042940607556541048 -0.0052371157596277518 -0.049303481303237223 -0.098299328818917273 0.0067094919250095982 -0.0023125387776282524 -0.1146987338576998 -0.040294704845418104 0.009803687517932062 -0.0031096737910517509 -0.0030014068268600733
leaf_weight=20 1548 13749 44 805 308 2054 29 22 1349 275 842 36 1846 2823 149 2990 5499 5668 31 86 3299 34 14795 496 162 820 36 2111 5495 24 43 2749 43 150 28 24 21 745 28 20 8847 2501 21 990 4316 68 22 5046 1266 26 36 94 42 460 37 20 390 31 21 23 467 1480 4664
leaf_count=20 1548 13749 44 805 308 2054 29 22 1349 275 842 36 1846 2823 149 2990 5499 5668 31 86 3299 34 14795 496 162 820 36 2111 5495 24 43 2749 43 150 28 24 21 745 28 20 8847 2501 21 990 4316 68 22 5046 1266 26 36 94 42 460 37 20 390 31 21 23 467 1480 4664
internal_value=0 -0.00144749 -0.000658195 0.0013939 0.00480976 0.00880857 0.00166669 0.013638 -0.00327864 -0.00550371 -0.000703728 -0.00160856 0.00437803 0.00621064 0.00806134 -0.00448033 -0.00587355 0.00352336 0.000645984 0.00098282 -0.00636217 -0.0116127 -0.00458756 -0.0161107 0.0119686 -0.0093015 0.0299217 -0.00061855 0.00292316 -0.00828288 -0.0344579 0.0140705 0.0166903 0.0344271 -0.00204266 -0.0145818 -0.0161044 -0.0146657 -0.0162361 -0.0508813 0.00434451 0.00438241 -0.0462394 -0.000780493 -0.00147054 -0.0209206 -0.0479427 -0.00116081 -0.00794626 0.00357859 -0.0116532 -0.027927 0.0194585 0.000971598 -0.00851771 -0.0576557 -0.00419733 -0.00448383 -0.0476993 -0.0013222 -3.87519e-05 -0.000787081 -0.000288381
internal_weight=0 78424 62671 35147 23740 7610 3070 4540 27524 14765 12759 11917 14156 9494 2203 13416 10426 6473 4662 4631 10151 911 15753 516 3021 854 198 20991 16130 6852 87 4518 2970 221 71 867 838 817 793 48 10635 2785 57 11006 10016 157 66 9859 6765 2699 198 130 68 5543 497 63 15237 14847 52 91 18880 1788 18413
internal_count=102164 78424 62671 35147 23740 7610 3070 4540 27524 14765 12759 11917 14156 9494 2203 13416 10426 6473 4662 4631 10151 911 15753 516 3021 854 198 20991 16130 6852 87 4518 2970 221 71 867 838 817 793 48 10635 2785 57 11006 10016 157 66 9859 6765 2699 198 130 68 5543 497 63 15237 14847 52 91 18880 1788 18413
is_linear=0
shrinkage=0.03


Tree=53
num_leaves=64
num_cat=0
split_feature=33 36 8 7 15 6 3 17 30 4 11 9 11 11 2 2 32 0 2 3 44 36 36 31 3 9 35 26 3 20 27 23 15 25 14 30 5 4 36 33 30 30 30 25 30 20 23 44 5 32 23 27 7 17 40 12 9 20 7 8 30 9 4
split_gain=745.933 181.524 165.184 162.401 142.588 133.118 130.34 122.348 109.619 116.53 359.874 136.47 154.594 125.151 123.608 108.438 123.265 163.7 168.814 100.856 95.8036 92.2326 92.0596 91.2768 89.8019 89.1457 85.7983 83.9073 82.5665 86.7043 84.3366 89.1409 76.1323 84.2174 75.7016 92.5781 74.2433 81.2088 77.484 72.7521 72.1738 71.8752 71.5894 68.9637 63.2506 63.1842 61.1382 61.0299 60.8716 60.3457 64.614 68.7706 70.1572 59.4486 59.0626 55.8104 56.1383 55.5596 54.4579 52.5446 51.8723 57.2917 53.6099
threshold=4.9000000000000012 44101.500000000007 1207.5000000000002 61.500000000000007 11208.500000000002 4.5000000000000009 2006.5000000000002 605.00000000000011 2009.5000000000002 3.0000000000000004 130.50000000000003 36.500000000000007 552.50000000000011 201.00500000000002 10026.500000000002 11202.000000000002 13.000000000000002 3.5000000000000004 10090.000000000002 1904.5000000000002 1001950.0000000001 31609.500000000004 10703.500000000002 4.330000000000001 1944.5000000000002 2.5000000000000004 32.500000000000007 4.5000000000000009 1867.0000000000002 3.5000000000000004 8550.5000000000018 1.8000000000000003 10018.500000000002 1.0000000180025095e-35 49.500000000000007 2018.5000000000002 313.50000000000006 1.5000000000000002 31609.500000000004 8.5000000000000018 1941.5000000000002 1860.5000000000002 1937.5000000000002 3.5000000000000004 1999.5000000000002 4.5000000000000009 7.2500000000000009 4025200.5000000005 103.50000000000001 1.0000000180025095e-35 20.250000000000004 591570.00000000012 110.50000000000001 8515.0000000000018 14.500000000000002 1091.5000000000002 14.500000000000002 4.5000000000000009 7.5000000000000009 16168.500000000002 1887.5000000000002 66.500000000000014 3.0000000000000004
decision_type=8 10 10 10 10 2 2 10 10 2 10 10 10 10 2 2 8 2 2 2 8 8 10 10 2 10 10 10 2 10 10 10 10 8 8 10 2 2 10 10 10 10 10 10 10 8 10 10 2 8 8 10 10 10 8 10 10 10 10 10 10 10 2
left_child=1 2 41 20 5 -4 34 25 9 32 14 13 27 -12 19 16 26 18 -18 54 -2 28 57 24 -9 -6 -16 -13 30 53 31 -7 33 48 59 -36 -26 38 -38 -34 43 -1 -29 -41 -44 46 -39 58 -5 50 51 52 -35 -30 -11 -49 -57 -10 -43 -3 62 -62 -22
right_child=3 6 4 8 7 21 -8 23 22 10 11 12 -14 -15 15 -17 17 -19 -20 -21 60 -23 -24 -25 36 -27 -28 42 29 -31 -32 -33 39 49 35 -37 37 45 -40 40 -42 47 44 -45 -46 -47 -48 55 -50 -51 -52 -53 -54 -55 -56 56 -58 -59 -60 -61 61 -63 -64
leaf_value=0.016527591178373692 -0.00021248260825486466 -0.0062189407782847865 0.0082115229634184619 0.025885446693405114 -0.0098664141472009324 -0.10006294715031981 0.0069273692309757143 0.00081396667463587869 0.016022367287658722 -0.012516931488432668 0.070384145185351368 -0.0096592001207784911 -0.099240435702460161 -0.0065612092401044295 -0.032044279485940928 0.021994396466201632 -0.018720334255221214 0.037304443120956425 -0.10848133122379129 0.041891104106049418 0.018785805288441794 0.004275634189165759 0.0026134944742445252 -0.04778490277560981 0.001997057097770363 0.0072416298248368267 0.02859457857268197 -0.067674986470390011 -0.0048861559349353363 0.0034871767238023274 -0.01094279548944947 -0.014306767545640468 0.002002226012919551 -0.011106920864840504 -0.0015354250221898678 -0.030608198827598243 -0.020531852829150078 -0.007375146923669842 0.00055410307355132239 0.015027282480988273 0.0045592242440019208 0.019070385012345818 -0.018291271499338301 0.0051074295339231654 -0.055881752828334234 0.0095968025788127961 -0.00011667919329608724 0.0017841768476664799 0.0047796243396491982 0.0010958125062305319 -0.01612718746163681 0.002078190614188583 -0.074299665040203494 -0.048653145967317478 0.034048948322351162 -0.053197213121068974 -0.012120414482003858 0.062271491028368466 0.003005652050196179 0.0055140184291235907 0.0047312750436896301 0.013758695956213804 0.054188258063210093
leaf_weight=357 666 11607 816 171 304 20 957 17265 901 66 30 563 21 52 30 133 44 21 33 177 236 1064 669 37 2766 2789 70 37 11379 1199 1117 24 4729 64 6930 100 163 5522 4153 1484 4667 195 282 1097 47 242 1288 253 438 2777 439 612 21 28 39 36 178 24 7281 354 895 2159 46
leaf_count=357 666 11607 816 171 304 20 957 17265 901 66 30 563 21 52 30 133 44 21 33 177 236 1064 669 37 2766 2789 70 37 11379 1199 1117 24 4729 64 6930 100 163 5522 4153 1484 4667 195 282 1097 47 242 1288 253 438 2777 439 612 21 28 39 36 178 24 7281 354 895 2159 46
internal_value=0 -0.00140406 -0.000561067 0.00466547 -0.00120956 -0.00358526 -0.00387523 -0.000133003 0.00354819 0.00288553 -0.00472858 -0.015543 -0.0187481 0.0215895 0.0134778 0.00104339 -0.0130298 -0.0369407 -0.0571893 0.0280728 0.0101759 -0.00423432 0.011091 -0.000693153 -0.000637661 0.00556014 0.0104029 -0.0169286 -0.00489202 -0.00418695 -0.0125476 -0.0532868 0.00364468 0.000328138 -0.0044196 -0.00194898 -0.00241086 -0.00348337 -0.000242239 0.00489687 0.00678549 0.00335929 -0.0281108 0.0108111 -0.0236613 -0.00546702 -0.00600233 0.00276744 0.0107059 -0.001287 -0.0071119 -0.00143369 -0.0267192 -0.00499359 0.00477897 -0.00775404 -0.0190305 0.0172223 0.00342468 -0.00587169 0.0122499 0.0111131 0.0245607
internal_weight=0 78424 58476 23740 50176 15647 19948 34529 19738 18144 1645 1032 950 82 613 331 198 98 77 282 4002 14831 1594 31436 31399 3093 100 929 13767 12606 1161 44 16499 4522 18991 7030 14134 11368 4316 11977 7248 8300 366 2581 329 7052 6810 7943 609 3913 1136 697 85 11407 105 467 214 925 7476 11961 3336 3054 282
internal_count=102164 78424 58476 23740 50176 15647 19948 34529 19738 18144 1645 1032 950 82 613 331 198 98 77 282 4002 14831 1594 31436 31399 3093 100 929 13767 12606 1161 44 16499 4522 18991 7030 14134 11368 4316 11977 7248 8300 366 2581 329 7052 6810 7943 609 3913 1136 697 85 11407 105 467 214 925 7476 11961 3336 3054 282
is_linear=0
shrinkage=0.03


Tree=54
num_leaves=64
num_cat=0
split_feature=33 28 7 32 26 4 9 20 20 28 33 28 30 4 37 28 35 44 6 23 28 45 16 28 8 3 30 28 9 23 20 3 44 35 26 28 8 23 33 2 2 30 7 2 28 23 35 28 28 7 8 2 30 39 3 3 3 15 8 7 25 4 15
split_gain=701.848 193.766 152.803 144.93 141.485 136.286 207.285 148.118 115.696 137.821 108.695 131.228 103.14 109.643 409.119 231.426 159.945 99.262 147.868 96.2738 90.7439 90.1438 85.5802 84.5403 83.4562 80.794 74.8829 73.3069 82.651 109.866 75.2252 72.1625 77.0825 72.1608 83.8972 88.6294 90.4855 78.0435 73.4454 71.7518 173.224 111.064 150.466 140.468 71.5291 70.5078 70.4533 69.5332 102.103 74.6695 68.902 66.4198 66.3818 63.0314 66.7417 61.1681 61.1175 62.2762 86.0285 84.6136 59.5819 57.5247 56.3749
threshold=4.9000000000000012 46050.000000000007 61.500000000000007 0.75000000000000011 1.0000000180025095e-35 3.0000000000000004 107.50000000000001 3.5000000000000004 3.5000000000000004 725625.00000000012 4.330000000000001 36849802.500000007 2009.5000000000002 3.0000000000000004 1010045021.0000001 1194976.5000000002 555.50000000000011 3080100.0000000005 28.500000000000004 22.250000000000004 19935226.500000004 10018005002.000002 112.50000000000001 410851.50000000006 894.50000000000011 1989.5000000000002 1948.5000000000002 270930.00000000006 3.5000000000000004 2.0750000000000006 5.5000000000000009 1899.5000000000002 2019100.0000000002 121.50000000000001 1.0000000180025095e-35 1256625.5000000002 857.50000000000011 26.500000000000004 8.5000000000000018 10026.500000000002 10467.500000000002 1891.5000000000002 5501.5000000000009 10072.000000000002 104791942.50000001 10.250000000000002 323.50000000000006 34977145.500000007 54558495.000000007 130.50000000000003 613.50000000000011 11415.500000000002 1941.5000000000002 13.500000000000002 1.0000000180025095e-35 1997.5000000000002 1984.5000000000002 10027.500000000002 1094.5000000000002 134.50000000000003 3.5000000000000004 1.5000000000000002 11208.500000000002
decision_type=8 10 10 10 10 2 10 8 10 10 10 10 10 2 10 10 10 10 2 8 10 8 8 10 10 2 10 10 10 8 8 2 8 10 8 8 8 8 10 2 2 10 10 2 10 8 10 10 10 10 10 2 10 10 2 2 2 10 10 10 10 2 10
left_child=1 31 21 4 8 10 23 17 26 -10 11 22 13 33 15 16 39 -8 -19 -9 -14 -2 62 53 61 46 -3 28 29 -5 -29 32 -1 34 -4 50 -37 -38 -35 -15 41 42 43 -41 -26 55 -24 49 -49 -16 -36 -11 60 54 -7 -28 57 58 59 -50 -40 -12 -6
right_child=2 3 12 27 5 6 7 19 9 51 24 -13 20 14 47 -17 -18 18 -20 -21 -22 -23 25 -25 44 -27 45 30 -30 -31 -32 -33 -34 38 35 36 37 -39 52 40 -42 -43 -44 -45 -46 -47 -48 48 56 -51 -52 -53 -54 -55 -56 -57 -58 -59 -60 -61 -62 -63 -64
leaf_value=-0.054836486126864099 -0.0002426860543541903 -0.00075012073672592295 -0.015709474117397083 -0.00013425469685059325 -0.00097950635722484562 -0.032842126255854961 -0.025526034231095212 -0.0068067380449593918 -0.00090643632053698795 0.026653767305994506 0.028183502493720307 0.013277589806162152 0.0042533106937815666 0.034699512713899212 0.039097718381219441 0.041536785760894417 -0.059267021314374037 -0.042486974304275851 -0.12692253183041302 -0.060286649044822241 0.018634650929909763 0.011875163834234811 -3.9837608716464765e-05 0.019880669333302139 -0.0037515393116167033 0.0035050311717113188 -0.0081138818176397613 0.0062188536346889662 1.8126659548822013e-05 -0.092392537186637383 0.02164163501354963 -0.0039626004558118051 -0.011963344127441584 0.0021404497167790554 -0.075973917315048836 0.0084481096539589431 -0.0048481097790730567 0.0038682776553552612 0.014934764423833593 -0.031495556989684703 0.017871449127706 0.016078394776521881 0.014324099974972861 -0.13524577835331791 -0.022001271472480988 -0.00027479289984895234 -0.0068202943761959886 -0.061723585560917851 -0.024068328212578219 -0.011878863547368015 -0.013349015582789434 -0.021830532604030197 0.0045923142042918422 -0.03717330978840918 0.008715340144657361 0.02779177152140196 0.029051431417465207 -0.072581081560679842 0.0032942050002405746 -0.08907627242803573 0.0054540282137388076 0.0031405675394039247 0.0018627467159799034
leaf_weight=41 662 2776 266 26 8652 44 92 278 974 277 95 726 873 72 27 200 35 56 28 34 721 3340 2274 171 6738 1579 6149 1893 576 21 335 15237 475 4783 21 1439 1819 1880 1414 24 192 31 21 23 199 1340 3505 60 182 613 64 28 3781 51 166 43 22 21 102 20 1032 630 22915
leaf_count=41 662 2776 266 26 8652 44 92 278 974 277 95 726 873 72 27 200 35 56 28 34 721 3340 2274 171 6738 1579 6149 1893 576 21 335 15237 475 4783 21 1439 1819 1880 1414 24 192 31 21 23 199 1340 3505 60 182 613 64 28 3781 51 166 43 22 21 102 20 1032 630 22915
internal_value=0 -0.00136194 0.00452551 -0.000614314 -0.000929264 -0.000214165 -0.0116501 -0.0250482 -0.003906 0.00460435 8.2064e-06 0.000640297 0.00344174 0.00279897 -0.00458672 0.0152097 0.00197997 -0.047054 -0.0706322 -0.0126347 0.0107583 0.00987066 0.000404595 0.00348483 -0.00326287 -0.00250901 -0.00496195 0.00599402 -0.0031032 -0.041356 0.00853781 -0.00433626 -0.0153699 0.00353534 0.000725446 0.00156245 0.0020651 -0.000418045 0.00493621 0.00788533 0.00125089 -0.0309829 -0.0524374 -0.0822669 -0.00427506 -0.00651426 -0.00415223 -0.0158935 -0.0255883 -0.00972829 -0.0288211 0.0222027 0.00708364 -0.00725726 8.06147e-06 -0.00786454 -0.0193401 -0.0226159 -0.0191643 -0.0305048 0.0109347 0.00642206 0.00108373
internal_weight=0 78424 23740 62671 59820 48233 920 488 11587 1279 47313 39651 19738 18144 1645 598 398 176 84 312 1594 4002 38925 432 7662 7358 10308 2851 623 47 2228 15753 516 16499 5489 5223 5138 3699 11010 363 291 99 68 47 6937 7532 5779 1047 407 640 85 305 6227 261 210 6192 347 325 304 202 2446 725 31567
internal_count=102164 78424 23740 62671 59820 48233 920 488 11587 1279 47313 39651 19738 18144 1645 598 398 176 84 312 1594 4002 38925 432 7662 7358 10308 2851 623 47 2228 15753 516 16499 5489 5223 5138 3699 11010 363 291 99 68 47 6937 7532 5779 1047 407 640 85 305 6227 261 210 6192 347 325 304 202 2446 725 31567
is_linear=0
shrinkage=0.03


Tree=55
num_leaves=64
num_cat=0
split_feature=6 28 30 8 30 4 9 28 30 20 35 2 31 7 10 4 27 39 23 36 6 7 28 30 9 28 44 4 4 23 20 20 27 27 33 30 12 23 23 28 28 35 35 37 31 4 30 44 39 9 30 30 4 30 20 27 13 27 15 28 45 15 28
split_gain=648.542 200.951 194.928 189.15 173.267 199.907 193.246 170.185 145.32 143.941 99.1775 109.892 96.3623 93.9194 99.7661 102.135 111.63 89.4856 84.2055 82.6755 158.612 117.662 95.1872 89.464 82.8649 144.881 81.8096 73.2377 70.3474 68.3157 70.5551 65.3128 73.4456 63.2756 141.371 76.6875 60.2412 84.4235 62.1542 66.8005 61.1193 84.9172 117.501 60.053 59.7106 59.2262 58.7317 81.6863 57.8902 55.3296 52.8872 71.0745 52.4198 112.332 94.077 81.7038 81.0198 64.5388 50.9032 49.8436 51.8053 49.6403 48.7545
threshold=6.5000000000000009 48990.000000000007 2007.5000000000002 1184.5000000000002 1951.5000000000002 3.0000000000000004 36.500000000000007 1312199.5000000002 1977.5000000000002 4.5000000000000009 151.50000000000003 10090.000000000002 1.0000000180025095e-35 76.500000000000014 106.50000000000001 1.5000000000000002 1242001.0000000002 1.5000000000000002 14.750000000000002 31601.500000000004 17.500000000000004 175.50000000000003 122070.00000000001 1864.5000000000002 5918.5000000000009 96630.000000000015 4004450.5000000005 3.0000000000000004 3.0000000000000004 2.2900000000000005 4.5000000000000009 1.5000000000000002 42300.500000000007 295200.50000000006 4.330000000000001 2020.5000000000002 3002.5000000000005 23.250000000000004 3.8750000000000004 1018125.0000000001 1509311.5000000002 132.50000000000003 1811.0000000000002 2027175068.5000002 4.330000000000001 3.0000000000000004 1899.5000000000002 2034650.0000000002 9.5000000000000018 31.500000000000004 1983.5000000000002 2004.5000000000002 3.0000000000000004 2013.5000000000002 3.5000000000000004 409726.00000000006 19.500000000000004 1188458.5000000002 10001.500000000002 20423702.000000004 10139002500.000002 11434.500000000002 46470.000000000007
decision_type=2 8 8 8 10 2 10 10 10 10 8 2 10 10 8 2 10 10 10 8 2 10 10 10 10 8 10 2 2 10 8 8 10 10 10 10 10 10 10 10 10 10 10 8 10 2 10 10 10 10 10 10 2 10 10 10 10 10 10 10 10 10 10
left_child=2 61 4 12 13 8 -7 19 58 17 59 49 -3 -1 36 -16 -17 28 52 22 21 -21 23 27 25 -22 31 -5 43 30 -24 32 -14 35 -35 -31 40 38 -38 -40 41 -15 -43 -9 48 -26 -25 -48 -32 -12 -11 -52 -19 54 56 -55 -54 -56 -6 60 -4 -2 -63
right_child=1 3 10 7 5 6 -8 9 -10 50 11 -13 26 14 15 16 -18 18 -20 20 24 -23 29 46 45 -27 -28 -29 -30 33 44 -33 -34 34 -36 -37 37 -39 39 -41 -42 42 -44 -45 -46 -47 47 -49 -50 -51 51 -53 53 55 57 -57 -58 -59 -60 -61 -62 62 -64
leaf_value=0.011136381077347221 -0.0035425527864217285 0.017815706903306753 0.0018198364277936746 0.0036779096779292041 -0.018102728422731161 0.067326667308807375 -0.014059074402018815 -0.044843468272260253 0.0065131522410369095 0.02551213908990527 0.051341653509010182 -0.030052341620127359 0.0095906089313163613 0.0041700607020992873 0.035385118279701623 0.0010543568261942189 0.011427939385673999 -0.0044854509548703575 0.0012597990146766952 -0.098210288541657573 0.0006009510230372086 -0.019429992665997247 -0.010082656868188261 0.0039618441463877023 -0.0039871435225268077 0.0064056124035886865 -0.0011117657484131722 -0.062644828972948152 -0.018073199222224855 0.0039229898767807522 0.016420702242531636 0.0040767802712634001 0.035888321542277418 -0.087813951653767028 0.011622998770326376 -0.027543707360074082 0.041317496938181333 -0.025776798198667336 -0.046560560051471953 -0.0015724831439735453 0.0053368488429068137 -0.098542393259704111 -0.015389114342200068 0.0062741208912906318 -0.034772970407239853 -0.032468663528561592 0.00023321465940085893 -0.0086062731957002991 -0.0094233940976014962 0.024501045063546261 -0.032622576375276997 0.013171414728243168 -0.098111263753639322 -0.008572971515945698 -0.0090209505155834611 0.047376031279563899 -0.031184860898590669 -0.066461175352334978 -0.0003810798342632597 0.014340478975606351 0.04772491483584694 -0.008102709309617687 -0.029650984064409774
leaf_weight=2900 17574 426 582 23 150 27 955 21 4287 205 101 27 543 121 117 1649 2152 16574 2417 21 15138 91 843 659 1378 5199 2641 43 124 3822 257 4297 116 22 31 71 29 159 31 711 1686 20 65 1375 31 69 1410 2828 112 219 39 140 27 76 147 34 41 20 5304 1069 23 945 105
leaf_count=2900 17574 426 582 23 150 27 955 21 4287 205 101 27 543 121 117 1649 2152 16574 2417 21 15138 91 843 659 1378 5199 2641 43 124 3822 257 4297 116 22 31 71 29 159 31 711 1686 20 65 1375 31 69 1410 2828 112 219 39 140 27 76 147 34 41 20 5304 1069 23 945 105
internal_value=0 -0.00119196 0.00458542 -0.000362943 0.00370345 0.00107961 -0.0118214 -0.0010095 0.00238017 -0.00309203 0.0134719 0.0280687 0.00393145 0.00662207 0.00467971 0.00777734 0.00692753 -0.00342714 -0.0039781 0.000370705 0.00140824 -0.0342013 -0.00186707 -0.00483739 0.00159132 0.00208487 0.00315289 -0.0395324 0.00358166 0.000973893 -0.00515924 0.00542548 0.0142196 0.00290585 -0.0296527 0.0033491 0.000379039 -0.00587281 -0.0017681 -0.00345204 0.0034521 -0.0119736 -0.0349546 0.00550516 0.00521685 -0.00534528 -0.00436979 -0.00566534 0.00857642 0.0329726 0.0151086 0.00319395 -0.00472637 -0.0163004 -0.0280123 0.00872036 -0.0577586 -0.0159 -0.000868474 0.0104461 0.00356499 -0.00392114 -0.0102575
internal_weight=0 79935 22384 61311 20363 10723 982 53288 9741 21240 2021 347 8023 9640 6740 3918 3801 20856 19336 32048 21896 112 10152 4963 21784 20337 7597 66 1520 5189 1243 4956 659 3946 53 3893 2822 930 771 742 1892 206 85 1396 400 1447 4897 4238 369 320 384 179 16919 345 235 110 68 167 5454 1674 605 18624 1050
internal_count=102319 79935 22384 61311 20363 10723 982 53288 9741 21240 2021 347 8023 9640 6740 3918 3801 20856 19336 32048 21896 112 10152 4963 21784 20337 7597 66 1520 5189 1243 4956 659 3946 53 3893 2822 930 771 742 1892 206 85 1396 400 1447 4897 4238 369 320 384 179 16919 345 235 110 68 167 5454 1674 605 18624 1050
is_linear=0
shrinkage=0.03


end of trees

feature_importances:
assesstot=388
exempttot=284
yearbuilt=222
TAX_CLASS_AT_TIME_OF_SALE=196
assessland=178
landuse=152
Tax_lot=148
numfloors=145
Tax_block=137
taxmap=133
appbbl=122
YEAR_BUILT=92
census_tract_2010=90
healtharea=88
Census_Tract_2020=87
schooldist=86
ZIP_CODE=84
Community_Board=71
postcode=71
bsmtcode=68
cb2010=65
Council_District=64
lottype=61
facilfar=60
bct2020=60
tract2010=53
bctcb2020=53
healthcenterdistrict=52
commfar=42
sanitdistrict=37
policeprct=33
residfar=33
council_district=31
proxcode=15
community_board=14
COUNCIL_DISTRICT=8
BOROUGH=2
areasource=2
pfirm15_flag=1

parameters:
[boosting: gbdt]
[objective: regression]
[metric: l2]
[tree_learner: serial]
[device_type: cpu]
[data_sample_strategy: bagging]
[data: ]
[valid: ]
[num_iterations: 1500]
[learning_rate: 0.03]
[num_leaves: 64]
[num_threads: 0]
[seed: 42]
[deterministic: 0]
[force_col_wise: 0]
[force_row_wise: 0]
[histogram_pool_size: -1]
[max_depth: -1]
[min_data_in_leaf: 20]
[min_sum_hessian_in_leaf: 0.001]
[bagging_fraction: 0.85]
[pos_bagging_fraction: 1]
[neg_bagging_fraction: 1]
[bagging_freq: 5]
[bagging_seed: 400]
[feature_fraction: 0.85]
[feature_fraction_bynode: 1]
[feature_fraction_seed: 30056]
[extra_trees: 0]
[extra_seed: 12879]
[early_stopping_round: 0]
[early_stopping_min_delta: 0]
[first_metric_only: 0]
[max_delta_step: 0]
[lambda_l1: 0]
[lambda_l2: 0]
[linear_lambda: 0]
[min_gain_to_split: 0]
[drop_rate: 0.1]
[max_drop: 50]
[skip_drop: 0.5]
[xgboost_dart_mode: 0]
[uniform_drop: 0]
[drop_seed: 17869]
[top_rate: 0.2]
[other_rate: 0.1]
[min_data_per_group: 100]
[max_cat_threshold: 32]
[cat_l2: 10]
[cat_smooth: 10]
[max_cat_to_onehot: 4]
[top_k: 20]
[monotone_constraints: ]
[monotone_constraints_method: basic]
[monotone_penalty: 0]
[feature_contri: ]
[forcedsplits_filename: ]
[refit_decay_rate: 0.9]
[cegb_tradeoff: 1]
[cegb_penalty_split: 0]
[cegb_penalty_feature_lazy: ]
[cegb_penalty_feature_coupled: ]
[path_smooth: 0]
[interaction_constraints: ]
[verbosity: -1]
[saved_feature_importance_type: 0]
[use_quantized_grad: 0]
[num_grad_quant_bins: 4]
[quant_train_renew_leaf: 0]
[stochastic_rounding: 1]
[linear_tree: 0]
[max_bin: 255]
[max_bin_by_feature: ]
[min_data_in_bin: 3]
[bin_construct_sample_cnt: 200000]
[data_random_seed: 175]
[is_enable_sparse: 1]
[enable_bundle: 1]
[use_missing: 1]
[zero_as_missing: 0]
[feature_pre_filter: 1]
[pre_partition: 0]
[two_round: 0]
[header: 0]
[label_column: ]
[weight_column: ]
[group_column: ]
[ignore_column: ]
[categorical_feature: ]
[forcedbins_filename: ]
[precise_float_parser: 0]
[parser_config_file: ]
[objective_seed: 16083]
[num_class: 1]
[is_unbalance: 0]
[scale_pos_weight: 1]
[sigmoid: 1]
[boost_from_average: 1]
[reg_sqrt: 0]
[alpha: 0.9]
[fair_c: 1]
[poisson_max_delta_step: 0.7]
[tweedie_variance_power: 1.5]
[lambdarank_truncation_level: 30]
[lambdarank_norm: 1]
[label_gain: ]
[lambdarank_position_bias_regularization: 0]
[eval_at: ]
[multi_error_top_k: 1]
[auc_mu_weights: ]
[num_machines: 1]
[local_listen_port: 12400]
[time_out: 120]
[machine_list_filename: ]
[machines: ]
[gpu_platform_id: -1]
[gpu_device_id: -1]
[gpu_use_dp: 0]
[num_gpu: 1]

end of parameters

pandas_categorical:[]
