tree
version=v4
num_class=1
num_tree_per_iteration=1
label_index=0
max_feature_idx=47
objective=regression
feature_names=BOROUGH EASE-MENT ZIP_CODE YEAR_BUILT TAX_CLASS_AT_TIME_OF_SALE Community_Board Council_District Census_Tract_2020 Tax_block Tax_lot community_board census_tract_2010 cb2010 schooldist council_district postcode policeprct healtharea sanitboro spdist3 landuse easements areasource numfloors proxcode lottype bsmtcode assessland assesstot exempttot yearbuilt residfar commfar facilfar borocode tract2010 taxmap appbbl plutomapid sanitdistrict healthcenterdistrict firm07_flag pfirm15_flag notes bct2020 bctcb2020 geom COUNCIL_DISTRICT
feature_infos=[1:5] none [0:11697] [0:2017] [1:4] [101:503] [1:51] [1:157903] [1:16350] [1:7529] [101:503] [1:1621] [2:9000] [1:32] [1:51] [10001:11697] [1:123] [100:9300] [1:5] none [1:11] [0:3] [0:7] [1:90] [0:3] [0:8] [0:5] [0:115634250] [0:794395096] [0:136352796] [0:2025] [0:15] [0:15] [0:15] [1:5] [1:157903] [1:53203] [1000070023:5080460094] [1:2] [1:55] [11:51] [1:1] [1:1] none [1000202:5032300] [10002021002:50323001022] none [1:51]
tree_sizes=5452 5850 5812 5781 5782 5832 5815 5780 5794 5787 5819 5822 5804 5823 5792 5837 5808 5827 5840 5785 5811 5827 5810 5772 5783 5803 5828 5865 5834 5811 5825 5821 5829 5805

Tree=0
num_leaves=64
num_cat=0
split_feature=16 29 29 28 30 28 8 28 5 36 4 27 29 28 9 28 44 9 4 30 40 28 37 4 32 15 26 29 3 28 12 13 12 4 28 29 37 28 8 13 13 7 29 28 29 36 29 26 27 9 27 2 7 30 17 29 27 30 15 7 7 7 32
split_gain=10538.3 2301.43 1785.84 3524.95 1654.19 1536.2 919.691 729.932 719.375 707.456 486.254 495.077 410.418 360.26 547.214 345.973 327.287 303.936 283.387 282.656 273.057 252.116 251.921 435.01 388.237 219.008 252.007 217.267 264.852 212.078 201.148 200.116 199.297 170.238 169.84 167.357 150.181 149.498 158.988 147.328 147.15 134.22 130.354 128.488 143.169 122.8 119.571 118.257 154.05 111.134 148.399 109.415 102.755 100.904 98.9721 254.783 96.5244 95.5344 95.1026 91.8176 155.428 91.1405 90.6664
threshold=33.500000000000007 1.0000000180025095e-35 1.0000000180025095e-35 72990.000000000015 2001.5000000000002 114630.00000000001 2444.5000000000005 44482.500000000007 308.50000000000006 21701.500000000004 3.0000000000000004 1710451.5000000002 4585.0000000000009 556988.50000000012 2800.0000000000005 6290325.0000000009 4048150.0000000005 2800.0000000000005 3.0000000000000004 2013.5000000000002 34.500000000000007 1624499.5000000002 1009165517.0000001 3.0000000000000004 14.500000000000002 10001.500000000002 1.0000000180025095e-35 27495.000000000004 1947.5000000000002 6290325.0000000009 1023.5000000000001 19.500000000000004 3000.5000000000005 3.0000000000000004 35850.000000000007 40494.000000000007 2039290501.0000002 44850.000000000007 5419.5000000000009 26.500000000000004 3.5000000000000004 78.500000000000014 1450845.0000000002 48150.000000000007 22850.500000000004 44103.500000000007 113186.00000000001 2.5000000000000004 22469.500000000004 2800.0000000000005 1710451.5000000002 11354.500000000002 156.50000000000003 1989.5000000000002 315.00000000000006 2032410.5000000002 10374750.500000002 1990.5000000000002 11216.500000000002 211.50000000000003 1133.5000000000002 9.5000000000000018 0.75000000000000011
decision_type=10 8 10 10 10 10 10 10 2 10 2 10 10 10 10 8 10 10 2 10 10 10 10 2 10 8 10 10 2 10 10 10 10 2 10 10 10 10 10 10 10 10 10 10 10 10 10 10 10 10 10 2 10 10 10 10 10 10 10 10 10 10 10
left_child=1 22 3 7 5 12 8 34 62 36 29 17 16 47 21 46 30 -12 52 25 -10 -15 33 40 -25 26 -17 43 59 -6 -4 -9 -32 41 -2 -27 54 38 -18 -33 56 -1 45 44 -14 -11 -3 48 -5 50 -35 -30 -16 -23 55 -8 -24 -48 -49 -29 -61 -31 -7
right_child=2 15 4 13 10 6 9 31 20 42 11 -13 27 14 18 19 37 -19 -20 -21 -22 53 23 24 -26 35 -28 28 51 61 32 39 -34 49 -36 -37 -38 -39 -40 -41 -42 -43 -44 -45 -46 -47 57 58 -50 -51 -52 -53 -54 -55 -56 -57 -58 -59 -60 60 -62 -63 -64
leaf_value=13.272544207809345 13.189335785974233 13.223427030979055 13.025156430018209 13.221242051027522 13.213888639809479 13.219738221700396 13.179152196724782 13.20111345194 13.113810973600367 13.193315348446461 13.224352404997154 13.259208729209144 13.175240293687581 13.246339704477521 13.242445792365654 13.160661783221352 13.051946500081481 13.143602069994831 13.16609389976121 13.265530175486376 13.197205410964886 13.295720610631934 13.25688909544399 13.235618631360735 13.079883673554232 13.24206414902806 13.243011121381032 13.153903626486233 13.141691382656068 13.272678050211457 13.141678361767333 13.216205353463518 13.035622117739878 13.293896404806018 13.199344561282501 13.231382477308461 13.134553432663742 13.179542231042044 13.165999438720922 13.207642097229824 13.222101703907454 13.256326264675007 13.210542079281318 13.209661905154158 13.096399540677888 13.180602796542486 13.196114938084616 13.207076732892473 13.231566589990436 13.257659608530762 13.372578161388208 13.216735613916738 13.221458304771607 13.250559655627951 13.171958413904784 13.047665168800098 13.304552214284069 13.232198413655611 13.223502287793426 13.041611410213459 13.140922323906125 13.228685107965122 13.238884354151359
leaf_weight=1044 2228 1215 39 3002 1736 1268 36 2290 36 4334 54 58 210 727 299 79 22 188 72 250 1917 158 568 34 25 1706 58 20 36 44 52 3131 23 94 4842 5836 140 70 22 4280 108 820 338 90 23 812 296 617 2295 47 28 34 705 62 642 21 41 85 653 37 23 1153 270
leaf_count=1044 2228 1215 39 3002 1736 1268 36 2290 36 4334 54 58 210 727 299 79 22 188 72 250 1917 158 568 34 25 1706 58 20 36 44 52 3131 23 94 4842 5836 140 70 22 4280 108 820 338 90 23 812 296 617 2295 47 28 34 705 62 642 21 41 85 653 37 23 1153 270
internal_value=13.2146 13.2386 13.2068 13.2115 13.1981 13.1923 13.1954 13.2035 13.2078 13.1886 13.2169 13.1805 13.1494 13.2272 13.2382 13.2316 13.1164 13.1616 13.2236 13.2341 13.1957 13.2549 13.2625 13.2479 13.1696 13.2331 13.1955 13.1654 13.1355 13.2206 13.0804 13.2089 13.1092 13.268 13.1962 13.2338 13.1629 13.1523 13.109 13.2113 13.2544 13.2654 13.1925 13.1792 13.1675 13.1913 13.2188 13.2237 13.2257 13.2969 13.312 13.1781 13.2277 13.283 13.1686 13.1307 13.2601 13.2042 13.2155 13.0982 13.0797 13.2303 13.2231
internal_weight=0 12334 39109 25361 13748 10515 9814 16771 3491 6323 3233 300 701 8590 2023 9525 228 242 1076 7929 1953 947 2809 776 59 7679 137 473 150 2933 114 9701 75 2033 7070 7542 839 114 44 7411 717 1864 5484 323 233 5146 1596 6567 5297 169 122 70 1004 220 699 57 609 381 1270 80 60 1197 1538
internal_count=51443 12334 39109 25361 13748 10515 9814 16771 3491 6323 3233 300 701 8590 2023 9525 228 242 1076 7929 1953 947 2809 776 59 7679 137 473 150 2933 114 9701 75 2033 7070 7542 839 114 44 7411 717 1864 5484 323 233 5146 1596 6567 5297 169 122 70 1004 220 699 57 609 381 1270 80 60 1197 1538
is_linear=0
shrinkage=1


Tree=1
num_leaves=64
num_cat=0
split_feature=13 29 29 27 30 20 8 29 5 27 45 4 27 30 44 40 11 4 27 17 17 8 8 12 32 23 15 29 16 25 23 6 27 39 5 29 11 29 30 4 2 30 23 30 23 6 27 44 16 35 7 44 5 30 25 15 44 40 15 13 29 29 11
split_gain=9918.07 2130.31 1705.98 2644.97 1613.18 1088.27 916.391 602.357 591.495 544.329 505.193 434.293 488.361 303.557 284.673 257.15 201.058 191.355 191.304 184.422 212.959 175.011 302.018 170.739 255.823 167.971 196.35 251.932 167.956 165.607 159.491 155.871 149.87 159.816 145.853 144.612 137.824 126.892 125.715 196.029 268.079 163.145 125.558 224.735 193.984 123.542 122.142 119.486 117.408 113.423 138.079 109.946 102.42 102.259 99.6467 100.781 97.9812 97.0241 96.7318 102.977 95.2439 128.789 89.8035
threshold=4.5000000000000009 1.0000000180025095e-35 1.0000000180025095e-35 22469.500000000004 2001.5000000000002 1.5000000000000002 2444.5000000000005 4585.0000000000009 308.50000000000006 13470.000000000002 20286501500.500004 3.0000000000000004 1421997.0000000002 2012.5000000000002 4048150.0000000005 34.500000000000007 279.50000000000006 1.5000000000000002 697518.00000000012 7560.0000000000009 2805.0000000000005 11012.500000000002 8888.5000000000018 3002.5000000000005 9.0000000000000018 7.2500000000000009 10001.500000000002 17235929.000000004 49.500000000000007 1.0000000180025095e-35 8.5000000000000018 44.500000000000007 8249.0000000000018 11.500000000000002 207.50000000000003 53985632.000000007 494.50000000000006 1776705.0000000002 1928.5000000000002 3.0000000000000004 10054.500000000002 1990.5000000000002 2.0750000000000006 1978.5000000000002 4.580000000000001 35.500000000000007 257175.00000000003 3075100.0000000005 61.500000000000007 271.50000000000006 518.50000000000011 5009651.5000000009 407.50000000000006 1987.5000000000002 1.0000000180025095e-35 11212.500000000002 4007600.0000000005 34.500000000000007 11212.500000000002 26.500000000000004 26185.000000000004 42236.000000000007 1225.0050000000003
decision_type=10 8 10 10 10 8 10 10 2 10 10 2 10 10 10 10 10 2 10 10 10 10 10 10 10 8 8 10 10 10 10 2 10 10 2 10 10 10 10 2 2 10 10 10 10 2 10 10 10 10 10 10 2 10 10 10 10 10 10 10 10 10 10
left_child=1 23 3 9 5 7 8 14 34 17 16 30 29 25 31 -10 35 32 42 20 45 22 60 -1 -25 -3 27 -27 -12 -13 56 49 -2 58 -7 -8 -31 52 -28 41 -41 -40 46 44 -44 -11 57 -22 -45 -4 -51 -16 -30 -20 -46 -56 -6 -5 -34 -60 -9 62 -62
right_child=2 13 4 18 11 6 10 21 15 19 28 12 -14 -15 51 -17 -18 -19 53 -21 47 -23 -24 24 -26 26 38 -29 37 36 -32 -33 33 -35 -36 -37 -38 -39 39 40 -42 -43 43 48 54 -47 -48 -49 -50 50 -52 -53 -54 -55 55 -57 -58 -59 59 -61 61 -63 -64
leaf_value=0.052820970053493725 -0.017536666674275569 0.0070549197951778218 -0.1117874150252656 -0.0024857168280503165 0.0049426392260682218 -0.0078474115479869253 -0.039801656426861877 -0.026583522172335828 -0.097717934201161066 0.0052579401658567199 -0.052850048380841043 -0.071924284073391131 0.044281034870225874 0.046619481449212623 -0.034208288757469167 -0.016791110248208899 -0.14443534094095228 0.0069001668265169297 0.077391570533690002 0.012788162917738497 0.0011706576809538435 -0.0089812669573727869 -0.12607796345133243 0.039888500895328832 -0.039160813047335701 0.030479913628415053 0.024993402260438377 -0.052272651572770709 -0.019707073236803655 0.0076278254091739659 0.0157042002218769 -0.061303470422598441 -0.0099690500417707623 -0.014969376334117185 0.011202693150753854 -0.07363427576602706 -0.062275557995519849 -0.00033295500548914648 0.014782427766234972 0.00052482149104447404 -0.12110660193754093 0.029714063231253893 0.020851293584035407 -0.012846096223361338 0.017375583942406455 -0.0074299055128366947 0.040418289703989606 -0.013549779225074495 0.012662497025159239 -0.22267170137372511 -0.12020818266738205 -0.094756767885443169 -0.028406278616349305 0.031224937812816461 0.068999900068574677 0.025446456428895245 -0.010117109566871759 0.011905909989185741 0.0046565230663576729 -0.0081960026994924474 -0.095390474255872909 -0.022996786660193627 -0.023638656724244356
leaf_weight=1883 3182 1481 38 597 1524 509 480 202 36 2718 163 140 61 307 55 1922 20 507 58 796 691 131 41 667 39 57 2094 79 3305 60 1003 22 3736 3657 1250 149 44 234 4290 73 21 778 1577 198 78 926 108 1761 903 29 20 53 1929 169 167 67 522 1435 1068 1182 73 58 20
leaf_count=1883 3182 1481 38 597 1524 509 480 202 36 2718 163 140 61 307 55 1922 20 507 58 796 691 131 41 667 39 57 2094 79 3305 60 1003 22 3736 3657 1250 149 44 234 4290 73 21 778 1577 198 78 926 108 1761 903 29 20 53 1929 169 167 67 522 1435 1068 1182 73 58 20
internal_value=0 0.0240695 -0.00729043 -0.00267303 -0.0156717 -0.0213441 -0.0187423 -0.0563983 -0.00693606 -0.00763781 -0.0257301 0.00249018 -0.0316417 0.0172913 -0.0984415 -0.018279 -0.0507935 -0.0111765 0.0160702 -0.000792494 -0.00256582 -0.0390204 -0.049008 0.0481036 0.0355218 0.0162765 0.0181241 -0.0175896 -0.0228414 -0.0506224 0.00590448 -0.132644 -0.0118911 -0.0100282 0.00569018 -0.0478161 -0.0219467 -0.0219469 0.0187935 0.0162784 -0.0266482 0.0170746 0.0148777 0.0188483 0.0251274 0.00203375 0.00932999 -0.0094014 0.00807512 -0.150685 -0.18085 -0.0639219 -0.0229132 0.0430208 0.046741 0.0565295 0.00110042 0.00767766 -0.0070095 -0.00209534 -0.0400566 -0.0580801 -0.07996
internal_weight=0 11769 39674 25581 14093 10739 9997 742 3717 20224 6280 3354 305 9180 217 1958 649 13332 5357 6892 6096 525 394 2589 706 8873 7392 136 5631 244 3049 109 12825 9643 1759 629 104 5468 7256 5162 94 5068 5130 2990 1889 3644 2140 2452 1101 87 49 108 5234 227 312 234 2046 2032 5986 2250 353 151 93
internal_count=51443 11769 39674 25581 14093 10739 9997 742 3717 20224 6280 3354 305 9180 217 1958 649 13332 5357 6892 6096 525 394 2589 706 8873 7392 136 5631 244 3049 109 12825 9643 1759 629 104 5468 7256 5162 94 5068 5130 2990 1889 3644 2140 2452 1101 87 49 108 5234 227 312 234 2046 2032 5986 2250 353 151 93
is_linear=0
shrinkage=0.03


Tree=2
num_leaves=64
num_cat=0
split_feature=16 29 29 28 30 28 28 36 5 45 5 4 27 29 28 9 28 44 9 4 30 37 20 32 28 37 20 29 3 28 12 12 36 29 28 20 28 29 29 28 36 5 27 29 20 29 17 16 27 20 4 37 29 20 28 37 27 7 2 39 30 3 28
split_gain=9332.47 2039.55 1580.6 3154.55 1464.34 1368.98 665.069 515.624 744.789 558.85 440.701 430.744 438.08 362.456 319.89 504.866 315.989 292.178 274.637 267.468 265.698 231.554 582.212 262.332 230.352 225.003 211.535 198.361 253.601 190.896 185.62 188.07 177.979 160.232 151.666 150.53 148.793 268.142 138.977 138.853 136.024 134.613 128.847 123.855 113.722 113.514 216.445 112.402 121.491 104.829 213.036 98.1218 134.347 97.8951 114.529 95.1353 94.4913 93.7595 93.0856 92.9183 90.8131 87.9425 104.223
threshold=33.500000000000007 1.0000000180025095e-35 1.0000000180025095e-35 72990.000000000015 2001.5000000000002 114630.00000000001 44130.000000000007 21701.500000000004 308.50000000000006 20084001500.500004 211.50000000000003 3.0000000000000004 1710451.5000000002 4585.0000000000009 556988.50000000012 2800.0000000000005 2755416.5000000005 4048150.0000000005 2800.0000000000005 3.0000000000000004 2013.5000000000002 1009165517.0000001 4.5000000000000009 14.500000000000002 1624499.5000000002 3015830011.5000005 2.5000000000000004 28566.500000000004 1947.5000000000002 6290325.0000000009 1023.5000000000001 3000.5000000000005 31604.500000000004 40494.000000000007 35850.000000000007 4.5000000000000009 49050.000000000007 23355.000000000004 112226468.00000001 44850.000000000007 43902.500000000007 407.50000000000006 1964929.0000000002 40915.000000000007 4.5000000000000009 580333.50000000012 315.00000000000006 47.500000000000007 22469.500000000004 4.5000000000000009 3.0000000000000004 1015090028.5000001 39066041.500000007 1.5000000000000002 127890.00000000001 3087200107.5000005 1710451.5000000002 156.50000000000003 11354.500000000002 17.500000000000004 1989.5000000000002 1911.5000000000002 265710.00000000006
decision_type=10 8 10 10 10 10 10 10 2 10 2 2 10 10 10 10 8 10 10 2 10 10 10 10 10 8 8 10 2 10 10 10 10 10 10 10 10 10 10 10 10 2 10 10 8 10 10 10 10 10 2 8 10 8 10 10 10 10 2 10 10 2 10
left_child=1 21 3 6 5 13 34 9 10 -7 -9 29 18 17 47 24 -3 30 -13 57 33 26 42 -24 -16 -10 -1 36 43 -6 -4 -32 -8 -18 -2 -28 37 -15 51 -19 59 49 -23 -29 -21 -11 -47 -5 61 50 55 -35 -53 54 -50 -27 -37 -17 -30 -34 -26 62 -49
right_child=2 16 4 14 11 7 32 8 25 45 -12 12 -14 27 15 19 20 39 -20 44 -22 22 23 -25 60 41 35 28 58 -31 31 -33 40 38 -36 56 -38 -39 -40 -41 -42 -43 -44 -45 -46 46 -48 48 53 -51 -52 52 -54 -55 -56 -57 -58 -59 -60 -61 -62 -63 -64
leaf_value=0.033207880054690234 -0.024033249251252026 -0.0024222078489294693 -0.17952842789487194 -0.0097039716437851125 -0.00067555655381284986 -0.0081871345342769651 -0.012675736392341578 -0.021765026069516615 -0.10669847174858053 -0.040979344621905937 0.0097774597455106641 0.0098221105357839001 0.041989454966166927 -0.037264118881219541 0.030202518770944559 0.026389704976031512 0.023682965576626237 -0.10028177630759522 -0.066937532831141913 -0.071740341819822792 0.047216555002725348 0.02569394356542555 -0.00028105846473148891 -0.14851937449791214 0.077312452466126905 -0.018623592792533908 0.053147746837261665 -0.14931282980324223 -0.071520124577706845 0.014896799858207556 -0.067243334544965852 -0.17026908372812297 0.0028484470845691876 0.01890759795343214 -0.014507472889686677 0.071395628083264454 -0.0046091303917077872 -0.14496511088117309 -0.043695441967732195 -0.032271358363330366 -0.0072158859955098499 -0.025850294683831279 0.050906075637852932 -0.063064208600832061 0.011209286525845527 -0.15799473694392613 -0.058743340584193969 0.00062373431041874879 0.012787560693502516 0.032094760120201571 -0.085372009708023652 0.011943853352267761 -0.044046036784465496 0.0089868411242035439 0.030852612531674442 -0.0066042908494544743 0.13047270821297871 0.0063419601243147822 0.0019983880354031442 -0.010160804583088835 0.034469198072629589 0.0087160485392212671 -0.039620829316028838
leaf_weight=488 2228 769 39 285 1736 393 2343 558 27 377 1396 54 58 218 727 299 2199 44 188 51 265 391 21 22 158 3639 1425 43 31 1197 52 23 3181 2716 4631 86 104 23 37 70 3803 2276 342 23 21 21 339 879 769 39 41 3500 39 1509 536 708 34 705 31 585 62 2527 62
leaf_count=488 2228 769 39 285 1736 393 2343 558 27 377 1396 54 58 218 727 299 2199 44 188 51 265 391 21 22 158 3639 1425 43 31 1197 52 23 3181 2716 4631 86 104 23 37 70 3803 2276 342 23 21 21 339 879 769 39 41 3500 39 1509 536 708 34 705 31 585 62 2527 62
internal_value=0 0.0226407 -0.0072883 -0.00284781 -0.0154797 -0.0209087 -0.01042 -0.0180157 -0.0155352 -0.0370784 0.000769933 0.00217762 -0.0320616 -0.0614109 0.0119361 0.0223667 0.0160158 -0.0924818 -0.0498093 0.00830692 0.0176351 0.045105 0.0311635 -0.0761239 0.0383418 -0.0202692 0.0504265 -0.0464339 -0.0783289 0.00567975 -0.126443 -0.0988379 -0.00545041 0.0167119 -0.0176017 0.0558651 -0.0346004 -0.0475426 0.0142756 -0.058521 -0.00321379 -0.0199211 0.0374573 -0.119256 -0.0475467 -0.0524845 -0.064533 0.00872291 0.0095589 -0.0168727 -0.017308 0.0146185 0.0113268 0.0141904 0.0202074 -0.016666 0.0881341 0.0123124 -0.0347609 0.000827626 0.0652384 0.00580081 -0.00202787
internal_weight=0 12334 39109 25361 13748 10515 16771 9814 8684 1130 1954 3233 300 701 8590 2023 9525 228 242 1076 8756 2809 776 43 947 6730 2033 473 128 2933 114 75 9912 8491 6859 1545 345 241 6292 114 7569 6703 733 66 72 737 360 6567 6282 4427 4388 6255 3539 2814 1305 4347 120 1004 62 3766 220 3468 941
internal_count=51443 12334 39109 25361 13748 10515 16771 9814 8684 1130 1954 3233 300 701 8590 2023 9525 228 242 1076 8756 2809 776 43 947 6730 2033 473 128 2933 114 75 9912 8491 6859 1545 345 241 6292 114 7569 6703 733 66 72 737 360 6567 6282 4427 4388 6255 3539 2814 1305 4347 120 1004 62 3766 220 3468 941
is_linear=0
shrinkage=0.03


Tree=3
num_leaves=64
num_cat=0
split_feature=13 29 29 28 30 28 8 28 36 5 4 27 29 28 9 11 2 30 26 28 4 4 28 15 26 29 3 13 28 12 32 28 29 12 12 13 5 20 4 13 28 29 29 17 11 8 20 28 28 29 12 27 6 26 27 30 7 36 9 2 9 30 2
split_gain=8791.08 1886.74 1511.84 3111.85 1431.68 1315.59 782.123 626.166 596.057 528.662 403.657 443.442 387.08 312.269 559.757 277.916 326.08 269.805 267.175 250.071 247.281 241.311 181.518 186.083 213.747 169.688 260.768 169.238 158.417 154.154 230.789 148.15 147.167 145.071 215.081 161.899 143.613 127.112 147.103 121.944 116.061 126.694 113.499 218.946 111.087 173.947 107.001 103.169 103.111 101.326 133.6 111.052 100.664 100.035 141.897 94.0291 94.0132 91.9634 97.1443 91.1266 90.8196 89.1808 118.692
threshold=4.5000000000000009 1.0000000180025095e-35 1.0000000180025095e-35 72990.000000000015 2002.5000000000002 114630.00000000001 2444.5000000000005 44482.500000000007 21701.500000000004 308.50000000000006 3.0000000000000004 1421997.0000000002 4585.0000000000009 556988.50000000012 2800.0000000000005 494.50000000000006 10309.500000000002 2012.5000000000002 4.5000000000000009 1624499.5000000002 3.0000000000000004 3.0000000000000004 6290325.0000000009 10001.500000000002 1.0000000180025095e-35 27495.000000000004 1947.5000000000002 19.500000000000004 6290325.0000000009 3002.5000000000005 9.0000000000000018 35850.000000000007 6877.5000000000009 3000.5000000000005 1546.0000000000002 27.500000000000004 207.50000000000003 4.5000000000000009 3.0000000000000004 26.500000000000004 48150.000000000007 22850.500000000004 580333.50000000012 315.00000000000006 210.01500000000001 6733.5000000000009 4.5000000000000009 59610.000000000007 915290.50000000012 211305.50000000003 1003.5000000000001 267075.00000000006 15.500000000000002 2.5000000000000004 22469.500000000004 1989.5000000000002 156.50000000000003 43751.500000000007 2800.0000000000005 11354.500000000002 47.500000000000007 2000.5000000000002 10026.500000000002
decision_type=10 8 10 10 10 10 10 10 10 2 2 10 10 10 10 10 2 10 10 10 2 2 8 8 10 10 2 10 10 10 10 10 8 10 10 10 2 10 2 10 10 10 10 10 10 10 8 10 10 10 10 10 2 10 10 10 10 10 10 2 10 8 2
left_child=1 29 3 7 5 12 9 31 42 36 28 18 15 53 19 16 -4 22 48 52 56 -11 49 24 -24 40 44 -9 -6 -1 -31 -2 -25 34 35 -18 -7 38 57 -29 41 -14 -8 -44 -27 -46 -22 -17 -12 -3 51 -51 -15 54 -5 -21 -16 58 -10 -28 -36 -34 -63
right_child=2 17 4 13 10 6 8 27 37 21 11 -13 25 14 20 47 33 -19 -20 55 46 -23 23 32 -26 26 59 39 -30 30 -32 -33 61 -35 60 -37 -38 -39 -40 -41 -42 -43 43 -45 45 -47 -48 -49 -50 50 -52 -53 -54 -55 -56 -57 -58 -59 -60 -61 -62 62 -64
leaf_value=0.049761680262304243 -0.023286996490776746 0.0083564657765535059 -0.037467671427875757 0.006241274573648938 2.5922635873339075e-06 -0.0080788598975982499 -0.036904757586468932 -0.012271950279098597 -0.020479497002475061 -0.015983045571484576 -0.037180527766923537 0.041737248096309722 -0.035728915445133166 0.056977283573039224 0.025598013648456878 -0.021603855880407186 -0.23150158122181891 0.043931604023865069 -0.065698143815930504 0.077178850069380647 -0.069588131220901711 -0.10979010494649409 -0.049613725263861159 0.037455744843742034 0.026227355977391887 -0.05516817103475332 -0.061870590613076558 0.0015535383121429069 0.013999584896746312 0.037471722075478289 -0.037610225047056488 -0.013940881418343558 0.015356388566430778 -0.19901942030366124 -0.033841322977905687 -0.11079154223576189 0.010708156788140872 0.024106666994409571 -0.075172831312837918 -0.0062371522959429482 -0.0030801151806468165 -0.10986012139398119 -0.15325489589146205 -0.053675815579758306 -0.18195363057102878 -0.075091173008370857 0.010873007721134595 -0.090747591663272148 0.047247795745730396 -0.013983474906001773 -0.0013903502905408718 -0.111547734609672 0.025526462514151135 0.0012868914624280261 0.016061524455236696 0.034789792927268602 0.0057878690846234994 -0.028777650097254481 -0.0092733813041921721 0.0047359177873780326 -0.12125239942967893 0.036799382513913258 0.017120501029872916
leaf_weight=1883 2229 1169 36 3019 1708 512 448 2293 3638 1929 23 61 212 107 299 52 20 307 187 171 51 25 79 327 58 25 38 3131 1268 667 39 4843 5880 29 23 20 1286 58 44 4280 91 23 21 370 29 26 21 31 30 21 133 21 636 1304 2359 65 773 913 861 36 20 437 748
leaf_count=1883 2229 1169 36 3019 1708 512 448 2293 3638 1929 23 61 212 107 299 52 20 307 187 171 51 25 79 327 58 25 38 3131 1268 667 39 4843 5880 29 23 20 1286 58 44 4280 91 23 21 370 29 26 21 31 30 21 133 21 636 1304 2359 65 773 913 861 36 20 437 748
internal_value=0 0.0226608 -0.00686368 -0.00251694 -0.0147537 -0.0200169 -0.0172415 -0.0100973 -0.0236556 -0.00638106 0.00261782 -0.0304894 -0.0594608 0.0119259 0.0219489 -0.091369 -0.116011 0.0162819 -0.048847 0.0386009 0.00769857 -0.0171832 0.0153252 0.0171381 -0.0175058 -0.044105 -0.0700573 -0.00514947 0.00596636 0.0452793 0.0333241 -0.0168867 0.0177802 -0.141257 -0.121075 -0.171147 0.00535835 -0.0200711 -0.0205408 -0.00294574 -0.0318454 -0.0429843 -0.047213 -0.0590241 -0.107603 -0.131437 -0.0461203 -0.0474286 0.0106091 0.00516937 -0.0161204 -0.0627656 0.0300557 0.00874134 0.0105488 0.0655039 0.0113133 -0.0200966 -0.0183349 -0.0294674 -0.0744976 0.0168695 0.0243776
internal_weight=0 11769 39674 25581 14093 10816 10105 16776 6353 3752 3277 301 711 8805 2123 231 148 9180 240 979 1144 1954 8873 7529 137 480 154 9704 2976 2589 706 7072 7392 112 83 40 1798 5514 5456 7411 326 235 839 391 80 55 72 83 53 1344 175 42 743 6682 5378 236 1072 5412 4499 74 43 7065 1185
internal_count=51443 11769 39674 25581 14093 10816 10105 16776 6353 3752 3277 301 711 8805 2123 231 148 9180 240 979 1144 1954 8873 7529 137 480 154 9704 2976 2589 706 7072 7392 112 83 40 1798 5514 5456 7411 326 235 839 391 80 55 72 83 53 1344 175 42 743 6682 5378 236 1072 5412 4499 74 43 7065 1185
is_linear=0
shrinkage=0.03


Tree=4
num_leaves=64
num_cat=0
split_feature=13 29 29 28 30 28 8 28 36 5 4 27 29 28 26 2 30 26 4 28 28 15 26 36 37 20 32 20 28 28 8 44 29 5 28 37 8 4 20 20 4 37 37 29 3 30 2 39 29 29 28 29 12 20 28 6 39 26 28 20 29 29 12
split_gain=8271.53 1775.23 1422.49 2927.94 1347.07 1237.83 735.9 589.516 560.83 497.418 379.801 417.235 365.759 293.814 496.8 265.317 254.348 251.385 227.049 212.153 173.077 175.807 201.115 157.548 155.381 587.534 230.48 206.924 149.054 142.869 144.172 138.696 137.44 135.126 133.544 132.911 127.672 122.291 180.245 119.6 138.409 120.702 116.196 143.165 201.266 109.54 104.211 103.569 101.53 180.322 129.28 120.188 99.9125 98.9027 97.0176 96.196 94.2862 94.123 136.523 109.117 93.7523 92.096 107.168
threshold=4.5000000000000009 1.0000000180025095e-35 1.0000000180025095e-35 72990.000000000015 2002.5000000000002 114630.00000000001 2444.5000000000005 44130.000000000007 21701.500000000004 308.50000000000006 3.0000000000000004 1421997.0000000002 1460.0000000000002 556988.50000000012 4.5000000000000009 10309.500000000002 2013.5000000000002 4.5000000000000009 3.0000000000000004 1624499.5000000002 6290325.0000000009 10001.500000000002 1.0000000180025095e-35 31604.500000000004 1009165517.0000001 4.5000000000000009 14.500000000000002 4.5000000000000009 6290325.0000000009 46830.000000000007 5653.5000000000009 4047250.0000000005 6877.5000000000009 207.50000000000003 35850.000000000007 2039290501.0000002 7740.0000000000009 3.0000000000000004 4.5000000000000009 4.5000000000000009 3.0000000000000004 4094030026.5000005 3076000041.0000005 27495.000000000004 1947.5000000000002 1989.5000000000002 11354.500000000002 3.5000000000000004 4585.0000000000009 3533.5000000000005 48150.000000000007 22850.500000000004 2001.5000000000002 2.5000000000000004 915290.50000000012 15.500000000000002 10.500000000000002 2.5000000000000004 136770.00000000003 1.5000000000000002 40915.000000000007 211305.50000000003 1003.5000000000001
decision_type=10 8 10 10 10 10 10 10 10 2 2 10 10 10 10 2 10 10 2 10 8 8 10 10 10 10 10 10 10 10 10 10 8 2 10 10 10 2 8 10 2 8 10 10 2 10 2 10 10 10 10 10 10 8 10 2 10 10 10 8 10 10 10
left_child=1 24 3 7 5 12 9 34 35 33 28 17 15 57 19 -4 20 54 -11 55 61 22 -22 -9 27 -26 -27 53 -6 30 -17 52 -23 -7 -2 -8 47 56 -39 40 41 -10 43 48 60 -21 -46 -25 49 -14 51 -50 -31 -1 -12 -15 -16 58 -5 -60 -45 -3 -63
right_child=2 16 4 13 10 6 8 23 39 18 11 -13 42 14 37 29 -18 -19 -20 45 21 32 -24 36 25 26 -28 -29 -30 31 -32 -33 -34 -35 -36 -37 -38 38 -40 -41 -42 -43 -44 44 46 -47 -48 -49 50 -51 -52 -53 -54 -55 -56 -57 -58 -59 59 -61 -62 62 -64
leaf_value=0.032473768934484774 -0.022588386567755102 0.0081057717706159646 -0.014611776653263304 0.0070829696505293246 2.5145762683635587e-06 -0.0078364941369818558 -0.040452890936165345 -0.011908886029216139 -0.0099541447336490806 -0.01550355400830818 -0.036065112569409863 0.040485131449875283 -0.033578253942541776 0.056430420646968397 0.015300254484224599 -0.21632206419313493 0.044645045956366515 -0.063727199797254594 -0.10649640478491783 0.076586292767785044 -0.048125313565700864 0.036332071348341231 0.025440535588984795 -0.0047792466885189198 0.038777703782385688 -0.003294267117977142 -0.14400777449662033 0.088291567051275208 0.013579597494794522 -0.16926148042082784 -0.10503089253231883 -0.042654661577323387 0.01643993521227639 0.010386911937447554 -0.013651469528797205 -0.072477235615253446 -0.0076257590719439787 -0.058880343404081131 0.027781199868768452 0.023383466336747698 -0.072917645767923783 -0.02159782353796412 0.0026365273218252696 -0.13053009688026376 -0.07521619041915982 0.030123879107690987 0.0013467249803943559 0.0044490423613791422 -0.03803339600766157 -0.12467666201970795 -0.0029877114832237523 -0.11214244719256054 -0.08437787445118794 0.049606813740551599 0.045830363720655444 0.024655556035806967 -0.0099293649016865809 0.0012482846305593832 0.027693414240888316 0.011576617011496893 -0.058203714413811329 -0.054454560546285433 -0.0013833437091293559
leaf_weight=387 2229 1169 27 3750 1708 512 699 2346 978 1929 23 61 48 103 1036 22 267 187 25 166 79 327 58 1997 649 20 22 110 1268 24 20 29 7100 1286 4632 140 3150 54 36 58 44 4434 40 54 32 63 32 2422 188 33 91 22 26 1401 30 512 153 1304 597 1031 23 46 134
leaf_count=387 2229 1169 27 3750 1708 512 699 2346 978 1929 23 61 48 103 1036 22 267 187 25 166 79 327 58 1997 649 20 22 110 1268 24 20 29 7100 1286 4632 140 3150 54 36 58 44 4434 40 54 32 63 32 2422 188 33 91 22 26 1401 30 512 153 1304 597 1031 23 46 134
internal_value=0 0.021981 -0.00665777 -0.00244143 -0.0143111 -0.0194164 -0.0167243 -0.00979441 -0.0229459 -0.00618963 0.00253929 -0.0295747 -0.057677 0.0115681 0.0212904 -0.099644 0.0157934 -0.0473816 -0.0166677 0.0391553 0.0149291 0.0166946 -0.0169806 -0.00511628 0.0439209 0.0317405 -0.0770013 0.0483554 0.00578737 -0.118618 -0.163326 -0.0948492 0.0173158 0.0051976 -0.0165549 -0.0457966 -0.00301093 0.00950153 -0.0242157 -0.019469 -0.0199245 -0.0194937 -0.0466449 -0.050414 -0.0762492 0.0638041 -0.0369347 0.000278666 -0.040878 -0.0706924 -0.0328548 -0.0457972 -0.125122 0.0458985 0.0102908 0.0299772 0.0120537 0.0084791 0.0102324 0.0174868 -0.108926 0.00502993 -0.014946
internal_weight=0 11769 39674 25581 14093 10816 10105 16776 6353 3752 3277 301 711 8805 2123 148 9180 240 1954 844 8913 7564 137 9915 2589 691 42 1898 2976 121 42 79 7427 1798 6861 839 7569 1279 90 5514 5456 5412 563 523 141 229 64 4419 382 81 301 210 50 1788 53 615 1189 6682 5378 1628 77 1349 180
internal_count=51443 11769 39674 25581 14093 10816 10105 16776 6353 3752 3277 301 711 8805 2123 148 9180 240 1954 844 8913 7564 137 9915 2589 691 42 1898 2976 121 42 79 7427 1798 6861 839 7569 1279 90 5514 5456 5412 563 523 141 229 64 4419 382 81 301 210 50 1788 53 615 1189 6682 5378 1628 77 1349 180
is_linear=0
shrinkage=0.03


Tree=5
num_leaves=64
num_cat=0
split_feature=16 28 28 20 30 26 25 4 30 25 28 35 37 33 20 12 25 28 4 15 26 28 37 4 35 20 37 4 30 4 13 3 4 7 25 26 45 23 20 30 37 15 30 28 2 30 36 11 14 30 24 23 20 5 37 4 11 7 2 3 17 25 7
split_gain=7552.8 1180.4 937.528 1085.31 753.544 627.556 530.963 721.426 404.005 349.689 334.234 318.333 345.526 293.863 229.884 222.676 221.142 216.93 256.75 212.193 204.517 199.754 187.751 175.185 245.064 165.664 156.053 151.731 148.373 146.698 146.123 142.716 177.283 141.492 135.993 132.857 124.213 122.97 118.396 103.97 103.937 97.0598 104.087 101.951 111.398 95.4855 94.4899 91.7693 82.0493 78.3378 69.5786 68.3817 68.0936 93.9654 413.712 305.901 282.973 142.93 142.687 115.207 83.4312 86.9245 81.4355
threshold=24.500000000000004 53250.000000000007 1323122.0000000002 3.5000000000000004 2006.5000000000002 3.5000000000000004 1.0000000180025095e-35 3.0000000000000004 1923.5000000000002 3.5000000000000004 74190.000000000015 256.50000000000006 2045785013.0000002 6.2500000000000009 4.5000000000000009 2000.5000000000002 1.0000000180025095e-35 43486875.000000007 3.0000000000000004 10001.500000000002 2.5000000000000004 36990.000000000007 4067140501.5000005 3.0000000000000004 136.50000000000003 4.5000000000000009 3057435016.0000005 1.5000000000000002 1989.5000000000002 3.0000000000000004 19.500000000000004 1946.5000000000002 3.0000000000000004 799.50000000000011 4.5000000000000009 1.0000000180025095e-35 40384001002.500008 14.750000000000002 2.5000000000000004 1870.5000000000002 4083100337.5000005 11105.500000000002 2019.5000000000002 109470.00000000001 11231.500000000002 1911.5000000000002 10101.500000000002 682.50000000000011 4.5000000000000009 1877.5000000000002 1.0000000180025095e-35 4.1250000000000009 3.5000000000000004 109.50000000000001 1.0000000180025095e-35 3.0000000000000004 106.01500000000001 14607.500000000002 10467.500000000002 1914.5000000000002 4150.0000000000009 1.0000000180025095e-35 221.50000000000003
decision_type=10 10 10 10 10 10 10 2 8 10 10 10 8 10 10 10 10 10 2 8 10 10 8 2 10 10 10 2 10 2 10 2 2 10 10 10 10 10 10 10 8 10 10 10 2 10 8 10 10 10 10 8 8 2 10 2 10 10 2 2 8 10 10
left_child=4 21 10 6 8 28 7 22 14 17 36 30 13 15 16 -13 46 18 47 35 41 -2 -4 37 -25 -20 -22 -18 -5 -28 -8 50 40 -9 52 -10 -3 -6 -29 -11 -33 42 -12 45 -45 -43 -1 -7 -40 -46 -14 -44 60 54 -54 -56 -57 -58 59 -55 -21 -62 -60
right_child=1 2 3 5 23 9 11 33 19 39 20 12 31 -15 -16 -17 27 -19 25 34 26 -23 -24 24 -26 -27 29 38 -30 -31 -32 32 -34 -35 -36 -37 -38 -39 48 -41 -42 43 51 44 49 -47 -48 -49 -50 -51 -52 -53 53 58 55 56 57 -59 62 -61 61 -63 -64
leaf_value=0.0054142165843110816 -0.021201329067927412 -0.0076360016153026395 0.011862656148992895 0.067079906483762886 0.028181614208807233 0.0097637450319995288 0.0030667218435589641 -0.058586168840323409 -0.047111493899852412 -0.048132850589169253 0.0028223147477748878 -0.15548465663194655 -0.014888357043052549 0.0072459764046491019 0.074979553883895281 -0.059445001202669129 0.059242563638836149 0.026022170126411986 -0.051533149133675391 0.02297064097821671 0.0028599640307515545 -0.011964038994265383 -0.027130202733926842 0.040810909151637029 -0.075860553853786913 0.04022373201591628 -0.010005859011027497 0.0096475045752761404 0.025828057036118266 -0.067883503127044872 -0.015489796940058184 -0.0057718871026985032 -0.10575278943235224 -0.14865027809143067 0.011002115985779316 0.016170739551307635 0.0010448509639816631 0.051246337229872936 0.031747588205741334 -0.013187121346400278 -0.021721699700696744 -0.0046266043165993252 -0.073679785675485623 0.018628200105534239 -0.041666685147210954 0.0091301760060364511 0.047893269132993091 -0.0076953990420444689 0.015944441571666659 0.0075773858369897543 -0.0015116111441642584 -0.004083062356803566 0.09806485732964107 -0.061388887331673969 0.026612600357429624 0.031313484433819268 -0.13337230257689953 -0.026202140365328103 0.047332123558108619 0.0055885104140487767 0.035689141402845501 0.0092753027780868458 0.013641095448965206
leaf_weight=52 2756 3056 1248 160 269 1276 926 73 79 91 1212 25 1034 54 94 166 96 454 113 896 2194 8946 122 43 26 21 640 604 154 42 650 401 22 20 3048 48 2883 918 786 485 4429 588 27 1827 30 1994 503 344 474 942 529 24 70 38 1451 34 24 21 78 59 122 1386 375
leaf_count=52 2756 3056 1248 160 269 1276 926 73 79 91 1212 25 1034 54 94 166 96 454 113 896 2194 8946 122 43 26 21 640 604 154 42 650 401 22 20 3048 48 2883 918 786 485 4429 588 27 1827 30 1994 503 344 474 942 529 24 70 38 1451 34 24 21 78 59 122 1386 375
internal_value=0 -0.00612722 -0.00280897 -0.0088151 0.0213757 0.00664342 -0.0137528 0.00290151 0.0187099 0.00210883 0.00216292 -0.0167111 -0.0195802 -0.0545457 0.0289174 -0.0720156 0.0271958 0.00753933 0.00275529 0.0152642 0.00564705 -0.0141396 0.0083903 0.0433181 -0.00315225 -0.0371533 -0.00103619 0.0224621 0.0468481 -0.0135702 -0.00458666 -0.0182448 -0.0207845 -0.0779548 0.0159067 -0.0231938 -0.00342201 0.0460194 0.0205678 -0.0187081 -0.0203975 0.00854004 0.00105566 0.0102967 0.0142628 0.00599734 0.0439132 0.00605637 0.0258026 0.00605751 -0.010361 -0.0409284 0.0191894 0.0230684 0.0267456 0.0234826 -0.0340066 -0.0833596 0.0123714 -0.0206501 0.0157202 0.0114122 0.0194422
internal_weight=0 39958 28256 12797 11594 3098 9699 1463 10338 2784 15459 8236 6660 245 2609 191 2515 2208 1754 7729 9520 11702 1370 1256 69 134 2876 1960 314 682 1576 6415 4852 93 7602 127 5939 1187 1864 576 4830 6644 1263 5381 2799 2582 555 1620 1260 972 1563 51 4554 2150 1600 1530 79 45 550 97 2404 1508 453
internal_count=51552 39958 28256 12797 11594 3098 9699 1463 10338 2784 15459 8236 6660 245 2609 191 2515 2208 1754 7729 9520 11702 1370 1256 69 134 2876 1960 314 682 1576 6415 4852 93 7602 127 5939 1187 1864 576 4830 6644 1263 5381 2799 2582 555 1620 1260 972 1563 51 4554 2150 1600 1530 79 45 550 97 2404 1508 453
is_linear=0
shrinkage=0.03


Tree=6
num_leaves=64
num_cat=0
split_feature=16 28 28 32 30 30 30 30 4 9 28 28 28 20 9 9 4 15 20 4 11 28 9 20 33 7 4 37 44 4 9 25 26 44 15 13 15 3 31 27 28 36 16 44 36 9 30 45 37 30 11 28 9 20 17 47 20 4 11 7 2 47 7
split_gain=7106.43 1110.64 882.12 1092.36 709.01 630.687 382.212 380.128 365.999 433.964 314.481 311.141 259.748 217.431 226.751 204.301 259.432 199.652 189.711 213.23 249.686 187.948 177.277 176.531 165.447 160.535 155.633 366.185 176.386 142.549 135.728 127.956 125.006 116.913 113.076 106.713 106.249 105.836 100.079 99.7993 97.9037 93.8885 106.418 104.492 109.873 155.928 163.956 103.001 82.6078 82.1733 80.0267 75.9194 75.1255 116.061 99.7181 94.9864 303.046 298.943 222.586 140.934 139.099 85.2 76.7118
threshold=24.500000000000004 53250.000000000007 1323122.0000000002 0.75000000000000011 2006.5000000000002 2001.5000000000002 1930.5000000000002 1923.5000000000002 3.0000000000000004 2800.0000000000005 74190.000000000015 65308783.500000007 110144247.00000001 3.5000000000000004 74.500000000000014 2800.0000000000005 3.0000000000000004 10001.500000000002 4.5000000000000009 3.0000000000000004 511.50000000000006 36990.000000000007 7502.5000000000009 4.5000000000000009 2.7500000000000004 677.50000000000011 3.0000000000000004 4003045005.0000005 4018250.0000000005 1.5000000000000002 39.500000000000007 4.5000000000000009 1.0000000180025095e-35 4040250.5000000005 11104.500000000002 15.500000000000002 11354.500000000002 1983.5000000000002 1.7500000000000002 1421997.0000000002 15681065.000000002 43751.500000000007 64.500000000000014 2001000.0000000002 21802.500000000004 234.50000000000003 1963.5000000000002 30528001000.500004 4005700045.0000005 2019.5000000000002 206.00500000000002 2325600.5000000005 66.500000000000014 3.5000000000000004 4150.0000000000009 6.5000000000000009 5.5000000000000009 3.0000000000000004 88.500000000000014 11002.000000000002 10467.500000000002 14.500000000000002 226.50000000000003
decision_type=10 10 10 10 10 10 10 8 2 10 10 10 10 10 10 10 2 8 10 2 10 10 10 8 10 10 2 8 10 2 10 10 10 10 10 10 10 2 10 10 10 10 10 10 10 10 10 10 10 10 10 10 8 10 10 2 8 2 10 10 2 2 10
left_child=4 21 10 5 7 6 11 13 36 -10 33 25 18 22 51 34 38 32 19 40 -21 -2 29 26 -6 -4 28 -28 -5 -1 -26 52 -9 -3 49 -36 -7 50 -17 -27 41 42 43 -8 45 -45 -47 -44 -49 -12 -25 -15 53 54 -19 56 57 -54 -59 -60 61 -57 -62
right_child=1 2 3 23 24 8 12 17 9 -11 15 -13 -14 14 -16 16 -18 31 -20 20 -22 -23 -24 37 30 39 27 -29 -30 -31 -32 -33 -34 -35 35 -37 -38 -39 -40 -41 -42 -43 47 44 -46 46 -48 48 -50 -51 -52 -53 55 -55 -56 60 -58 58 59 -61 62 -63 -64
leaf_value=0.056402941956239586 -0.020565289277780414 -0.0073829146355760067 0.0066984177500668991 0.020669081403864264 -0.037702688330217546 0.0077831561433621332 -0.0036135607098082174 -0.045698148404495625 0.044883825501257725 -0.062426444309058825 0.001565352884288506 -0.048742282523596581 -0.062564237999208891 0.055120157669199275 0.032938764821709522 -0.012268899020310996 -0.070615737113882512 0.022349014446417997 0.054076345420696517 -0.01400425824134246 -0.15537170855836432 -0.011605117857680296 0.055671481240895528 0.093467611074447621 -0.014727362916405713 -0.01137116513654911 -0.05619411365552382 0.038549103055681495 -0.010209892519322503 0.016424832950654635 0.045206912755042052 0.010672052134702719 0.015685617346316575 0.0010406503224543037 0.016585521876815966 0.0072019373155865892 -0.012468068724814452 -0.0011341044958680868 0.0033957927836430779 -0.068458226740360256 -0.0089808167880139258 -0.028432346469687862 -0.003495547503709253 -0.032183274706358234 -0.022229634388796472 -0.12941715196651571 -0.034022986811976276 -0.018883607064353849 -0.004040344670826158 -0.03454953563683745 0.041086584388145379 0.097481744578108181 0.025925188534439082 0.082985887182029802 0.0087060912068348418 -0.00024374493071204652 0.096124132882873956 0.036154725260825617 -0.11753916462262472 -0.018688780617713927 0.044541335024377876 -0.055635766181087974 0.012912810540070367
leaf_weight=85 2756 3074 1163 1019 23 1941 190 79 44 148 1456 121 118 94 797 555 51 762 33 23 22 8946 126 42 35 339 88 63 199 1443 1198 3048 48 2865 1402 4913 265 32 1084 30 1014 829 602 271 949 34 31 2732 385 59 70 64 1759 22 1313 77 53 27 27 25 85 37 367
leaf_count=85 2756 3074 1163 1019 23 1941 190 79 44 148 1456 121 118 94 797 555 51 762 33 23 22 8946 126 42 35 339 88 63 199 1443 1198 3048 48 2865 1402 4913 265 32 1084 30 1014 829 602 271 949 34 31 2732 385 59 70 64 1759 22 1313 77 53 27 27 25 85 37 367
internal_value=0 -0.0059434 -0.0027247 -0.00855064 0.0207345 -0.0117601 -0.0154446 0.0181486 0.00189276 -0.0378345 0.00209804 -0.0024296 -0.0184189 0.0280499 0.0394475 0.00547764 -0.00398201 0.0148063 -0.0176868 -0.0180212 -0.0831172 -0.0137154 0.0214691 0.015386 0.0420185 0.00122826 0.0120625 -0.0166655 0.015624 0.0186487 0.0435056 0.0154295 -0.022498 -0.00331935 0.00751938 0.0092852 0.00535044 0.046982 -0.0019086 -0.0160124 -0.0176049 -0.0190568 -0.0175604 -0.024379 -0.0274494 -0.0421922 -0.0839215 -0.0148561 -0.0170502 0.000158898 0.0607295 0.0722793 0.0186137 0.0144429 0.0137162 0.0221734 0.0254005 0.0233612 -0.0337291 -0.0700149 0.0113917 -0.0182219 0.0188607
internal_weight=0 39958 28256 12797 11594 11284 8886 10338 2398 192 15459 1653 7233 2609 955 9520 1690 7729 7115 7082 45 11702 1654 1513 1256 1532 1369 151 1218 1528 1233 7602 127 5939 7830 6315 2206 144 1639 369 7037 6023 5194 1475 1285 336 65 3719 3117 1515 112 158 4554 2097 2075 2457 1891 1838 79 52 566 114 452
internal_count=51552 39958 28256 12797 11594 11284 8886 10338 2398 192 15459 1653 7233 2609 955 9520 1690 7729 7115 7082 45 11702 1654 1513 1256 1532 1369 151 1218 1528 1233 7602 127 5939 7830 6315 2206 144 1639 369 7037 6023 5194 1475 1285 336 65 3719 3117 1515 112 158 4554 2097 2075 2457 1891 1838 79 52 566 114 452
is_linear=0
shrinkage=0.03


Tree=7
num_leaves=64
num_cat=0
split_feature=40 29 29 28 30 28 8 36 28 29 5 4 37 28 9 4 15 30 7 28 28 8 9 15 26 29 8 5 29 28 30 37 13 12 27 15 36 12 4 6 20 29 28 29 29 37 26 28 20 28 36 27 28 17 4 37 37 12 6 8 0 6 15
split_gain=6688.58 1517.69 1326.62 2342.66 1223.23 1154.04 597.76 505.279 448.782 434.6 389.234 347.553 339.468 236.235 463.78 234.599 230.775 218.552 203.409 187.744 163.452 159.177 152.896 148.63 164.958 147.696 145.108 144.516 143.381 248.542 307.08 139.486 134.342 161.177 154.463 134.223 127.438 124.193 120.254 115.07 110.74 107.835 107.426 104.881 100.351 100.03 97.528 104.121 96.7408 95.7218 91.8356 91.6043 143.599 98.1974 87.1137 144.338 91.0045 86.5292 85.798 269.481 109.717 128.943 85.7921
threshold=16.500000000000004 1.0000000180025095e-35 1.0000000180025095e-35 74190.000000000015 2001.5000000000002 114630.00000000001 2444.5000000000005 21802.500000000004 44130.000000000007 1460.0000000000002 308.50000000000006 3.0000000000000004 4049780032.5000005 599175.00000000012 2800.0000000000005 3.0000000000000004 10309.500000000002 2013.5000000000002 86.500000000000014 6290325.0000000009 2176425.0000000005 11012.500000000002 2800.0000000000005 10001.500000000002 1.0000000180025095e-35 1776705.0000000002 512.50000000000011 202.50000000000003 28566.500000000004 59070.000000000007 1930.5000000000002 2039290501.0000002 25.500000000000004 1028.5000000000002 8249.0000000000018 11365.500000000002 31601.500000000004 2004.5000000000002 3.0000000000000004 15.500000000000002 4.5000000000000009 3562536.0000000005 33870.000000000007 40494.000000000007 11465.000000000002 3015830011.5000005 2.5000000000000004 136770.00000000003 5.5000000000000009 53250.000000000007 30101.500000000004 13935.000000000002 58590.000000000007 3611.5000000000005 3.0000000000000004 3067895071.0000005 4094030026.5000005 2518.5000000000005 6.5000000000000009 32.500000000000007 2.5000000000000004 14.500000000000002 11354.500000000002
decision_type=10 8 10 10 10 10 10 10 10 10 2 2 8 10 10 2 10 10 10 8 10 10 10 8 10 10 10 2 10 10 10 10 10 10 10 10 10 10 2 2 8 10 10 10 10 10 10 10 10 10 10 10 10 10 2 10 8 10 2 10 2 2 10
left_child=1 18 3 8 5 9 10 31 42 16 27 26 22 46 20 -16 -4 19 -1 41 39 28 -13 24 -21 -14 -6 -7 32 -30 -31 -8 34 -34 -11 37 -10 -35 -12 -15 -17 -3 -2 58 -39 -22 47 -5 54 -38 -29 53 -53 57 56 -56 -9 -18 59 -25 61 -60 -28
right_child=2 17 4 13 11 6 7 48 36 21 38 12 25 14 15 40 51 -19 -20 23 45 -23 -24 43 -26 -27 62 50 29 30 -32 -33 33 35 -36 -37 49 44 -40 -41 -42 -43 -44 -45 -46 -47 -48 -49 -50 -51 -52 52 -54 -55 55 -57 -58 -59 60 -61 -62 -63 -64
leaf_value=0.047888958528962633 -0.021190890611209868 0.0041296226014597218 -0.023330584015431147 0.0072076783821231095 0.024145304328036715 -0.011387774741823047 -0.037414573923562858 -0.0094685039153900516 -0.010519720529621242 -0.091449632426745003 -0.014156984804542284 0.020100504662841558 -0.035004721378025253 0.056862671883379824 0.010750990680720298 -0.067763228399573633 -0.13056922032684087 0.040147901583381378 0.031486132171720166 -0.044327203608766387 0.07833040709705337 -0.0050821581287085115 -0.060590575603231528 0.093267655773804733 0.022634431949393873 0.037121877372264862 0.0054217730352351702 0.036945287293022121 -0.15188383047378831 -0.12902916748076676 -0.0089169412276725157 -0.069683061359475731 -0.021279364153835922 -0.11867463526548817 -0.0050330687264097881 -0.13099329330695553 -0.0063730193363574095 -0.087608095132387598 -0.084688273844393813 0.025018522189529033 0.0088339240238070483 -0.06434044819857393 -0.012251937494230439 0.013487644297503369 -0.014428214710060274 0.021560139656066894 0.00093747920157945806 0.01645950737957972 0.030324422852765466 0.00035502553756835959 0.0073657509150277627 -0.026012522692792119 -0.12678223589594875 -0.090439967265860607 0.0096899528950452792 -0.090340663482611244 -0.0197531000642568 -0.2142881805002689 0.0057143341936171056 0.023397703187091234 0.017958451846425777 -0.073230096025185445 -0.010424395725996771
leaf_weight=1269 1576 1456 28 3570 339 377 692 938 2323 22 1961 24 38 122 1029 53 25 274 1467 79 114 83 177 52 57 78 2298 103 31 30 53 146 75 24 121 31 3317 26 22 627 25 21 5210 5924 48 37 1332 1579 37 4465 1140 20 35 22 20 37 4438 20 60 1114 459 27 355
leaf_count=1269 1576 1456 28 3570 339 377 692 938 2323 22 1961 24 38 122 1029 53 25 274 1467 79 114 83 177 52 57 78 2298 103 31 30 53 146 75 24 121 31 3317 26 22 627 25 21 5210 5924 48 37 1332 1579 37 4465 1140 20 35 22 20 37 4438 20 60 1114 459 27 355
internal_value=0 0.0194009 -0.00598107 -0.00189951 -0.0134258 -0.0183945 -0.0157757 -0.0213439 -0.00836072 -0.0557931 -0.00602716 0.00249835 -0.0273716 0.0109582 0.0199519 0.00694866 -0.101004 0.013743 0.039094 0.0129608 0.0359458 -0.043327 -0.0509558 0.0148241 -0.0162624 0.0134942 0.00566305 0.00488218 -0.0502127 -0.0794024 -0.052331 -0.0430365 -0.040623 -0.0562515 -0.0183279 -0.0765841 -0.00435343 -0.059373 -0.0149395 0.0302054 -0.0432129 0.00315611 -0.0143279 0.0153777 -0.0401401 0.0644198 0.00817307 0.0100449 -0.0180206 -0.00251274 0.00981683 -0.11883 -0.0901387 -0.142383 -0.0183498 -0.0552422 -0.0179587 -0.167778 0.021918 0.0265137 0.0121036 -0.0187857 0.00330138
internal_weight=0 12259 39293 25379 13914 10605 9911 6308 16891 694 3603 3309 317 8488 2007 1107 150 9523 2736 9249 900 544 201 7772 136 116 2992 1620 461 114 83 838 347 204 143 129 10105 98 1983 749 78 1477 6786 7636 74 151 6481 5149 5470 7782 1243 122 55 67 5433 57 5376 45 1712 1166 546 87 2653
internal_count=51552 12259 39293 25379 13914 10605 9911 6308 16891 694 3603 3309 317 8488 2007 1107 150 9523 2736 9249 900 544 201 7772 136 116 2992 1620 461 114 83 838 347 204 143 129 10105 98 1983 749 78 1477 6786 7636 74 151 6481 5149 5470 7782 1243 122 55 67 5433 57 5376 45 1712 1166 546 87 2653
is_linear=0
shrinkage=0.03


Tree=8
num_leaves=64
num_cat=0
split_feature=16 29 29 28 29 30 28 28 29 30 4 37 28 28 37 28 39 30 12 32 15 29 29 28 29 3 28 11 28 36 28 15 29 6 28 29 36 23 23 28 2 23 4 30 6 20 4 20 7 36 44 29 5 36 30 11 7 3 17 7 20 28 39
split_gain=6299.11 1428.21 1207.51 2279.57 1215.36 1093.91 421.815 421.621 368.807 385.511 343.813 316.737 230.611 214.399 388.335 225.959 212.179 191.713 159.927 269.645 153.767 152.53 134.538 131.368 129.793 152.59 122.427 120.777 120.462 119.488 116.111 129.379 167.124 110.885 109.083 108.082 105.476 105.36 103.093 100.362 99.787 98.5022 117.463 177.88 154.274 97.9372 347.215 160.81 92.2237 92.2035 191.598 194.65 112.324 91.9654 89.9272 88.8969 164.428 145.944 115.781 86.1012 82.7408 177.128 82.7091
threshold=24.500000000000004 1.0000000180025095e-35 1.0000000180025095e-35 74190.000000000015 1460.0000000000002 2001.5000000000002 44130.000000000007 114630.00000000001 43902856.500000007 1931.5000000000002 3.0000000000000004 4049780032.5000005 5941127.0000000009 599175.00000000012 5011160078.000001 2176425.0000000005 7.5000000000000009 2013.5000000000002 3003.5000000000005 9.0000000000000018 10472.500000000002 2329323.0000000005 1776705.0000000002 44850.000000000007 28566.500000000004 1949.5000000000002 5791499.0000000009 245.00500000000002 15681065.000000002 31601.500000000004 5067400.0000000009 10001.500000000002 17235929.000000004 15.500000000000002 60150.000000000007 6840.0000000000009 31508.500000000004 27.500000000000004 64.000000000000014 33870.000000000007 11070.500000000002 2.0750000000000006 3.0000000000000004 2016.5000000000002 28.500000000000004 4.5000000000000009 3.0000000000000004 3.5000000000000004 156.50000000000003 21802.500000000004 2021001.5000000002 2032410.5000000002 407.50000000000006 43902.500000000007 1945.5000000000002 592.50000000000011 351.50000000000006 1985.5000000000002 705.00000000000011 9.5000000000000018 1.5000000000000002 109470.00000000001 14.500000000000002
decision_type=10 8 10 10 10 10 10 10 10 10 2 8 10 10 8 10 10 10 8 10 10 10 10 10 10 2 10 10 10 10 8 8 10 2 10 8 10 10 8 10 2 8 2 10 2 10 2 10 10 10 10 10 2 10 10 10 10 2 10 10 10 10 10
left_child=1 18 3 6 16 7 39 24 9 12 26 40 20 60 41 33 23 30 38 -20 21 -9 -13 -4 55 27 -7 -26 45 -8 -3 32 -32 -16 -27 -33 -18 -21 -1 -2 -12 -15 48 44 -44 46 49 -48 -43 50 -11 -52 62 -31 -38 56 -6 58 -58 -28 61 -5 -51
right_child=2 17 4 13 5 10 29 8 -10 28 11 22 -14 14 15 -17 36 -19 19 37 -22 -23 -24 -25 25 34 59 -29 -30 53 31 35 -34 -35 -36 -37 54 -39 -40 -41 -42 42 43 -45 -46 -47 47 -49 -50 52 51 -53 -54 -55 -56 -57 57 -59 -60 -61 -62 -63 -64
leaf_value=0.041748954679596377 -0.02052014693947285 0.0037360218449409488 -0.11550134901255368 0.0066594616425286581 -0.01295276325806044 0.00079538204953840872 -0.010189276114465779 -0.017111936063795203 -0.051511449818999681 -0.01196215990573672 0.013636588007211684 -0.032234647491803534 0.012022240586125556 0.054247891652796948 0.053968453398324491 0.076202538725789457 -0.17993841633998922 0.038843749556302404 0.031945923440971004 0.0034098862409591675 -0.0023649404863013822 -0.085161744250405208 0.036008221060037614 -0.035077677639475197 -0.041502775046974416 -0.09257523433305323 0.052177438884973525 -0.12894760288636792 -0.0081412213780725322 0.00078890837397335614 0.022511591686911525 0.032709063595311359 -0.042997386878049819 0.023485733158686149 -0.0074506214473928729 0.014247581551261252 -0.1343667039246513 -0.091728712330487641 0.065777871748746455 -0.011882416759686239 -0.055314755279154693 0.023971807208314287 0.017796943316236137 0.059960299663245675 -0.064448563786653368 0.02837894838589888 -0.1578084569910298 -0.044357198327779769 0.0050844159575311196 -0.013052168173362839 -0.040522131616064098 -0.13750510579347611 -0.023599355122030301 -0.00573402678744276 -0.067077749454500998 -0.014351327050035055 -0.12680691150241885 0.00054621096170539478 -0.060011944697704163 0.011293944006721285 0.0046150643334023564 0.021195146314978694 -0.026764607344230171
leaf_weight=1653 1577 1034 25 2338 100 1746 2324 678 242 266 21 39 621 42 133 107 21 270 667 20 1164 31 78 68 21 20 48 44 1071 3933 63 297 79 558 42 7311 39 22 178 5211 188 325 30 20 65 39 23 22 819 3403 271 20 1876 3849 33 139 29 29 120 1358 3130 1114 448
leaf_count=1653 1577 1034 25 2338 100 1746 2324 678 242 266 21 39 621 42 133 107 21 270 667 20 1164 31 78 68 21 20 48 44 1071 3933 63 297 79 558 42 7311 39 22 178 5211 188 325 30 20 65 39 23 22 819 3403 271 20 1876 3849 33 139 29 29 120 1358 3130 1114 448
internal_value=0 0.0195212 -0.00559566 -0.00168472 -0.0125499 -0.0115517 -0.00810506 -0.0162952 -0.0149195 -0.014028 0.0030676 -0.0262617 -0.00382072 0.0108098 0.0191586 0.0356347 -0.0887387 0.0139442 0.0394006 0.0273034 -0.00907352 -0.0200873 0.0132606 -0.0566969 -0.0420272 -0.0685802 0.00610102 -0.100696 -0.01745 -0.00422 0.0131789 0.0144387 -0.0139335 0.0293529 -0.0349102 0.0149683 -0.12078 -0.0464246 0.0440849 -0.0138891 -0.0483866 0.00905253 0.00754482 -0.0213569 -0.0384763 -0.0190157 -0.0193077 -0.102343 0.0104502 -0.0187131 -0.0303654 -0.0471876 -0.0175798 -0.00243735 -0.103526 -0.0339403 -0.0437348 -0.0610281 -0.0730123 0.0126897 0.00814743 0.0113503 -0.0146474
internal_weight=0 11594 39958 25575 14383 14197 16894 10719 10175 9933 3478 326 2494 8681 2099 798 186 9054 2540 709 1873 709 117 93 544 127 3152 65 7439 10106 8784 7750 142 691 62 7608 93 42 1831 6788 209 1301 1259 115 95 6368 6329 45 1144 6284 557 291 5727 7782 72 417 278 178 149 1406 6582 3452 3851
internal_count=51552 11594 39958 25575 14383 14197 16894 10719 10175 9933 3478 326 2494 8681 2099 798 186 9054 2540 709 1873 709 117 93 544 127 3152 65 7439 10106 8784 7750 142 691 62 7608 93 42 1831 6788 209 1301 1259 115 95 6368 6329 45 1144 6284 557 291 5727 7782 72 417 278 178 149 1406 6582 3452 3851
is_linear=0
shrinkage=0.03


Tree=9
num_leaves=64
num_cat=0
split_feature=40 29 29 28 29 30 15 5 28 4 37 29 28 26 2 28 28 30 11 44 7 31 28 28 9 29 40 26 12 4 20 37 12 15 26 29 28 6 40 30 4 15 30 29 28 35 11 29 37 2 20 4 7 37 30 12 32 5 20 28 7 27 28
split_gain=5929.01 1344.05 1175.71 2073.01 1086.41 976.053 456.802 786.325 385.583 311.586 299.936 236.515 219.243 387.819 196.755 234.93 195.155 193.632 192.137 190.26 185.66 178.008 166.499 162.683 152.029 156.703 147.576 142.354 138.408 133.021 142.857 132.981 132.1 131.753 145.959 130.953 118.434 113.738 109.867 99.1472 138.458 254.186 105.76 98.939 95.4467 95.1085 89.2412 86.007 83.7975 85.2829 93.509 112.02 115.12 103.244 83.0697 80.0437 381.538 104.34 79.9791 168.964 79.6986 76.306 76.2335
threshold=16.500000000000004 1.0000000180025095e-35 1.0000000180025095e-35 72990.000000000015 1460.0000000000002 2001.5000000000002 10472.500000000002 308.50000000000006 44130.000000000007 3.0000000000000004 4049780032.5000005 2032410.5000000002 556988.50000000012 4.5000000000000009 10309.500000000002 95550.000000000015 114630.00000000001 2013.5000000000002 484.50000000000006 2019450.0000000002 81.500000000000014 2.7500000000000004 6290325.0000000009 2176425.0000000005 33.500000000000007 30982.000000000004 22.500000000000004 4.5000000000000009 3000.5000000000005 3.0000000000000004 4.5000000000000009 2054170013.5000002 2004.5000000000002 10001.500000000002 1.0000000180025095e-35 1776705.0000000002 6079506.0000000009 15.500000000000002 34.500000000000007 1928.5000000000002 3.0000000000000004 10054.500000000002 1990.5000000000002 3562536.0000000005 35850.000000000007 271.50000000000006 357.50000000000006 13562.500000000002 3015830011.5000005 11413.500000000002 5.5000000000000009 3.0000000000000004 991.50000000000011 3087200107.5000005 1989.5000000000002 3003.5000000000005 9.0000000000000018 110.50000000000001 1.5000000000000002 109470.00000000001 9.5000000000000018 481959.00000000006 56970.000000000007
decision_type=10 8 10 10 10 10 10 2 10 2 8 10 10 10 2 10 10 10 10 10 10 10 8 10 10 10 10 10 10 2 10 10 10 8 10 10 10 2 10 10 2 10 10 10 10 10 10 8 8 2 10 2 10 10 10 8 10 2 10 10 10 10 10
left_child=1 20 3 8 14 6 11 -8 44 36 27 26 58 23 -4 18 24 22 28 -13 -1 -21 43 37 25 32 -6 -11 45 -15 -31 -28 -9 34 -24 -12 -7 -14 46 47 42 -42 -41 -3 -2 -16 -10 -35 -18 50 51 53 -53 -50 -25 57 61 -22 59 -5 -38 -57 -20
right_child=2 17 4 12 5 9 7 16 38 10 35 19 13 29 15 -17 48 -19 62 21 55 -23 33 54 -26 -27 31 -29 -30 30 -32 -33 -34 39 -36 -37 60 -39 -40 40 41 -43 -44 -45 -46 -47 -48 -49 49 -51 -52 52 -54 -55 -56 56 -58 -59 -60 -61 -62 -63 -64
leaf_value=0.045363233689719264 -0.018616618857605245 0.0039045936522709851 -0.018932933421297506 0.0060978379736971134 -0.015366764497512958 0.00056897474454043135 0.0073478124491822439 -0.021166761820277314 -0.00373924188929877 0.024113512581044976 -0.032987540066242216 0.038206878187134856 0.054366139459513851 0.010680123538987412 -0.074653026488210469 -0.027747764941595959 -0.070723974318802355 0.037795620082306546 -0.041213388357843675 -0.050389563832567492 0.037752561557779146 -0.13400099594593048 -0.041707465301586102 0.078277423791680484 -0.023343853462934116 -0.11746968103220334 -0.040466930135276899 -0.056752493900575997 -0.21340568336573515 -0.049895639366178364 0.031840964928140036 -0.020391726383512356 -0.10248873906433582 0.03601460892667295 0.021280050638474917 0.034927973804565575 0.050612116008996962 0.022758865171285756 -0.0023612445349815497 0.011213782181594495 0.0040578710174430967 -0.11304885521869767 0.022368657088545699 -0.06168046372277395 -0.011016349371973226 -0.15977858532841005 -0.015068351321109506 0.017773635950833269 -0.015996449875115532 -0.024534261046660809 0.038546483814716342 -0.012715168588835261 -0.10663915485143662 -0.0044408020132312596 0.028001258772398743 0.011236040769947546 -0.091947284638881674 0.0038657237015819797 0.003764388097608656 0.020241668539609538 0.011173630104014808 0.035662240492473414 -0.11790020879753865
leaf_weight=1243 2201 1456 33 2491 1013 1761 1449 64 1204 22 38 20 124 1166 21 32 25 274 28 275 895 25 79 100 196 37 626 179 22 67 27 565 25 269 57 78 48 590 7403 4639 69 22 916 21 4585 27 1303 1721 4360 845 30 23 24 828 42 190 26 90 2982 1094 1175 292 20
leaf_count=1243 2201 1456 33 2491 1013 1761 1449 64 1204 22 38 20 124 1166 21 32 25 274 28 275 895 25 79 100 196 37 626 179 22 67 27 565 25 269 57 78 48 590 7403 4639 69 22 916 21 4585 27 1303 1721 4360 845 30 23 24 828 42 190 26 90 2982 1094 1175 292 20
internal_value=0 0.0182661 -0.00563126 -0.00178886 -0.0126398 -0.011672 -0.0161717 -0.0126244 -0.00797206 0.0025456 -0.0257329 -0.0272833 0.0101004 0.0184984 -0.0852533 -0.0998438 -0.0171063 0.0129417 -0.119395 -0.0513844 0.0367984 -0.0573572 0.0122054 0.0340805 -0.0398716 -0.0655815 -0.0237841 -0.0479015 -0.151095 0.00791248 -0.0264181 -0.0309434 -0.04401 0.0139601 -0.0153083 0.0126798 0.00554972 0.0282481 -0.00419944 0.0144814 0.0124519 -0.0242536 0.0130532 0.0029721 -0.0134815 -0.122536 -0.00962749 0.0202394 -0.0159114 -0.0156871 -0.0142672 -0.0145699 -0.0606764 -0.0141522 0.063407 0.0296678 0.0199953 0.0346563 0.00739447 0.010414 0.0127215 0.0260337 -0.0731662
internal_weight=0 12259 39293 25379 13914 13731 10430 7906 16696 3301 317 2524 8683 2116 183 150 6457 9523 118 320 2736 300 9249 856 322 126 2204 201 70 1260 94 1191 89 7772 136 116 2984 714 9910 7636 5646 91 5555 1477 6786 48 2507 1990 6135 6110 5265 5235 47 5188 142 1493 508 985 6567 3585 1223 482 48
internal_count=51552 12259 39293 25379 13914 13731 10430 7906 16696 3301 317 2524 8683 2116 183 150 6457 9523 118 320 2736 300 9249 856 322 126 2204 201 70 1260 94 1191 89 7772 136 116 2984 714 9910 7636 5646 91 5555 1477 6786 48 2507 1990 6135 6110 5265 5235 47 5188 142 1493 508 985 6567 3585 1223 482 48
is_linear=0
shrinkage=0.03


Tree=10
num_leaves=64
num_cat=0
split_feature=13 29 29 28 25 29 4 8 28 27 36 36 29 28 26 4 8 29 44 28 28 9 28 9 29 29 13 28 3 8 7 39 6 20 28 12 32 16 13 29 11 40 3 28 7 28 28 16 27 4 40 12 14 3 20 4 20 8 31 31 25 29 8
split_gain=5588.95 1276.16 1201.2 2062.03 946.47 846.551 566.222 560.026 431.416 353.518 337.904 243.885 239.604 230.236 370.235 209.926 173.1 171.38 152.239 225.29 150.347 144.497 140.66 143.557 231.115 135.838 134.489 133.782 223.355 139.44 172.21 161.452 125.346 124.624 142.846 122.673 217.007 119.691 125.543 116.161 113.147 109.567 102.172 102.028 99.7807 96.9638 93.924 93.7756 90.5408 135.457 87.5051 87.1298 86.375 85.2196 85.0317 93.802 115.227 82.5244 80.4092 77.9109 77.4401 75.7548 75.0141
threshold=4.5000000000000009 1.0000000180025095e-35 1.0000000180025095e-35 75330.000000000015 1.0000000180025095e-35 1460.0000000000002 3.0000000000000004 2275.5000000000005 44130.000000000007 1762522.0000000002 21802.500000000004 40101.500000000007 133702.50000000003 410625.00000000006 4.5000000000000009 3.0000000000000004 561.50000000000011 2032410.5000000002 4048150.0000000005 81390.000000000015 2176425.0000000005 234.50000000000003 6290325.0000000009 28.500000000000004 4949378.5000000009 100673221.50000001 19.500000000000004 105630.00000000001 1985.5000000000002 11012.500000000002 629.50000000000011 11.500000000000002 16.500000000000004 1.5000000000000002 136770.00000000003 3003.5000000000005 9.0000000000000018 110.50000000000001 18.500000000000004 3324918.5000000005 474.50000000000006 43.500000000000007 1970.5000000000002 44850.000000000007 598.50000000000011 29970.000000000004 17602202.500000004 75.500000000000014 845775.00000000012 3.0000000000000004 34.500000000000007 1028.5000000000002 49.500000000000007 1999.5000000000002 4.5000000000000009 3.0000000000000004 3.5000000000000004 9297.5000000000018 4.330000000000001 3.2200000000000002 3.5000000000000004 27495.000000000004 7796.5000000000009
decision_type=10 8 10 10 10 10 2 10 10 10 10 10 10 10 10 2 10 10 10 10 10 10 8 8 10 10 10 10 2 10 10 10 2 8 10 10 10 10 10 10 10 10 2 10 8 10 10 10 10 2 10 10 10 2 8 2 10 10 10 10 10 10 10
left_child=1 35 3 8 6 18 16 11 45 12 15 50 -8 33 20 21 -4 27 19 40 59 53 39 24 -24 60 -10 28 29 30 31 61 -23 34 -5 -1 -37 38 -32 -3 -6 -18 -26 -20 58 -2 -38 62 49 -16 -7 -39 -47 -9 55 -29 -57 -28 -35 -15 -25 -12 -46
right_child=2 22 4 13 5 7 9 10 26 -11 17 -13 -14 14 48 -17 41 -19 43 -21 -22 32 23 25 42 -27 57 54 -30 -31 37 -33 -34 44 -36 36 46 51 -40 -41 -42 -43 -44 -45 47 52 -48 -49 -50 -51 -52 -53 -54 -55 -56 56 -58 -59 -60 -61 -62 -63 -64
leaf_value=0.040617381208275405 -0.023480357084578525 0.0051694253412352459 0.023875411378234162 0.0082252390058889912 -0.16937286143259303 -0.0060899024752489334 -0.16184291088581085 -0.033020076946323286 -0.009785936102259217 0.026310632523894307 -0.029966309415892914 -0.013208537678470527 -0.051550100371241567 0.022698030892230058 0.008290863742709615 0.032099864173393985 0.0044402503409387249 0.0071428251541142363 -0.097813964735331202 -0.043161331381945105 0.06049397443554231 -0.10361291347843844 0.01065546220956191 0.019211728973015364 -0.047300193884774397 0.04100240581875364 3.8600248178745468e-05 -0.017134059594982261 -0.0010790824400717203 -0.0098652379349888578 -0.081389082390815021 -0.13344053403259468 -0.047807601643816068 0.0074071207159949913 0.024404276987055062 0.030023323072533355 0.004006350606679916 -0.023775854061047236 -0.0016145252094239642 -0.064317683066156775 -0.085037453201684071 -0.015749287498337181 0.00023054415028389184 -0.028896614563619267 -0.012382048900388846 -0.014012287895345466 -0.08793469128012657 0.0032264854590822421 0.029870198211221957 -0.034261447962530896 0.0080877866355334935 -0.081494428146740086 -0.0053767495254971858 0.015118274270423821 0.021716303390264511 -0.11095260581799916 -0.026698186278517822 -0.0070557651933802531 -0.039200952548314544 0.043706954726119442 0.01209030265244403 -0.097708406131714581 -0.054039107229539446
leaf_weight=1898 756 1368 387 2667 41 635 20 609 2429 50 39 1839 156 744 1302 39 2403 241 29 33 140 41 2020 3064 92 203 5963 5272 147 84 22 39 311 1651 602 652 20 36 92 22 22 269 73 58 336 4658 20 432 161 71 1023 68 1343 35 50 21 48 1961 34 202 2492 24 44
leaf_count=1898 756 1368 387 2667 41 635 20 609 2429 50 39 1839 156 744 1302 39 2403 241 29 33 140 41 2020 3064 92 203 5963 5272 147 84 22 39 311 1651 602 652 20 36 92 22 22 269 73 58 336 4658 20 432 161 71 1023 68 1343 35 50 21 48 1961 34 202 2492 24 44
internal_value=0 0.0180436 -0.00537887 -0.00148576 -0.0123773 -0.0166322 0.00173821 -0.0155394 -0.00745865 -0.0440847 -0.0203133 -0.00568595 -0.0640834 0.0107008 0.018075 -0.0361782 0.00512362 -0.0176576 -0.0806123 -0.106661 0.0314782 -0.0388518 0.0128737 0.0144142 0.00786693 0.0168983 -0.00361018 -0.0186635 -0.0327438 -0.0442653 -0.0532954 -0.0854693 -0.0543077 0.00735001 0.0112047 0.0366751 0.0258622 -0.0382415 -0.0170096 0.00406963 -0.139922 0.0024077 -0.0262714 -0.0518691 0.00230359 -0.0133552 -0.0419642 -0.00633528 0.00858621 0.00609042 0.00265785 -0.0615149 -0.0120797 -0.0304039 -0.0172243 -0.0175889 -0.0523408 -0.00171709 0.00646666 0.0271841 0.0160176 -0.0557728 -0.0172055
internal_weight=0 11924 39679 25496 14183 10898 3285 10715 17110 226 7218 3497 176 8386 2620 1035 3059 6183 183 96 1086 996 9334 7944 2185 5759 10353 5942 551 404 320 102 352 5766 3269 2590 692 218 114 1390 63 2672 165 87 2497 6757 40 812 1534 1373 1658 104 6001 644 5391 5341 69 7924 1685 946 5556 63 380
internal_count=51603 11924 39679 25496 14183 10898 3285 10715 17110 226 7218 3497 176 8386 2620 1035 3059 6183 183 96 1086 996 9334 7944 2185 5759 10353 5942 551 404 320 102 352 5766 3269 2590 692 218 114 1390 63 2672 165 87 2497 6757 40 812 1534 1373 1658 104 6001 644 5391 5341 69 7924 1685 946 5556 63 380
is_linear=0
shrinkage=0.03


Tree=11
num_leaves=64
num_cat=0
split_feature=16 29 29 28 30 28 8 36 28 10 29 4 44 40 28 26 30 27 26 28 11 16 7 10 29 3 12 9 4 28 29 17 28 29 15 28 28 8 28 27 29 29 39 9 29 36 2 27 4 33 29 3 23 8 12 28 39 11 28 23 30 28 28
split_gain=5260.55 1174.01 1111.49 1970.08 1085.49 975.051 539.736 467.872 406.298 317.785 300.099 270.788 240.527 233.653 219.834 344.927 210.734 207.661 297.929 148.053 137.952 135.565 131.528 128.221 117.623 176.965 116.783 115.181 113.756 129.764 107.198 187.667 101.658 101.114 120.267 113.574 99.0296 95.9048 94.7442 93.0325 89.7505 244.255 89.5772 88.1182 87.6922 96.4314 87.1615 83.5592 128.912 80.8004 146.546 79.5709 118.544 99.404 119.183 79.0727 77.9924 79.9763 77.1516 75.404 74.8531 86.6486 74.7282
threshold=24.500000000000004 1.0000000180025095e-35 1.0000000180025095e-35 75330.000000000015 2002.5000000000002 95550.000000000015 2444.5000000000005 21701.500000000004 44482.500000000007 308.50000000000006 1460.0000000000002 3.0000000000000004 4048150.0000000005 33.500000000000007 410625.00000000006 4.5000000000000009 2005.5000000000002 3416175.0000000005 4.5000000000000009 1392525.0000000002 478.50000000000006 49.500000000000007 272.50000000000006 306.50000000000006 28566.500000000004 1947.5000000000002 3003.5000000000005 8.5000000000000018 1.5000000000000002 136770.00000000003 580333.50000000012 315.00000000000006 44850.000000000007 58307.500000000007 10001.500000000002 5067400.0000000009 5791499.0000000009 773.50000000000011 33870.000000000007 15870.000000000002 4585.0000000000009 3533.5000000000005 11.500000000000002 47.500000000000007 1450845.0000000002 44103.500000000007 11022.500000000002 845775.00000000012 3.0000000000000004 4.9000000000000012 1145457.0000000002 1913.5000000000002 2.8750000000000004 3302.5000000000005 2518.5000000000005 19233676.000000004 15.500000000000002 904.00000000000011 53850.000000000007 64.000000000000014 1989.5000000000002 4050675.0000000005 689625.00000000012
decision_type=10 8 10 10 10 10 10 10 10 10 10 2 10 10 10 10 10 10 10 10 10 10 10 10 10 2 10 10 2 10 10 10 10 10 10 8 10 10 10 10 10 10 10 10 10 10 2 10 2 10 10 2 10 10 10 10 10 10 10 8 10 10 10
left_child=1 26 3 8 5 10 9 30 38 21 12 36 20 -11 28 19 33 18 -13 -16 22 49 -4 -10 27 39 59 -12 29 51 -8 -32 -14 35 37 -3 -6 -35 -2 -26 41 43 -25 -29 45 -9 -27 48 -17 50 -7 52 -5 -54 -55 -18 -30 -58 -42 -1 61 -21 -51
right_child=2 16 4 14 11 6 7 44 23 13 24 17 32 -15 15 47 55 -19 -20 60 -22 -23 -24 42 25 46 -28 40 56 -31 31 -33 -34 34 -36 -37 -38 -39 -40 -41 58 -43 -44 -45 -46 -47 -48 -49 -50 62 -52 -53 53 54 -56 -57 57 -59 -60 -61 -62 -63 -64
leaf_value=0.03790742857000555 -0.019305141263607994 0.0060964886367582006 -0.10086887508630753 0.0065709337686766633 0.00071583979958998864 -0.012943510187382344 -0.030204631859269523 -0.015426543558813859 -0.010272170634221044 -0.098242943331213861 -0.095851699170470234 0.022504510762872264 -0.098557043868516173 -0.012449022252279627 0.02394782681908349 0.0082624337623180208 0.0079783691992051896 0.030572015115847957 -0.053602119534625667 0.048736928833493336 -0.065108141653239721 0.0090574530087013244 -0.20237284143765766 0.00055051404598085735 -0.13732866031117738 -0.077048345208168029 0.025270997551333562 0.014586985993102706 0.0015462777540646492 0.018750885230913408 -0.13668095632032914 -0.046520489020781083 -0.026628813487477601 -0.03595376156311441 0.0097554076019715479 0.019530976791265288 0.011456726840956312 0.024426948074251411 -0.010927922266063577 -0.064988643452525141 -0.02932423390325967 -0.13127877622842787 -0.0060398621466583695 -0.066104992751830391 -0.0013198318367672933 -0.026544503793017215 -0.00014236108710368475 0.028974093115015056 -0.033233604556552963 -0.044802372928380088 -0.089163640585861043 0.0093266999619339326 -0.0064490600477283191 -0.013705558544241412 -0.090168364656783517 0.03404951310681948 -0.011205854415854749 -0.071859872801508753 0.0091492406847445591 0.05945733467198442 0.021283806309368068 0.098060625310127547 0.0013674270662188861
leaf_weight=1686 1568 769 20 617 1703 120 457 4412 1971 29 25 61 28 1924 816 1321 130 52 192 180 20 1285 27 5323 32 21 685 29 1125 1031 22 374 48 91 5407 2149 1414 32 5398 32 265 27 2850 21 333 835 36 161 71 34 28 2602 225 43 32 538 90 25 57 160 67 39 438
leaf_count=1686 1568 769 20 617 1703 120 457 4412 1971 29 25 61 28 1924 816 1321 130 52 192 180 20 1285 27 5323 32 21 685 29 1125 1031 22 374 48 91 5407 2149 1414 32 5398 32 265 27 2850 21 333 835 36 161 71 34 28 2602 225 43 32 538 90 25 57 160 67 39 438
internal_value=0 0.0177736 -0.00513908 -0.00138295 -0.0118044 -0.0164027 -0.0140911 -0.0194117 -0.0072349 -0.00521936 -0.0509798 0.00294851 -0.0896601 -0.013723 0.0104734 0.0176212 0.0127549 -0.0240298 -0.0352523 0.0304578 -0.131099 0.00349852 -0.15918 -0.00340395 -0.0408307 -0.0669198 0.0358498 -0.0333854 0.00719573 0.00939093 -0.0401045 -0.0515294 -0.0531287 0.0114723 0.00908813 0.0159905 0.00558835 -0.020245 -0.0128136 -0.101159 -0.0294715 -0.0585677 -0.00174761 -0.0193036 -0.0162484 -0.0171958 -0.0284761 0.0085125 0.0061459 -0.00802282 -0.0273635 0.00664864 -0.000950381 -0.0164192 -0.0463297 0.0289758 -0.000859243 -0.0243915 -0.0225137 0.0397752 0.0490316 0.0575206 -0.00195836
internal_weight=0 11647 39956 25555 14401 10979 10291 6433 17110 3858 688 3422 143 1953 8445 2655 9116 305 253 1102 67 1905 47 10144 545 121 2531 424 5790 4550 853 396 76 8448 5530 2918 3117 123 6966 64 399 77 8173 50 5580 5247 57 1553 1392 620 148 3519 917 300 75 668 1240 115 322 1846 286 219 472
internal_count=51603 11647 39956 25555 14401 10979 10291 6433 17110 3858 688 3422 143 1953 8445 2655 9116 305 253 1102 67 1905 47 10144 545 121 2531 424 5790 4550 853 396 76 8448 5530 2918 3117 123 6966 64 399 77 8173 50 5580 5247 57 1553 1392 620 148 3519 917 300 75 668 1240 115 322 1846 286 219 472
is_linear=0
shrinkage=0.03


Tree=12
num_leaves=64
num_cat=0
split_feature=16 29 29 28 30 28 8 36 28 5 29 4 37 44 37 28 9 28 30 4 11 16 13 8 30 29 8 14 27 29 28 9 37 20 32 20 11 20 28 20 30 15 29 17 8 35 28 20 28 39 39 30 29 36 23 4 47 29 33 29 27 8 11
split_gain=4949.65 1104.62 1045.8 1853.65 1021.34 917.425 507.838 440.221 382.286 299.004 282.363 254.785 268.192 226.312 222.044 206.842 316.564 201.071 198.28 132.203 129.799 127.553 127.401 112.169 150.991 195.746 178.141 139.464 138.571 112.988 199.402 111.863 110.15 427.354 171.782 125.232 163.868 109.825 130.263 107.223 143.637 172.529 100.863 176.576 97.4702 96.1984 95.6501 94.5922 89.8977 85.4005 84.7982 83.1918 82.5096 90.7324 82.2523 80.6442 175.425 76.4933 76.0251 137.885 75.7516 74.9904 74.8218
threshold=24.500000000000004 1.0000000180025095e-35 1.0000000180025095e-35 75330.000000000015 2002.5000000000002 95550.000000000015 2444.5000000000005 21701.500000000004 44482.500000000007 308.50000000000006 1460.0000000000002 3.0000000000000004 4049780032.5000005 4048150.0000000005 3015830011.5000005 410625.00000000006 2800.0000000000005 1392525.0000000002 2005.5000000000002 3.0000000000000004 478.50000000000006 49.500000000000007 19.500000000000004 11012.500000000002 1954.5000000000002 30982.000000000004 9655.5000000000018 25.500000000000004 8249.0000000000018 4585.0000000000009 56970.000000000007 2800.0000000000005 1009165517.0000001 4.5000000000000009 14.500000000000002 4.5000000000000009 47.500000000000007 1.5000000000000002 136770.00000000003 2.5000000000000004 1928.5000000000002 10001.500000000002 580333.50000000012 315.00000000000006 512.50000000000011 271.50000000000006 44850.000000000007 4.5000000000000009 29970.000000000004 10.500000000000002 15.500000000000002 2010.5000000000002 1450845.0000000002 44103.500000000007 2.8750000000000004 3.0000000000000004 4.5000000000000009 1776705.0000000002 4.9000000000000012 1145457.0000000002 900228.50000000012 9297.5000000000018 904.00000000000011
decision_type=10 8 10 10 10 10 10 10 10 2 10 2 8 10 8 10 10 10 10 2 10 10 10 10 10 10 10 10 10 10 10 10 10 10 10 8 10 8 10 8 10 10 10 10 10 10 10 8 10 10 10 10 10 10 10 2 2 10 10 10 10 10 10
left_child=1 32 3 8 5 10 9 42 48 21 13 44 31 20 -11 37 17 -17 39 49 45 58 -10 24 25 26 28 -27 -12 30 -30 -13 35 51 -35 -1 -37 38 54 -3 -41 -42 -8 -44 -6 -4 -15 -21 -2 -18 -39 -34 53 -9 -5 -43 -57 -14 59 -7 -20 -24 -52
right_child=2 18 4 15 11 6 7 52 22 14 23 12 57 46 -16 16 19 -19 60 47 -22 -23 61 -25 -26 27 -28 -29 29 -31 -32 -33 33 34 -36 36 -38 50 -40 40 41 55 43 -45 -46 -47 -48 -49 -50 -51 62 -53 -54 -55 -56 56 -58 -59 -60 -61 -62 -63 -64
leaf_value=0.036520275143933204 -0.022196791870087582 -0.0033078352585201548 -0.1066476973252637 0.0097204928305438289 0.020734121100698222 -0.012555204681586473 -0.029298492538726417 -0.014963747187199129 -0.0093592153397658914 -0.095704777150832379 -0.09280786139068796 0.016726643247529864 -0.020663010061058834 -0.095600333190523079 -0.012069384884342605 0.021060383917546527 0.011977905783582283 0.04906336259653734 -8.9200988142310001e-05 -0.054920842960082851 -0.063154896542429922 0.0087857294179322937 0.0002464900720087981 -0.0081632359112818655 -0.022851424635654049 -0.050347896511852737 -0.13115382258966563 -0.14158273420835796 -0.0040799872986307098 -0.012953602344602006 -0.13481483432863439 -0.052363627759161695 0.026107371781566927 -0.0058813159380640308 -0.1258375175161795 0.023532493999931785 0.098356453504632499 0.0036788913301492084 0.023184108659478567 0.01778080640244889 -0.030486528794329188 0.010357641818042827 -0.13258052587509156 -0.045124874885248786 0.0035828687913015463 -0.19297689369664742 -0.025829948417376725 0.018144943305979603 -0.011240069145194162 -0.010634737619814479 -0.0088054424510036998 0.057947148147017458 -0.0012802368024917873 -0.025748169256155872 -0.0063627912209224969 0.022391897720595199 -0.062858375972136851 0.033020926604808216 -0.0018996127762476148 -0.086488730506306247 0.031726233985798505 -0.0066090770753835021 -0.060914045408229166
leaf_weight=1768 756 439 21 2343 334 120 457 4412 2389 29 34 24 36 28 1924 1115 997 291 76 52 20 1285 5852 86 168 25 20 38 21 132 21 174 523 21 22 43 68 2362 604 2560 97 5265 22 374 2783 26 48 23 6210 177 124 86 333 835 326 45 42 71 472 28 592 1903 31
leaf_count=1768 756 439 21 2343 334 120 457 4412 2389 29 34 24 36 28 1924 1115 997 291 76 52 20 1285 5852 86 168 25 20 38 21 132 21 174 523 21 22 43 68 2362 604 2560 97 5265 22 374 2783 26 48 23 6210 177 124 86 333 835 326 45 42 71 472 28 592 1903 31
internal_value=0 0.0172404 -0.00498491 -0.00134147 -0.0114503 -0.0159107 -0.0136684 -0.0188293 -0.00701785 -0.00506278 -0.0494504 0.00286005 -0.0233089 -0.0869702 -0.0133113 0.0101592 0.0170926 0.0268562 0.0123722 0.00610174 -0.127166 0.00339356 -0.00330183 -0.0396057 -0.0454969 -0.0585706 -0.0456369 -0.105378 -0.0374141 -0.02659 -0.0694474 -0.043989 0.0347743 0.0241498 -0.0672543 0.0384609 0.0693706 0.00697986 0.0106031 0.0111281 0.0119194 0.0091656 -0.0389014 -0.0499835 0.0054207 -0.154404 -0.0515348 -0.032514 -0.0124292 0.00856867 0.00226831 0.0306036 -0.0157609 -0.01668 0.00775603 0.00988426 -0.0187634 0.014959 -0.00778214 -0.0265426 0.0281065 -0.0014358 -0.0192272
internal_weight=0 11647 39956 25555 14401 10979 10291 6433 17110 3858 688 3422 305 143 1953 8445 2655 1406 9116 1249 67 1905 10144 545 459 291 228 63 208 174 42 198 2531 652 43 1879 111 5790 3273 8448 8009 5449 853 396 3117 47 76 75 6966 1174 2517 609 5580 5247 2669 5352 87 107 620 148 668 7755 155
internal_count=51603 11647 39956 25555 14401 10979 10291 6433 17110 3858 688 3422 305 143 1953 8445 2655 1406 9116 1249 67 1905 10144 545 459 291 228 63 208 174 42 198 2531 652 43 1879 111 5790 3273 8448 8009 5449 853 396 3117 47 76 75 6966 1174 2517 609 5580 5247 2669 5352 87 107 620 148 668 7755 155
is_linear=0
shrinkage=0.03


Tree=13
num_leaves=64
num_cat=0
split_feature=13 28 8 28 30 30 30 45 28 28 30 32 9 5 8 4 5 15 36 4 37 9 28 33 26 16 16 4 25 9 45 45 28 28 8 31 8 3 13 30 8 7 15 4 36 45 9 3 36 25 5 23 27 12 16 23 28 31 39 39 37 28 35
split_gain=4659.51 735.491 723.395 828.695 516.705 457.102 266.19 260.21 234.875 234.249 198.708 164.123 152.411 126.133 123.526 119.444 118.958 117.229 115.737 111.937 299.85 214.106 111.394 109.577 95.2767 94.2691 92.1907 88.8059 88.5555 82.7345 82.2887 112.346 109.645 107.575 98.162 79.9402 78.6146 73.9509 103.866 72.1094 191.861 70.1837 77.4479 67.668 67.6459 125.116 111.374 101.908 72.9185 66.3483 65.8926 65.6418 65.3385 118.09 65.0732 64.7611 95.404 63.5051 61.9565 66.7927 60.4553 114.366 77.4279
threshold=4.5000000000000009 49050.000000000007 1183.5000000000002 1154004.0000000002 2006.5000000000002 2001.5000000000002 1919.5000000000002 40045001008.000008 75330.000000000015 94603153.500000015 1946.5000000000002 3.2000000000000006 2800.0000000000005 309.50000000000006 3302.5000000000005 3.0000000000000004 308.50000000000006 10001.500000000002 30703.500000000004 3.0000000000000004 4049780032.5000005 148.50000000000003 35850.000000000007 4.9000000000000012 1.0000000180025095e-35 64.500000000000014 6.5000000000000009 1.5000000000000002 4.5000000000000009 90.500000000000014 30802001001.500004 31220002003.500004 101730.00000000001 410625.00000000006 4864.5000000000009 1.0000000180025095e-35 84.500000000000014 2008.5000000000002 21.500000000000004 1995.5000000000002 1591.5000000000002 86.500000000000014 11354.500000000002 3.0000000000000004 21802.500000000004 20210513000.500004 234.50000000000003 1959.5000000000002 43751.500000000007 2.5000000000000004 211.50000000000003 10.750000000000002 11364.500000000002 2005.5000000000002 11.500000000000002 5.7500000000000009 1269225.0000000002 1.0000000180025095e-35 11.500000000000002 12.500000000000002 1018331501.0000001 9030150.0000000019 14607.500000000002
decision_type=10 10 10 10 10 10 8 10 10 10 10 10 10 2 10 2 2 8 10 2 8 10 10 10 10 10 8 2 10 10 10 10 10 10 10 10 10 2 10 10 10 10 10 2 10 10 10 2 10 10 2 10 10 10 10 8 10 10 10 10 10 10 10
left_child=4 22 7 8 6 9 11 -3 13 10 14 27 18 50 16 -14 55 24 29 41 21 -21 -2 26 -8 -16 -6 54 60 -10 32 33 52 34 -32 -12 -13 -23 -39 44 -41 -7 -43 49 45 -37 -47 -48 -46 -38 -4 -29 53 -20 -1 -5 -57 -9 -24 -60 62 -62 -19
right_child=1 2 3 5 23 19 17 57 12 -11 35 36 15 -15 25 -17 -18 28 30 20 -22 37 58 -25 -26 -27 -28 51 -30 -31 31 -33 -34 -35 -36 39 43 38 -40 40 -42 42 -44 -45 48 46 47 -49 -50 -51 -52 -53 -54 -55 -56 56 -58 -59 59 -61 61 -63 -64
leaf_value=0.0052520091302933232 -0.01782809393870434 0.013979698015911469 -0.0049956994583786433 0.023434237219549403 -0.047184371392835267 -0.040748613697942346 -0.03771030996526991 0.039810893435496833 -0.0035512887370078056 -0.048987221494974462 0.023890633601906963 0.0019540890562000559 -0.0044468847572710097 -0.0016072448180955458 -0.027809294984102822 -0.058564858056212726 -0.011425139377739297 0.014332376669454158 -0.001087875654169869 0.036418893792563016 0.023268221864620079 -0.03587893187168608 -0.0078851379723050528 0.037652601018473834 0.014850545766261908 -0.0079057766070293189 0.019988954908081464 0.010971468612767536 0.0085980531394644465 0.018024756206509968 -0.012957968328867042 0.006820020543983841 0.018000971143891722 0.019005558220276112 -0.061910391945907091 -0.0091730689930135216 0.043177572929280851 -0.052608612378438314 -0.13214714397083627 -0.12286615571805409 -0.01679069640801141 0.0064333760249839639 -0.010370955502706541 0.06311746640476977 -0.013874817707564808 -0.031565016788002609 -0.11890498831335987 -0.030239833923988043 -0.02397141373931903 0.025452236704525164 -0.017122691738138681 0.027914823865231413 0.0067460283410307091 -0.084922597350552673 0.05627591391162174 -0.061965834785252805 0.0045403900966300087 -0.0029588251213496161 -0.018585561924516374 -0.0098222701035938047 -0.073556259065866464 0.0132777838911428 0.030484045185935744
leaf_weight=31 2303 2890 808 167 22 32 77 32 1436 170 44 67 1077 6055 312 38 530 4494 62 27 104 79 4221 1130 52 683 112 987 3414 180 171 2217 1288 71 47 199 334 45 22 21 57 1727 288 74 4473 222 28 20 752 441 805 260 711 20 82 20 661 1324 1323 1917 20 43 284
leaf_count=31 2303 2890 808 167 22 32 77 32 1436 170 44 67 1077 6055 312 38 530 4494 62 27 104 79 4221 1130 52 683 112 987 3414 180 171 2217 1288 71 47 199 334 45 22 21 57 1727 288 74 4473 222 28 20 752 441 805 260 711 20 82 20 661 1324 1323 1917 20 43 284
internal_value=0 -0.00491131 -0.00257785 -0.00447522 0.0164751 -0.0108595 0.0143247 0.00889256 7.59003e-05 -0.0141315 -0.013408 0.0234233 0.00392042 -0.00359314 -0.0060919 -0.00629126 -0.000275708 0.0118546 0.00575598 0.00090955 -0.0169886 -0.0411893 -0.0120606 0.0346109 -0.016523 -0.0141469 0.0089605 0.0168119 0.0122981 -0.00114802 0.00818826 0.00452665 0.0125977 -0.0130665 -0.0235119 -0.016393 0.0332395 -0.0555415 -0.0787257 -0.0167001 -0.0453495 0.00333153 0.00403157 0.0357084 -0.0163076 -0.0272218 -0.0405243 -0.0819612 -0.015328 0.0330913 -0.0110479 0.0145042 0.0038216 -0.0215354 0.0422782 0.00669269 0.0025872 -0.00194951 -0.0102803 -0.0134006 0.0149075 -0.0142886 0.0152924
internal_weight=0 39679 29915 25669 11924 10683 10660 4246 14986 8359 8189 2276 7318 7668 2373 1115 1378 8384 6203 2324 277 173 9764 1264 129 995 134 1360 8255 1616 4587 2506 2081 289 218 5816 916 146 67 5772 78 2047 2015 849 5694 469 270 48 5225 775 1613 1247 793 82 113 848 681 1356 7461 3240 4841 63 4778
internal_count=51603 39679 29915 25669 11924 10683 10660 4246 14986 8359 8189 2276 7318 7668 2373 1115 1378 8384 6203 2324 277 173 9764 1264 129 995 134 1360 8255 1616 4587 2506 2081 289 218 5816 916 146 67 5772 78 2047 2015 849 5694 469 270 48 5225 775 1613 1247 793 82 113 848 681 1356 7461 3240 4841 63 4778
is_linear=0
shrinkage=0.03


Tree=14
num_leaves=64
num_cat=0
split_feature=16 29 29 27 30 29 8 36 5 27 26 23 4 37 37 27 30 29 29 7 12 26 44 47 39 39 27 12 32 16 20 30 15 23 4 31 15 36 13 13 27 39 27 20 27 20 35 8 12 14 2 35 23 37 33 20 4 33 29 4 47 27 23
split_gain=4384.73 1007.98 962.743 1326.56 921.241 696.096 511.865 373.362 316.774 307.36 255.128 236.667 230.381 238.852 196.879 182.192 174.741 136.545 302.243 204.106 168.545 115.035 111.441 115.783 170.607 108.355 108.259 104.255 195.141 103.749 99.8937 130.262 152.795 96.1115 92.22 96.2993 91.5259 91.2843 122.572 114.196 95.2958 90.7006 99.1756 89.58 105.883 89.5153 155.907 88.4711 85.3844 101.837 149.062 86.9857 83.4481 81.766 79.4884 78.8983 78.9697 77.9528 128.901 76.0443 165.224 75.1432 116.203
threshold=24.500000000000004 1.0000000180025095e-35 1.0000000180025095e-35 22469.500000000004 2002.5000000000002 1460.0000000000002 2444.5000000000005 21802.500000000004 308.50000000000006 13650.000000000002 2.5000000000000004 4.580000000000001 3.0000000000000004 4049780032.5000005 3015830011.5000005 22469.500000000004 2005.5000000000002 45698.000000000007 30982.000000000004 1198.5000000000002 1546.0000000000002 4.5000000000000009 4048150.0000000005 43.500000000000007 10.500000000000002 11.500000000000002 845775.00000000012 3003.5000000000005 9.0000000000000018 49.500000000000007 2.5000000000000004 1928.5000000000002 10001.500000000002 2.2900000000000005 3.0000000000000004 1.7500000000000002 11208.500000000002 43902.500000000007 19.500000000000004 15.500000000000002 21930.000000000004 15.500000000000002 336837.00000000006 4.5000000000000009 74764.000000000015 1.5000000000000002 330.50000000000006 512.50000000000011 1028.5000000000002 27.500000000000004 11411.500000000002 906.50000000000011 27.500000000000004 2039290501.0000002 6.2500000000000009 4.5000000000000009 3.0000000000000004 4.9000000000000012 1145457.0000000002 3.0000000000000004 4.5000000000000009 21450.000000000004 2.8750000000000004
decision_type=10 8 10 10 10 10 10 10 2 10 10 10 2 8 8 10 10 10 10 10 10 10 10 2 10 10 10 10 10 10 8 10 10 10 2 10 10 10 10 10 10 10 10 8 10 10 10 10 10 10 2 10 10 10 10 10 2 8 10 2 2 10 10
left_child=1 27 3 9 5 22 8 53 29 25 11 41 47 21 -10 17 30 18 48 20 -20 -14 23 24 33 36 34 -1 -29 57 -3 -32 -33 -4 35 -12 -2 38 39 61 -41 42 -5 -36 -45 46 -16 -6 -9 50 -50 -51 -30 -8 -13 56 -17 58 -7 -34 -61 -11 -63
right_child=2 16 4 10 12 6 7 15 14 37 26 54 13 -15 45 55 -18 -19 19 -21 -22 -23 -24 -25 -26 -27 -28 28 52 -31 31 32 59 -35 43 -37 -38 -39 -40 40 -42 -43 -44 44 -46 -47 -48 -49 49 51 -52 -53 -54 -55 -56 -57 -58 -59 -60 60 -62 62 -64
leaf_value=0.036685009425382907 -0.0075344773669340798 -0.0035253689692706794 -0.11788701892933912 0.014963225900657769 0.019720163007673226 -0.012249902760202529 -0.03310404362886956 -0.01096265532282511 -0.09135578631840903 0.01007901850699594 -0.0084699499267174658 0.033243126083335871 0.019866013433784243 0.013925709574500744 -0.011129491810881815 -0.014904290330976339 0.026347245394100972 0.017980028588960809 -0.2011745657622814 -0.021703108347952364 -0.080843483145264058 -0.0501969813632554 -0.048068179085764079 -0.035978144915855451 -0.1750356867450934 -0.011090846574337376 0.027456878415592339 0.026968258132670769 0.0020135363638401028 0.0081878083800302186 0.016754073682336734 -0.028765741638916056 0.0096857836369726551 -0.033414845166897231 -0.051837357555826503 0.0077392113977734749 -0.0010775728260824173 -0.0051242043022540285 0.0057439699311355261 -0.0092971427824858049 -0.057867794354495246 -0.0079477322077538982 0.049056187445604346 -0.063432380815967915 0.015092351246241698 -0.011417535494533716 -0.10418845598406803 0.0033798477163196577 -0.027492442663226809 -0.010723187142322141 -0.14193077846209051 -0.052333567373782648 -0.084648622792214148 -0.057509106134781864 0.067921334985229703 0.019086448021355222 -0.056200124239549037 -0.00079505027822541216 -0.083734266683251402 0.021348214174310366 -0.061386212892830368 0.012845463514328002 -0.074729642039537428
leaf_weight=1846 5991 439 27 2748 334 120 748 144 29 475 439 224 24 107 43 5410 668 41 20 20 22 174 86 23 26 4553 161 645 20 1280 2560 97 5265 22 54 1327 2948 1857 3446 840 38 151 79 20 68 1923 26 2783 21 93 20 88 20 148 81 61 42 468 28 45 42 30 25
leaf_count=1846 5991 439 27 2748 334 120 748 144 29 475 439 224 24 107 43 5410 668 41 20 20 22 174 86 23 26 4553 161 645 20 1280 2560 97 5265 22 54 1327 2948 1857 3446 840 38 151 79 20 68 1923 26 2783 21 93 20 88 20 148 81 61 42 468 28 45 42 30 25
internal_value=0 0.0162267 -0.00469184 -0.00119606 -0.0108952 -0.0151313 -0.0141451 -0.019075 -0.00548862 -0.00471406 0.0120839 0.0172837 0.00269585 -0.0221883 -0.013752 -0.0163699 0.0115764 -0.0343201 -0.0393301 -0.100582 -0.138144 -0.0417045 -0.0729911 -0.0948623 -0.11292 -0.00732377 0.00383306 0.032976 0.0229808 0.0033195 0.0104085 0.0111722 0.00854979 -0.0799607 0.00183964 0.00370987 -0.00540505 0.000532581 0.0026967 -0.00476131 -0.0113993 0.0147059 0.0159159 -0.0214196 -0.00275418 -0.0126222 -0.0461952 0.00513078 -0.0289541 -0.0406242 -0.083316 -0.0309536 -0.0413175 -0.0371352 0.0424527 -0.0148428 -0.0152224 -0.00679648 -0.025774 0.0092261 -0.0185925 0.0062352 -0.0269614
internal_weight=0 11647 39956 25555 14401 10979 10795 6878 3917 20203 5352 3283 3422 305 2021 5982 9116 469 428 62 42 198 184 98 75 13492 2069 2531 685 1896 8448 8009 5449 49 1908 1766 8939 6711 4854 1408 878 2978 2827 142 88 1992 69 3117 366 222 41 181 40 896 305 5513 5452 616 148 5352 87 530 55
internal_count=51603 11647 39956 25555 14401 10979 10795 6878 3917 20203 5352 3283 3422 305 2021 5982 9116 469 428 62 42 198 184 98 75 13492 2069 2531 685 1896 8448 8009 5449 49 1908 1766 8939 6711 4854 1408 878 2978 2827 142 88 1992 69 3117 366 222 41 181 40 896 305 5513 5452 616 148 5352 87 530 55
is_linear=0
shrinkage=0.03


Tree=15
num_leaves=64
num_cat=0
split_feature=40 29 29 28 30 29 8 10 36 28 40 28 26 4 37 30 39 7 45 6 8 36 23 29 28 28 8 28 10 4 7 29 24 35 26 36 27 6 6 30 20 36 17 29 8 16 10 28 29 8 26 8 30 36 37 4 7 40 28 9 8 28 8
split_gain=4118.28 941.772 821.504 1495.57 745.014 555.893 439.835 324.598 306.759 240.918 236.775 224.96 255.355 220.928 260.561 168.799 149.562 125.947 120.934 116.345 196.708 113.011 111.814 131.763 109.898 106.211 112.793 104.341 101.632 99.7297 96.9451 96.724 168.363 92.4921 111.117 88.6671 88.008 87.543 87.5805 294.395 85.677 82.1055 81.9219 78.2128 76.1257 84.146 88.0073 75.3659 134.857 97.3661 73.6804 73.2106 73.0226 70.9865 69.636 68.6337 67.4883 67.1577 66.9418 65.4395 113.725 64.8536 64.5454
threshold=16.500000000000004 1.0000000180025095e-35 1.0000000180025095e-35 63510.000000000007 2001.5000000000002 1460.0000000000002 2444.5000000000005 308.50000000000006 21706.500000000004 37830.000000000007 33.500000000000007 556988.50000000012 4.5000000000000009 3.0000000000000004 4049780032.5000005 2000.5000000000002 7.5000000000000009 81.500000000000014 40598002000.500008 7.5000000000000009 1.0000000180025095e-35 44103.500000000007 7.2500000000000009 11465.000000000002 1392525.0000000002 72990.000000000015 6696.5000000000009 5186475.0000000009 202.50000000000003 3.0000000000000004 185.50000000000003 211305.50000000003 1.0000000180025095e-35 113.50000000000001 1.0000000180025095e-35 32004.500000000004 14961.000000000002 15.500000000000002 19.500000000000004 1934.5000000000002 5.5000000000000009 30101.500000000004 2215.0000000000005 1776705.0000000002 8761.5000000000018 47.500000000000007 201.50000000000003 101730.00000000001 35355.000000000007 6327.5000000000009 4.5000000000000009 855.50000000000011 1983.5000000000002 43701.500000000007 3009640010.5000005 3.0000000000000004 70.500000000000014 15.500000000000002 4050675.0000000005 28.500000000000004 5349.5000000000009 110144247.00000001 13637.000000000002
decision_type=10 8 10 10 10 10 10 10 10 10 10 10 10 2 8 8 10 10 10 2 10 10 8 10 10 10 10 10 10 2 10 10 10 10 10 10 10 2 2 10 10 10 10 10 10 10 10 10 10 10 10 10 10 8 8 2 10 8 10 10 10 10 10
left_child=1 17 3 9 5 16 7 28 42 -2 -9 36 24 27 50 22 -4 -1 -11 20 -17 40 30 -24 37 26 -18 -6 -7 -22 -3 -32 -33 34 -25 -14 -5 -13 39 -39 47 -30 -8 -16 45 46 -38 48 59 -50 -15 -36 58 -20 -29 -35 -21 -34 -26 60 -10 -53 -23
right_child=2 15 4 11 13 6 8 10 21 18 -12 12 35 14 43 19 25 -19 53 56 29 62 23 33 52 -27 -28 54 41 -31 31 32 57 55 51 -37 44 38 -40 -41 -42 -43 -44 -45 -46 -47 -48 -49 49 -51 -52 61 -54 -55 -56 -57 -58 -59 -60 -61 -62 -63 -64
leaf_value=0.037942567978559695 -0.015197743044555503 0.0074132228720070036 -0.039832874071336795 0.00037784267366068418 -0.00059807286034727156 -0.0090173586006428979 -0.039232891007802181 -0.10145404440247349 0.0019308641925454137 -0.0082334872845389907 -0.012006625295883606 0.047377242585644123 0.011263457668795744 0.0110543811628595 -0.023663152890545981 0.082464951136364387 -0.17142275780439375 0.024934325257145604 0.0045391530582507607 0.057394963846756859 0.024316194602794879 -0.027085622008422797 0.025705359915628601 -0.024744038259460855 0.045717942006261336 -0.044674367550760506 -0.086373171856005987 0.028665213858455239 0.03489247456783115 -0.030357974681162067 0.00067018818221948738 -0.10791232679039239 -0.0088417153040853801 0.012749158861039497 0.013063066082985231 -0.0087330032985952245 0.021322184247030338 0.031209079371513546 0.020724203469695158 -0.11165010162815452 0.033146168712526562 0.0066769829388044731 -0.01728977343362129 0.030209084349342538 -0.0045575327547855279 0.0088674636999698832 -0.017091550440982577 -0.013172543789050209 -0.12801609648764134 -0.034405472829937937 -0.049746309769307738 -0.00072318057707140241 0.017940973474279694 -0.0040809531785806078 0.0080356661287872486 -0.021323743979963991 0.0081707101669589704 -0.064945511641827491 0.091420504025050559 -0.0063587911774945303 -0.08568432130827569 0.026788248871284795 -0.0059883828709728472
leaf_weight=1230 3046 953 77 2663 1679 366 700 27 24 7011 1967 96 1022 20 35 52 23 1471 1128 26 956 962 483 112 164 24 36 169 101 31 372 20 151 3619 786 248 71 37 418 20 35 1146 196 79 475 5093 220 4600 20 20 174 1088 69 3616 1145 54 699 22 35 109 30 83 151
leaf_count=1230 3046 953 77 2663 1679 366 700 27 24 7011 1967 96 1022 20 35 52 23 1471 1128 26 956 962 483 112 164 24 36 169 101 31 372 20 151 3619 786 248 71 37 418 20 35 1146 196 79 475 5093 220 4600 20 20 174 1088 69 3616 1145 54 699 22 35 109 30 83 151
internal_value=0 0.0152255 -0.00471961 -0.00151318 -0.0105799 -0.0144511 -0.0136017 -0.00512356 -0.018068 -0.0076788 -0.0132178 0.00707089 0.0158433 0.0018675 -0.0223262 0.0107842 -0.0699467 0.0308581 -0.00573046 0.0191593 0.0255952 -0.0156041 0.00887617 0.0106564 0.0286866 -0.0978836 -0.119528 0.0043572 0.00488258 0.022599 0.00157573 -0.00827051 -0.0255034 0.00939055 0.00431747 0.00735864 0.00489992 0.0212481 0.0159673 -0.0189169 -0.0136212 0.00896228 -0.0344328 0.0136694 0.00695527 0.00797097 -0.00771913 -0.013962 -0.0318509 -0.0812108 -0.0434782 0.00598067 0.044535 -0.00203132 0.0106889 0.0122482 0.00993599 -0.0159763 0.0537561 -0.019738 -0.0467442 0.00122682 -0.0242234
internal_weight=0 12208 39347 25432 13915 10614 10454 3607 6847 14801 1994 10631 2109 3301 308 9507 160 2701 11755 1764 1039 5951 7743 6225 839 83 59 2993 1613 987 1518 565 193 5742 2069 1270 8522 571 475 57 4838 1247 896 114 5859 5384 291 4803 203 40 194 1957 268 4744 1314 3673 725 173 199 163 54 1171 1113
internal_count=51555 12208 39347 25432 13915 10614 10454 3607 6847 14801 1994 10631 2109 3301 308 9507 160 2701 11755 1764 1039 5951 7743 6225 839 83 59 2993 1613 987 1518 565 193 5742 2069 1270 8522 571 475 57 4838 1247 896 114 5859 5384 291 4803 203 40 194 1957 268 4744 1314 3673 725 173 199 163 54 1171 1113
is_linear=0
shrinkage=0.03


Tree=16
num_leaves=64
num_cat=0
split_feature=40 29 29 27 30 29 8 5 15 40 4 37 27 30 27 44 8 20 5 8 20 27 8 40 27 37 13 16 5 2 8 11 13 37 20 20 35 27 12 9 9 8 44 8 4 29 27 12 12 16 9 29 40 33 30 15 20 9 30 12 20 15 7
split_gain=3874.89 887.052 772.953 1102.2 700.984 523.04 413.84 305.415 231.103 222.782 207.871 245.161 200.282 165.462 161.518 138.479 133.445 111.244 108.83 201.726 101.532 97.5597 120.605 103.148 96.1989 117.584 105.131 125.17 95.626 95.5792 92.0374 88.6035 113.817 83.9263 311.695 89.2864 128.28 81.9433 78.4422 80.3934 96.9164 78.3909 77.6011 76.2024 74.6147 73.6667 67.5766 66.5945 74.5754 65.9452 65.463 64.2688 65.3247 88.4477 83.0771 64.2418 63.7843 89.5671 85.9832 83.1119 70.1097 63.5129 63.3485
threshold=16.500000000000004 2304.5000000000005 1.0000000180025095e-35 15450.000000000002 2001.5000000000002 1460.0000000000002 2444.5000000000005 308.50000000000006 10470.500000000002 33.500000000000007 3.0000000000000004 4049780032.5000005 22469.500000000004 2000.5000000000002 481959.00000000006 4048150.0000000005 5307.5000000000009 1.5000000000000002 109.50000000000001 1569.5000000000002 2.5000000000000004 8969.5000000000018 9141.5000000000018 35.500000000000007 697518.00000000012 1020735083.5000001 7.5000000000000009 47.500000000000007 202.50000000000003 10465.500000000002 512.50000000000011 904.00000000000011 21.500000000000004 1009165517.0000001 4.5000000000000009 4.5000000000000009 47.500000000000007 8671279.5000000019 2016.5000000000002 32.500000000000007 62.500000000000007 6107.5000000000009 3017300.0000000005 3237.5000000000005 3.0000000000000004 2875099.5000000005 10374750.500000002 2002.5000000000002 1008.5000000000001 114.50000000000001 2800.0000000000005 112226468.00000001 11.500000000000002 5.5000000000000009 1928.5000000000002 10001.500000000002 3.5000000000000004 74.500000000000014 1894.5000000000002 3523.0000000000005 1.5000000000000002 10006.500000000002 70.500000000000014
decision_type=10 8 10 10 10 10 10 2 10 10 2 8 10 8 10 10 10 10 2 8 10 10 10 10 10 10 10 10 2 2 10 10 10 10 10 10 10 10 10 10 10 10 10 10 2 10 10 10 10 10 10 10 10 8 10 10 8 10 10 10 10 8 10
left_child=1 14 3 21 5 15 7 28 16 -9 30 50 -5 20 56 17 43 47 19 37 -3 -2 23 31 26 -26 -14 29 -7 -28 -6 -23 -33 35 46 61 -37 44 39 -31 -41 -10 -29 -8 -15 -13 -35 48 -4 -25 -12 52 53 -22 -54 -56 58 -58 60 -60 -1 -16 -20
right_child=2 13 4 12 10 6 8 9 41 -11 11 45 24 18 33 -17 -18 -19 62 -21 51 22 -24 49 25 -27 27 42 -30 38 -32 32 -34 34 -36 36 -38 -39 -40 40 -42 -43 -44 -45 -46 -47 -48 -49 -50 -51 -52 -53 54 -55 55 -57 57 -59 59 -61 -62 -63 -64
leaf_value=0.06010872450639617 -0.0098910620682102976 -0.0068503776425510744 -0.13192599733918906 0.0018219419586146654 0.018801178394695341 -0.0087468377871822451 -0.022520936761735281 -0.098410417255428109 -0.010418665011058698 -0.011646426463085989 0.0092278927797451605 -0.017158470585603606 0.034443628565477044 0.017019060991449911 0.024293824955991399 -0.037379793936166632 -0.015068759487814318 -0.03845161976292729 0.055673114663133252 0.066715536716770607 -0.069422231242060664 -0.0044722341995261363 -0.0099800818826528536 0.0032529334788902685 0.088094191220071588 0.021603546551389009 0.0064549723675782506 0.017555322837189375 0.0086934110105994396 -0.0062434490397572521 0.0023275888032321334 -0.014222381713153667 -0.078239181930772381 0.026755997057391838 -0.057583497854379509 0.018000981334099098 0.097025520485990197 0.034898233480313241 0.001604740245626696 -0.10020515346070169 -0.023779091468812633 -0.017818945724048692 0.0080400984371159171 -0.038931002663221866 -0.032230681633127145 0.032379011223358768 0.061252608403696548 -0.15502764394749766 -0.050000499129295349 -0.0037912657069582652 -0.048082097817597716 -0.029992214064849049 0.015024467168986462 -0.00058714511671236586 -0.025339133167586656 0.0078644841513689171 0.049853966039851406 0.017641647457897376 0.015317229312653464 -0.011117073608622435 0.019556407050678522 0.039518146666200876 0.0079969064892762842
leaf_weight=53 4830 388 20 4394 345 366 392 27 2392 1967 20 44 149 611 328 73 544 24 26 94 21 2579 2936 2527 27 211 158 986 1247 33 2648 647 26 585 39 29 51 255 54 32 28 2792 3544 727 29 70 56 23 20 2271 174 38 1799 84 53 4992 124 208 346 155 139 994 711
leaf_count=53 4830 388 20 4394 345 366 392 27 2392 1967 20 44 149 611 328 73 544 24 26 94 21 2579 2936 2527 27 211 158 986 1247 33 2648 647 26 585 39 29 51 255 54 32 28 2792 3544 727 29 70 56 23 20 2271 174 38 1799 84 53 4992 124 208 346 155 139 994 711
internal_value=0 0.0147687 -0.00457802 -0.00146779 -0.0102625 -0.0140176 -0.0131937 -0.00496985 -0.017526 -0.0128213 0.00181148 -0.0216564 0.00654185 0.0100438 0.0286091 -0.0678483 -0.027257 -0.0934138 0.0184053 0.0249083 0.00808688 -0.00633758 -0.00477529 -0.00287699 0.0105134 0.0291466 0.00962357 0.00885869 0.00473611 -0.00974384 0.00422648 -0.00700184 -0.0166955 0.0334084 0.0247598 0.0376032 0.0683791 0.0205173 -0.0271548 -0.0438539 -0.0645397 -0.0144043 0.0101112 -0.0331823 0.0147874 0.0132593 0.0297697 -0.114352 -0.0909632 -8.12425e-05 -0.0421739 0.00891637 0.00912914 -0.0143542 0.00948941 0.00751567 0.0188606 0.0296728 0.0136807 0.00713895 0.0307505 0.0357409 0.00967884
internal_weight=0 12208 39347 25432 13915 10614 10454 3607 6847 1994 3301 308 9616 9101 3107 160 1663 87 1726 989 7375 15816 10986 8050 5222 238 4984 4835 1613 305 2993 3252 673 2082 680 1402 80 895 147 93 60 5184 4530 1119 640 114 641 63 40 4798 194 6987 6949 105 6844 5045 1025 332 693 501 192 1322 737
internal_count=51555 12208 39347 25432 13915 10614 10454 3607 6847 1994 3301 308 9616 9101 3107 160 1663 87 1726 989 7375 15816 10986 8050 5222 238 4984 4835 1613 305 2993 3252 673 2082 680 1402 80 895 147 93 60 5184 4530 1119 640 114 641 63 40 4798 194 6987 6949 105 6844 5045 1025 332 693 501 192 1322 737
is_linear=0
shrinkage=0.03


Tree=17
num_leaves=64
num_cat=0
split_feature=40 29 29 28 30 29 8 5 36 28 40 28 9 4 37 30 4 5 28 23 5 8 28 29 29 36 17 11 23 28 35 20 5 40 9 11 15 31 32 20 20 36 4 20 4 17 29 28 20 36 30 36 29 28 29 11 29 17 9 12 28 15 37
split_gain=3645.88 836.346 727.271 1346.7 659.556 492.128 389.382 287.365 273.134 221.383 209.615 201.02 242.194 195.586 230.672 149.636 145.811 126.187 122.316 117.945 104.93 173.012 103.807 177.314 148.12 102.138 99.2795 100.18 97.2072 96.6229 90.0638 190.861 89.9745 87.9465 188.177 87.0107 83.4393 83.2732 90.9035 80.5387 79.6281 77.2531 73.4006 72.6405 80.9333 77.9797 74.783 72.1156 112.74 81.0275 125.227 87.0968 71.4139 70.6685 126.927 139.169 69.9283 66.7236 64.9752 122.023 65.196 64.9683 63.6689
threshold=16.500000000000004 1.0000000180025095e-35 1.0000000180025095e-35 63510.000000000007 2001.5000000000002 1460.0000000000002 2444.5000000000005 308.50000000000006 21706.500000000004 37830.000000000007 33.500000000000007 556988.50000000012 2800.0000000000005 3.0000000000000004 4049780032.5000005 2000.5000000000002 3.0000000000000004 412.50000000000006 1392525.0000000002 64.000000000000014 109.50000000000001 1569.5000000000002 6290325.0000000009 2155044.0000000005 11465.000000000002 44103.500000000007 2815.0000000000005 484.50000000000006 2.8750000000000004 5186475.0000000009 131.50000000000003 4.5000000000000009 202.50000000000003 33.500000000000007 33.500000000000007 184.01500000000001 10001.500000000002 2.2150000000000003 1.5000000000000002 5.5000000000000009 4.5000000000000009 30101.500000000004 3.0000000000000004 4.5000000000000009 3.0000000000000004 4150.0000000000009 243065.00000000003 93030.000000000015 1.5000000000000002 30405.500000000004 1877.5000000000002 30609.500000000004 17235929.000000004 101730.00000000001 30982.000000000004 1007.0000000000001 1776705.0000000002 7560.0000000000009 28.500000000000004 2000.5000000000002 7231501.5000000009 10023.500000000002 3009640010.5000005
decision_type=10 8 10 10 10 10 10 2 10 10 10 10 10 2 8 8 2 2 10 8 2 8 10 10 10 10 10 10 10 10 8 10 2 10 10 10 10 10 10 10 8 10 2 10 2 10 10 10 8 10 10 10 10 10 10 10 10 10 10 10 10 10 8
left_child=1 19 3 9 5 17 7 32 35 -2 -9 47 18 29 -15 22 -14 28 37 30 21 42 23 -3 -24 39 27 -11 33 -6 58 -32 -7 -4 -35 -8 52 38 -13 53 -18 -34 -17 44 45 46 -38 -5 49 -49 -51 -52 -26 54 -10 -56 -16 -28 59 60 -1 -46 -31
right_child=2 15 4 11 13 6 8 10 25 26 -12 12 16 14 56 20 40 -19 -20 -21 -22 -23 24 -25 36 -27 57 -29 -30 62 31 -33 41 34 -36 -37 43 -39 -40 -41 -42 -43 -44 -45 61 -47 -48 48 -50 50 51 -53 -54 -55 55 -57 -58 -59 -60 -61 -62 -63 -64
leaf_value=0.061016859735908174 -0.014482110153344389 0.0025133296452550624 -0.14148937014596802 0.0019028217710387511 -0.00066879651197139219 -0.0084844327159989321 -0.012764550972899252 -0.095458110272884367 -0.016522195423584712 -0.0049654899442049842 -0.011297033836146143 0.01342523488575471 0.0085061822814365019 -0.040908635719679294 -0.022438504316977092 0.021723575954306809 -0.0530572574931596 -0.025713939582168749 0.042649332991009078 0.053246503899969599 0.0093884699016299564 0.061713847015611827 0.02734217969951001 -0.071219982863403863 0.015181274935436834 -0.022869415447326763 -0.0096589845667158503 0.0039373213686294071 -0.027047446302392263 0.027381588313177493 0.023039661246389866 -0.047283772292236487 0.033584898680005922 -0.0018251190148293971 -0.11406892862625238 -0.036883640577042 0.01885568500423759 0.02849752610300256 -0.037896725407668523 0.03255314704549632 0.013242192431353031 0.0062158711300035257 -0.025980353206396103 0.062477440101944885 -0.0039834482305098409 0.0068366998020432711 0.0071108039901830672 0.028765608108667441 0.0033330644095879987 -0.043938419210749702 -0.0041111609632415429 0.015264525487158778 -0.033562857715511006 -0.012356101505820618 -0.12387761719524859 -0.025428947593484606 0.028500746834221519 -0.00082693367741617087 0.029905841155508969 0.025587065969170496 0.1238299355506897 -0.069430958479642868 0.0076557089543838348
leaf_weight=58 3046 1362 28 4250 1679 366 165 27 151 4521 1967 276 1051 194 35 897 56 49 281 170 737 100 413 30 42 1113 4797 1520 22 169 988 36 101 20 41 731 1218 387 35 35 23 1146 30 23 43 3702 814 258 2507 37 252 1218 76 4600 24 28 79 917 1341 88 20 20 1145
leaf_count=58 3046 1362 28 4250 1679 366 165 27 151 4521 1967 276 1051 194 35 897 56 49 281 170 737 100 413 30 42 1113 4797 1520 22 169 988 36 101 20 41 731 1218 387 35 35 23 1146 30 23 43 3702 814 258 2507 37 252 1218 76 4600 24 28 79 917 1341 88 20 20 1145
internal_value=0 0.0143257 -0.00444068 -0.00142375 -0.00995463 -0.013597 -0.0127979 -0.00482076 -0.0170002 -0.00727445 -0.0124366 0.00672188 0.0150144 0.00175713 -0.0210067 0.0101403 0.00555165 -0.0658129 0.0259367 0.0290573 0.0180257 0.024224 0.00834388 0.00092425 0.0099701 -0.0146752 -0.00540678 -0.00272542 -0.0835142 0.00409969 0.0274326 0.0205674 0.00459402 -0.0974723 -0.0772677 -0.0324421 0.00876184 0.0192085 0.00764945 -0.0127901 -0.0337549 0.00843261 0.0201798 0.00926821 0.00905709 0.00942865 0.0141508 0.00466967 0.00742228 0.0132306 0.010571 0.011943 -0.0162133 -0.0131205 -0.030443 -0.0708668 0.0128615 -0.00824159 0.0320975 0.0498026 0.0771228 -0.0247604 0.0101928
internal_weight=0 12208 39347 25432 13915 10614 10454 3607 6847 14801 1994 10631 2109 3301 308 9507 1130 160 979 2701 1764 1027 7743 1392 6351 5951 11755 6041 111 2993 2531 1024 1613 89 61 896 5938 698 311 4838 79 1247 927 5820 5797 5734 2032 8522 4272 1765 1507 1470 118 4803 203 52 114 5714 1507 166 78 63 1314
internal_count=51555 12208 39347 25432 13915 10614 10454 3607 6847 14801 1994 10631 2109 3301 308 9507 1130 160 979 2701 1764 1027 7743 1392 6351 5951 11755 6041 111 2993 2531 1024 1613 89 61 896 5938 698 311 4838 79 1247 927 5820 5797 5734 2032 8522 4272 1765 1507 1470 118 4803 203 52 114 5714 1507 166 78 63 1314
is_linear=0
shrinkage=0.03


Tree=18
num_leaves=64
num_cat=0
split_feature=40 29 29 28 30 29 8 28 5 36 40 4 37 26 28 27 30 28 39 28 29 5 8 36 16 28 8 23 28 36 30 15 5 11 27 20 30 36 17 20 37 23 30 35 30 39 4 26 29 36 26 20 11 36 28 37 17 7 20 26 30 12 20
split_gain=3430.41 788.035 684.29 1268.2 620.576 463.044 366.37 303.491 270.381 256.992 197.227 184.027 217.04 174.614 248.637 148.205 146.824 145.44 128.47 102.704 160.52 96.3798 179.382 96.1019 94.6396 93.1146 102.066 92.0084 90.9125 88.5451 87.5617 122.151 84.657 81.8684 76.6329 75.7789 74.9701 72.6874 71.8747 71.8394 462.004 71.504 71.1284 67.9583 67.5226 66.8921 66.0617 66.0007 65.8504 64.2749 62.5526 119.342 61.213 61.1858 60.8729 59.906 59.8308 59.6046 58.7324 93.2407 80.282 78.2977 65.2196
threshold=16.500000000000004 2304.5000000000005 1.0000000180025095e-35 54870.000000000007 2001.5000000000002 1460.0000000000002 2444.5000000000005 93030.000000000015 308.50000000000006 21706.500000000004 33.500000000000007 3.0000000000000004 4049780032.5000005 3.5000000000000004 1392525.0000000002 481959.00000000006 2000.5000000000002 35850.000000000007 7.5000000000000009 6290325.0000000009 2155044.0000000005 109.50000000000001 1569.5000000000002 44103.500000000007 75.500000000000014 72990.000000000015 6696.5000000000009 64.000000000000014 5186475.0000000009 31604.500000000004 1928.5000000000002 10001.500000000002 202.50000000000003 184.01500000000001 8671279.5000000019 5.5000000000000009 1922.5000000000002 30101.500000000004 3025.0000000000005 4.5000000000000009 1010040507.0000001 4.580000000000001 1938.5000000000002 283.50000000000006 1983.5000000000002 14.500000000000002 3.0000000000000004 4.5000000000000009 2875099.5000000005 30309.500000000004 1.5000000000000002 1.5000000000000002 670.50000000000011 43902.500000000007 4050675.0000000005 3009640010.5000005 7560.0000000000009 70.500000000000014 3.5000000000000004 4.5000000000000009 1894.5000000000002 3523.0000000000005 1.5000000000000002
decision_type=10 8 10 10 10 8 10 10 2 10 10 2 8 10 10 10 8 10 10 10 10 2 8 10 10 10 10 8 10 8 10 10 2 10 10 10 10 10 10 10 10 10 10 10 10 8 2 10 10 10 10 10 10 10 10 8 10 10 8 10 10 10 10
left_child=1 15 3 17 5 18 8 29 32 33 -10 28 47 14 41 58 19 -2 -4 20 -3 22 34 35 43 26 -20 36 -6 -5 -21 -32 -7 -8 46 45 -17 -34 -19 -38 -41 -9 -43 -15 54 50 -18 -13 -14 -26 51 -11 -25 -31 -16 -30 -40 -23 60 -60 62 -62 -1
right_child=2 16 4 7 11 6 9 13 10 23 -12 12 48 24 44 27 21 38 25 30 -22 57 -24 52 49 -27 -28 -29 55 53 31 -33 37 -35 -36 -37 39 -39 56 40 -42 42 -44 -45 -46 -47 -48 -49 -50 -51 -52 -53 -54 -55 -56 -57 -58 -59 59 -61 61 -63 -64
leaf_value=0.057442344008189331 -0.015541463454934689 0.0012254782451998532 -0.03592875694154541 -0.0058445981372914919 -0.00064873267791845223 -0.0082298996154797164 -0.01238161455848347 0.010541855440577475 -0.092594361537032654 -0.068225063884941053 -0.010958122695071125 0.011931067250669001 -0.016283143616535444 0.0054410293468083746 0.042579621053755103 0.039025354557820864 0.015856781776334459 -0.0047031084397752996 -0.15936217274354852 0.015850790477686536 -0.069083385641220962 0.053721267474958527 0.062862654804113377 -0.02485205431817223 0.018782888290709173 -0.039909730248618866 -0.078457725401967757 0.053852803087974715 0.026560140802640707 0.004500355398055972 -0.027780491475476246 0.0078894782328233874 0.032577351457116627 -0.035777130951912539 0.033205191745477564 0.031576552679479522 0.027562512414940347 0.0060293950517698435 -0.011445417005456192 0.070473535393054287 -0.084929764487526635 0.041227660185678763 -0.0032403444685041903 -0.01263263062436944 0.015804803019551478 -0.022423287104379287 -0.030484350436720355 -0.045613841252594156 0.030552618519269992 0.0042153940577502698 -0.0061465588041579935 -0.013257715810138323 -0.0036357202190806025 -0.0021255620371384556 0.086161272423607965 0.0074260376262789644 -0.0014755270436532934 0.0074753450849417685 0.049109577266615814 0.01601669965628183 0.014249028825851134 -0.011408262915548778 0.018329832237012844
leaf_weight=53 2191 1131 77 1496 1679 366 165 3554 27 36 1967 20 44 313 164 558 611 5441 23 1362 30 26 94 973 348 24 36 154 169 3869 88 4764 101 731 255 35 1301 1146 3559 36 33 131 43 466 69 565 29 174 70 1258 1365 2837 140 1856 35 1145 639 711 120 212 346 155 139
leaf_count=53 2191 1131 77 1496 1679 366 165 3554 27 36 1967 20 44 313 164 558 611 5441 23 1362 30 26 94 973 348 24 36 154 169 3869 88 4764 101 731 255 35 1301 1146 3559 36 33 131 43 466 69 565 29 174 70 1258 1365 2837 140 1856 35 1145 639 711 120 212 346 155 139
internal_value=0 0.0138959 -0.00430746 -0.00138104 -0.00965599 -0.0131891 -0.0124139 0.0048666 -0.00467614 -0.0164902 -0.0120635 0.00170442 -0.0203765 0.00963362 0.0134676 0.026941 0.00944244 -0.0085645 -0.0638385 0.00759906 -0.000591288 0.017319 0.0234387 -0.014235 0.00320991 -0.0897306 -0.109997 0.0315383 0.0039767 0.000654108 0.00912932 0.00724254 0.0044562 -0.0314688 0.0192981 -0.0124064 0.0297559 0.00817963 -0.0069786 0.0259804 -0.00384978 0.0114612 0.0302384 -0.00537069 0.0413777 -0.0127269 0.0137569 -0.0396814 0.0124757 0.00737199 -0.0114342 -0.0139465 -0.0221833 0.00235229 0.0502447 0.00988697 -0.00992785 0.00910682 0.0176028 0.027978 0.0126323 0.00631114 0.0291265
internal_weight=0 12208 39347 25432 13915 10614 10454 13602 3607 6847 1994 3301 308 6381 3996 3107 9101 11830 160 7375 1161 1726 989 5951 2385 83 59 2082 2993 7221 6214 4852 1613 896 895 4838 1928 1247 9639 1370 69 3728 174 779 268 4803 640 194 114 1606 4238 2873 1113 5725 199 1314 4198 737 1025 332 693 501 192
internal_count=51555 12208 39347 25432 13915 10614 10454 13602 3607 6847 1994 3301 308 6381 3996 3107 9101 11830 160 7375 1161 1726 989 5951 2385 83 59 2082 2993 7221 6214 4852 1613 896 895 4838 1928 1247 9639 1370 69 3728 174 779 268 4803 640 194 114 1606 4238 2873 1113 5725 199 1314 4198 737 1025 332 693 501 192
is_linear=0
shrinkage=0.03


Tree=19
num_leaves=64
num_cat=0
split_feature=13 29 29 28 25 29 4 29 3 15 36 28 28 9 27 33 4 13 39 28 28 29 45 29 3 23 29 6 27 29 14 29 6 9 2 15 29 4 27 28 36 44 3 6 6 23 39 27 44 9 4 37 4 44 6 4 27 4 26 7 32 37 7
split_gain=3231.63 772.592 628.006 1207.27 549.041 503.581 315.877 256.063 222.924 197.369 242.611 196.206 174.279 239.382 171.176 146.206 134.204 126.017 119.83 119.76 109.2 109.134 105.944 102.367 109.796 99.4855 96.2564 85.6287 84.1508 138.207 82.4456 80.6 77.1785 181.774 98.4848 76.922 76.9823 83.7852 75.943 74.7694 94.5397 72.133 71.7695 95.1032 71.5165 166.204 70.0394 68.4626 87.4036 68.4606 80.8316 67.3839 64.8981 63.7045 63.2552 62.0237 61.2075 61.1065 60.5454 60.5112 81.4208 264.236 60.4705
threshold=4.5000000000000009 1460.0000000000002 1.0000000180025095e-35 63510.000000000007 1.0000000180025095e-35 1460.0000000000002 3.0000000000000004 211305.50000000003 1990.5000000000002 10472.500000000002 31802.500000000004 37830.000000000007 556988.50000000012 2800.0000000000005 1762522.0000000002 6.2500000000000009 3.0000000000000004 15.500000000000002 7.5000000000000009 6290325.0000000009 1392525.0000000002 3324918.5000000005 40598002000.500008 40494.000000000007 2005.5000000000002 64.000000000000014 2032410.5000000002 15.500000000000002 15450.000000000002 30982.000000000004 11.500000000000002 2875099.5000000005 6.5000000000000009 7503.5000000000009 10467.500000000002 10001.500000000002 53985632.000000007 3.0000000000000004 14961.000000000002 72990.000000000015 32004.500000000004 1014651.0000000001 1900.5000000000002 16.500000000000004 19.500000000000004 2.0750000000000006 10.500000000000002 8249.0000000000018 5011751.0000000009 148.50000000000003 3.0000000000000004 4051855003.5000005 1.5000000000000002 4047250.0000000005 28.500000000000004 3.0000000000000004 200252.00000000003 1.5000000000000002 1.0000000180025095e-35 86.500000000000014 14.500000000000002 1010040507.0000001 30.500000000000004
decision_type=10 8 10 10 10 10 2 10 2 10 10 10 10 10 10 10 2 10 10 8 10 10 10 10 2 8 10 2 10 10 10 10 2 8 2 8 8 2 10 10 10 10 2 2 2 8 10 10 10 10 2 8 2 10 2 2 10 2 10 10 10 10 10
left_child=1 25 3 11 6 18 17 -8 9 15 52 -2 38 20 -9 26 46 62 -6 21 27 -3 -13 32 35 59 47 -14 29 53 -28 -30 33 -21 42 58 37 -37 -5 40 -20 -39 -34 -44 45 -29 -15 48 -7 -10 56 -19 -11 -12 -18 -36 -51 -22 -25 -1 -61 -62 -4
right_child=2 19 4 12 5 8 7 14 49 10 28 22 13 16 -16 -17 54 51 39 23 57 -23 -24 24 -26 -27 30 44 31 -31 -32 -33 34 -35 55 36 -38 41 -40 -41 -42 -43 43 -45 -46 -47 -48 -49 -50 50 -52 -53 -54 -55 -56 -57 -58 -59 -60 60 61 -63 -64
leaf_value=0.031798793218907294 -0.013630002047112491 0.0026067668224428573 0.027264282293510057 0.00024964829400731935 -0.037760286137838904 -0.085298910818528376 -0.13471289111673831 -0.038244812612263659 0.018229348772165307 -0.01915735020674765 -0.037634903622703567 -0.0074313049068218196 0.043594302524311034 0.010573083218485501 0.023155376380140133 -0.0039808763029013832 0.0089486250139610909 0.0007275339433698841 -0.15458130831303804 0.017687736272290946 0.0006545108160184276 -0.064753766534003332 -0.0016262088750357089 -0.032180966722804238 0.02534656471494131 0.050732120591249451 -0.085181661233305922 -0.078062928877770887 -0.012730571395772642 -0.089025317234918466 -0.033127086706797641 0.031696643926001883 -0.069319811929017303 0.054993152715350414 0.009152102569549618 0.0085298001458693606 0.027403745077637306 -0.0029482548045260564 0.006339414054508676 -0.043978431262075901 -0.077893189065731491 -0.070004960314624692 0.013626249468885363 -0.059292443909428331 0.017532861647066522 0.02443824745448572 -0.011363188505806886 -0.019364839840215878 -0.0076211948726664881 -0.0081721344483172437 -0.037437872550306985 -0.017730948475070223 0.0022756606136435653 -0.002390287030945354 -0.050142866782844062 0.038228588105645028 0.011682646140281366 0.045251462439919121 0.013629873029887676 0.024118253814708553 0.034493986996619597 -0.085157473408258882 0.0083400913900318566
leaf_weight=1128 3048 1348 173 2678 79 32 20 159 209 140 101 7011 104 948 55 431 23 1445 23 1074 31 22 4744 74 361 166 30 24 5480 32 314 37 20 132 378 5383 193 42 5911 24 39 22 60 22 539 35 152 1781 22 282 52 203 1385 85 56 80 277 256 40 1218 46 26 1250
leaf_count=1128 3048 1348 173 2678 79 32 20 159 209 140 101 7011 104 948 55 431 23 1445 23 1074 31 22 4744 74 361 166 30 24 5480 32 314 37 20 132 378 5383 193 42 5911 24 39 22 60 22 539 35 152 1781 22 282 52 203 1385 85 56 80 277 256 40 1218 46 26 1250
internal_value=0 0.0137629 -0.004097 -0.0012893 -0.00916512 -0.0124247 0.00154073 -0.0320583 -0.0116219 -0.0128706 -0.010327 -0.00684725 0.00635914 0.0139596 -0.0224644 -0.019946 0.00482943 0.00410086 -0.0644348 0.00971186 0.0248438 0.00152506 -0.00508853 0.011135 0.0092976 0.028266 -0.0231039 0.0184699 -0.013155 -0.0314363 -0.0376667 -0.0124326 0.0174973 0.0217709 0.0082938 0.0082907 0.00878385 0.0081241 0.00444066 -0.0889382 -0.106342 -0.025999 -0.0183652 -0.0059373 0.0141004 -0.0172571 0.00754189 -0.0203738 -0.0536524 0.00340819 -0.00166157 -0.00154617 0.00030804 -0.0215285 -0.032939 0.014231 0.00166646 0.0404344 -0.016107 0.0267236 0.0222858 -0.00871348 0.0106408
internal_weight=0 11835 39720 25560 14160 10855 3305 234 10690 9870 7260 14803 10757 2168 214 2610 1179 3071 165 9251 989 1370 11755 7881 6115 2584 2179 702 5735 218 344 5517 1766 1206 560 5754 5640 5447 8589 86 62 64 102 82 598 59 1100 1835 54 820 611 1648 1525 186 79 458 559 287 114 2418 1290 72 1423
internal_count=51555 11835 39720 25560 14160 10855 3305 234 10690 9870 7260 14803 10757 2168 214 2610 1179 3071 165 9251 989 1370 11755 7881 6115 2584 2179 702 5735 218 344 5517 1766 1206 560 5754 5640 5447 8589 86 62 64 102 82 598 59 1100 1835 54 820 611 1648 1525 186 79 458 559 287 114 2418 1290 72 1423
is_linear=0
shrinkage=0.03


Tree=20
num_leaves=64
num_cat=0
split_feature=16 29 29 23 25 29 4 29 8 5 2 8 29 20 9 32 13 44 29 39 9 29 7 4 15 29 23 4 12 32 25 2 14 14 2 4 15 9 4 37 20 23 11 13 8 9 45 20 7 45 39 8 20 9 2 8 13 8 6 6 12 2 20
split_gain=2953.17 695.618 594.197 589.359 527.262 397.781 374.537 301.815 271.405 242.999 261.967 217.407 188.802 178.204 168.027 146.975 137.207 136.502 128.545 126.296 111.378 124.36 106.062 95.1282 91.8329 91.0751 90.1202 85.198 83.1289 94.7624 77.9969 74.554 73.61 73.3121 73.1574 69.6765 84.1968 69.653 157.998 240.162 112.143 99.5642 77.2783 69.3682 68.7356 66.6189 65.9736 63.2974 223.435 60.0797 59.3104 59.0246 60.4328 85.9149 58.4227 58.2217 56.9255 56.8462 122.279 70.5174 56.6974 56.097 55.693
threshold=24.500000000000004 1460.0000000000002 1.0000000180025095e-35 3.5500000000000003 1.0000000180025095e-35 1460.0000000000002 3.0000000000000004 301033.50000000006 2275.5000000000005 411.50000000000006 11208.500000000002 7740.0000000000009 43902856.500000007 4.5000000000000009 2800.0000000000005 3.2000000000000006 15.500000000000002 4007600.0000000005 115755.00000000001 15.500000000000002 50.500000000000007 11503062.000000002 351.50000000000006 1.5000000000000002 10470.500000000002 3562536.0000000005 4.8750000000000009 3.0000000000000004 3009.5000000000005 9.0000000000000018 4.5000000000000009 10309.500000000002 37.500000000000007 49.500000000000007 10054.500000000002 1.5000000000000002 11215.500000000002 63.500000000000007 3.0000000000000004 1010040507.0000001 3.5000000000000004 7.7500000000000009 41.500000000000007 28.500000000000004 467.50000000000006 5.5000000000000009 41291043000.500008 1.5000000000000002 351.50000000000006 30906002000.500004 12.500000000000002 5307.5000000000009 1.5000000000000002 52.500000000000007 11103.500000000002 5307.5000000000009 24.500000000000004 1341.5000000000002 3.5000000000000004 4.5000000000000009 1009.5000000000001 10037.500000000002 4.5000000000000009
decision_type=10 8 10 10 10 10 2 10 10 2 2 10 10 8 10 10 8 10 10 10 8 10 8 2 10 10 10 2 10 10 10 2 10 10 2 2 10 10 2 10 10 10 8 10 10 10 10 10 10 10 10 10 10 10 2 10 10 8 2 2 10 2 10
left_child=1 28 3 9 6 31 16 -8 17 10 22 19 13 24 23 56 44 35 -15 32 21 -3 54 -5 51 57 -25 -16 37 -30 -28 -6 -12 50 -27 36 -7 40 -39 42 -1 45 -40 60 -4 -42 -13 48 -19 -21 -11 52 53 -10 -2 -24 -9 -22 -59 -60 -33 -23 -37
right_child=2 20 4 14 5 8 7 15 12 33 11 46 -14 18 27 -17 -18 47 -20 49 25 61 55 26 -26 34 30 -29 29 -31 -32 43 -34 -35 -36 62 -38 38 39 -41 41 -43 -44 -45 -46 -47 -48 -49 -50 -51 -52 -53 -54 -55 -56 -57 -58 58 59 -61 -62 -63 -64
leaf_value=0.028601480645916756 -0.0036015883430690859 0.006791732395313008 0.025272500150822452 0.0085141758767845604 -0.012649672093865428 -0.075978520042870354 -0.14036714010617948 -0.030571024332808831 -0.025658167384413851 -0.011608669494893363 0.003791279124795583 -0.0057194419516187001 -0.040005756667759934 -0.017592884756741114 0.0083936689304279066 0.014836109025137765 -0.0015213694459237951 0.011301258749821606 0.044362712527142349 -0.004485921386133733 0.0082871730192715636 -0.036352589397945188 -0.011394258360787285 0.020380331988513089 -0.012449861544433876 0.027907212324341887 0.063518701068405958 -0.02987845900349996 0.020075609826879091 -0.04626430320739746 0.030649665373970163 -0.085812160499832202 0.01011222208200243 -0.0032330489462195798 0.0042929514095320833 0.0013495998796120112 -0.0028848234720125392 0.030000032939991712 -0.0047935946009067046 -0.086095181985033881 0.0014677631003516061 0.11035510075669135 0.068401527617658886 -0.10146937578606109 0.008180152323586409 0.06056883202112736 0.014459916546656569 -0.0095201348581630246 -0.10313769485535366 -0.03157275583000918 -0.0047169401541012727 -0.012969922047341242 -0.023449134302015218 -0.098539099432528018 0.008828148688211343 0.0048547511819439625 -0.076661068141460412 0.072527473487637259 0.024541348768419926 0.010242797617456566 -0.039298612587244625 -7.3386503328733583e-05 0.047343162507750093
leaf_weight=216 1632 3796 256 264 29 23 22 123 37 2992 4634 2743 253 48 1086 63 1608 34 81 482 2816 88 2444 384 5321 529 103 55 624 20 176 34 2582 3346 152 1862 37 1432 34 27 21 31 21 36 1225 94 154 1698 28 87 1800 535 875 24 430 216 30 33 428 1130 77 68 24
leaf_count=216 1632 3796 256 264 29 23 22 123 37 2992 4634 2743 253 48 1086 63 1608 34 81 482 2816 88 2444 384 5321 529 103 55 624 20 176 34 2582 3346 152 1862 37 1432 34 27 21 31 21 36 1225 94 154 1698 28 87 1800 535 875 24 430 216 30 33 428 1130 77 68 24
internal_value=0 0.0133767 -0.00383886 -0.00109845 -0.00871835 -0.0118693 0.00175251 -0.0345104 -0.0111455 -0.00244729 -0.000231935 0.00236921 -0.0145511 -0.0136206 0.0142567 -0.0237287 0.00454648 -0.00455312 0.0213095 0.00498003 0.00949126 0.0057129 -0.00611619 0.0237439 -0.014284 0.012426 0.0298082 0.00654882 0.0273151 0.0180154 0.0427841 -0.0566099 0.00605301 -0.00664063 0.0226365 0.000922377 -0.0309041 0.0305075 0.0276809 -0.0128185 0.0423293 0.0626391 0.0231536 -0.0652823 0.0111347 0.0497765 -0.00464674 -0.0106073 -0.0403808 -0.00862749 -0.00901996 -0.0209186 -0.0254618 -0.0543326 -0.00100955 -0.0100748 -0.0396083 0.0108482 0.0153812 0.0141708 -0.053546 -0.0205386 0.00193488
internal_weight=0 11560 39993 25610 14383 11056 3327 238 10880 23542 15404 10682 7174 6921 2068 216 3089 3706 129 7785 9040 3952 4722 927 6792 5088 663 1141 2520 644 279 176 7216 8138 681 1946 60 1876 1514 82 362 146 55 147 1481 115 2897 1760 62 569 4792 1471 936 61 2062 2660 153 4407 1591 1558 111 156 1886
internal_count=51553 11560 39993 25610 14383 11056 3327 238 10880 23542 15404 10682 7174 6921 2068 216 3089 3706 129 7785 9040 3952 4722 927 6792 5088 663 1141 2520 644 279 176 7216 8138 681 1946 60 1876 1514 82 362 146 55 147 1481 115 2897 1760 62 569 4792 1471 936 61 2062 2660 153 4407 1591 1558 111 156 1886
is_linear=0
shrinkage=0.03


Tree=21
num_leaves=64
num_cat=0
split_feature=16 29 29 27 25 29 4 29 8 36 4 27 27 27 9 13 44 26 23 29 23 4 23 36 8 27 39 32 25 27 23 27 44 17 29 12 9 39 29 25 27 5 29 36 27 3 17 27 40 4 15 29 8 36 27 12 3 39 27 3 4 6 11
split_gain=2778.64 656.741 559.08 952.238 496.101 374.272 352.401 283.978 255.365 203.575 202.923 175.163 158.525 148.698 138.92 129.098 128.435 110.149 179.319 105.574 101.151 99.2779 96.696 96.281 93.7516 91.1155 99.3074 86.7916 164.84 86.7111 102.083 86.2959 82.383 147.138 82.1152 113.22 80.5065 75.1959 73.3108 110.618 71.6049 83.857 70.526 66.7833 112.323 71.1814 66.3923 89.2099 85.6286 65.5586 79.2208 65.2567 64.6734 63.9237 63.3135 64.7864 64.0643 63.1182 87.9751 62.3725 59.5751 58.8639 65.5073
threshold=24.500000000000004 2304.5000000000005 1.0000000180025095e-35 19470.000000000004 1.0000000180025095e-35 1460.0000000000002 3.0000000000000004 301033.50000000006 2275.5000000000005 21802.500000000004 3.0000000000000004 13350.000000000002 4324500.0000000009 1608975.0000000002 60.500000000000007 15.500000000000002 4007600.0000000005 2.5000000000000004 4.580000000000001 3324918.5000000005 26.500000000000004 3.0000000000000004 46.500000000000007 21507.500000000004 2876.5000000000005 10830.000000000002 7.5000000000000009 13.000000000000002 4.5000000000000009 74764.000000000015 2.8750000000000004 14430.000000000002 3060300.0000000005 2805.0000000000005 11503062.000000002 1003.5000000000001 42.500000000000007 11.500000000000002 1266846.5000000002 4.5000000000000009 24330.000000000004 315.50000000000006 43259.500000000007 31805.500000000004 178106.50000000003 1903.5000000000002 4150.0000000000009 1123543.0000000002 14.500000000000002 1.5000000000000002 11215.500000000002 4949378.5000000009 467.50000000000006 21706.500000000004 2094748.0000000002 3523.0000000000005 1926.5000000000002 2.5000000000000004 11610.000000000002 1990.5000000000002 1.5000000000000002 38.500000000000007 65.00500000000001
decision_type=10 8 10 10 10 10 2 10 10 10 2 10 10 10 10 10 8 10 10 10 8 2 8 10 10 10 10 10 10 10 10 10 10 10 10 10 10 10 10 10 10 2 10 10 10 2 10 10 10 2 10 10 10 10 10 10 2 10 10 2 2 2 10
left_child=1 22 3 11 6 25 15 -8 16 10 14 37 -9 17 -10 52 49 18 40 42 34 24 27 38 -19 36 -27 54 -29 -23 -31 -28 -13 -34 46 -36 -6 -2 -16 -40 -5 61 57 45 -45 -20 47 -3 -48 50 -7 -22 -4 -26 55 -1 -56 58 -11 -59 -47 62 -42
right_child=2 20 4 13 5 8 7 12 9 19 -12 32 -14 -15 23 -17 -18 21 43 -21 51 29 -24 -25 53 26 31 28 -30 30 -32 -33 33 -35 35 -37 -38 -39 39 -41 41 -43 -44 44 -46 60 48 -49 -50 -51 -52 -53 -54 -55 56 -57 -58 59 -60 -61 -62 -63 -64
leaf_value=0.025873353691013946 -0.0047865908184182987 0.0020440458374845491 0.024514325200070741 0.0046134253449010539 -0.060592377982619738 -0.073699163890079314 -0.13615612325004556 -0.038038239466454488 -0.017650411721649797 -0.092136745083332056 0.042492772779754689 0.0064380616475491585 0.020955003570426595 0.081706414425373075 -0.022118803528118729 -0.0014757284549831461 -0.010289055287951751 0.0095512955344345153 0.0018868697354116953 0.021973350461296462 0.011336597104937172 -0.063103265852603882 0.039540795221905019 -0.091351927610174299 -0.025192465379659551 -0.043261189750365671 -0.14831426690518854 0.015018549029047427 -0.066804716231731259 0.017873857177453691 -0.035502222999493821 -0.071326189488172528 0.0021801185226350238 -0.008969800967684528 -0.038699126083936011 0.005126544560092346 0.011393940993424121 -0.0095772328061444183 -0.10295493747506822 -0.040162008695108706 0.0364509656769504 0.0060739886314165759 -0.010940062492579766 -0.036742658555507658 0.040910379000400239 0.0025613095247535968 0.00081765134923832844 0.015647171140436934 0.010153790406699821 0.0018768373619147813 -0.0027982787903700324 0.023025880605875185 0.0079347478141257415 -0.00019456057363920711 0.04483930207191289 0.013285738112803645 0.025766410285949688 -0.020265020071595592 -0.018002695707289282 0.0014499495892532116 0.052799673307296895 0.023341324026911553 0.0081753007264359773
leaf_weight=1066 8639 617 256 1654 27 23 22 161 487 25 37 1315 55 25 186 1608 1760 1294 37 81 2238 33 377 31 108 62 20 150 26 65 64 38 2777 1728 84 144 29 4477 28 257 83 1024 4917 30 38 24 2034 1462 1564 1886 37 532 1225 624 241 562 463 955 34 136 185 725 661
leaf_count=1066 8639 617 256 1654 27 23 22 161 487 25 37 1315 55 25 186 1608 1760 1294 37 81 2238 33 377 31 108 62 20 150 26 65 64 38 2777 1728 84 144 29 4477 28 257 83 1024 4917 30 38 24 2034 1462 1564 1886 37 532 1225 624 241 562 463 955 34 136 185 725 661
internal_value=0 0.0129754 -0.00372369 -0.0010655 -0.0084568 -0.0115132 0.00169994 -0.0334751 -0.0108112 -0.0141145 -0.0264853 -0.0044998 -0.0230168 0.00867857 -0.0290659 0.00441009 -0.00441652 0.00840399 0.0111082 -0.0120501 0.00885182 0.00289051 0.0253748 -0.0401402 0.00469752 -0.0549116 -0.0696573 0.0232454 0.00293102 -0.0197083 -0.0086073 -0.0978738 -0.000168312 -0.0020967 0.0066331 -0.0110198 -0.0233137 -0.00642182 -0.0367696 -0.0463311 0.00945313 0.0126641 -0.0125043 0.0329667 0.00665169 0.0402408 0.00734208 0.0116101 0.00487594 0.000894706 -0.029977 0.0135816 0.0108006 -0.00388278 0.0247786 0.021528 0.0322956 -0.0191925 -0.0494154 -0.0175581 0.0470307 0.0172578 0.0113297
internal_weight=0 11560 39993 25610 14383 11056 3327 238 10880 7174 1026 18936 216 6674 989 3089 3706 6649 4461 6148 8675 2188 2885 502 2026 176 120 2508 176 162 129 58 5820 4505 5905 228 56 13116 471 285 4147 2493 6067 314 68 246 5677 2079 3598 1946 60 2770 1481 732 2332 1628 704 1150 59 1091 209 1469 744
internal_count=51553 11560 39993 25610 14383 11056 3327 238 10880 7174 1026 18936 216 6674 989 3089 3706 6649 4461 6148 8675 2188 2885 502 2026 176 120 2508 176 162 129 58 5820 4505 5905 228 56 13116 471 285 4147 2493 6067 314 68 246 5677 2079 3598 1946 60 2770 1481 732 2332 1628 704 1150 59 1091 209 1469 744
is_linear=0
shrinkage=0.03


Tree=22
num_leaves=64
num_cat=0
split_feature=16 29 29 28 30 28 8 36 28 13 29 4 27 30 4 37 2 8 29 28 3 2 11 27 28 28 9 4 37 27 26 28 28 27 28 23 32 37 27 3 11 28 28 29 7 30 36 37 8 12 26 36 7 30 15 29 14 35 26 8 28 27 3
split_gain=2614.42 618.756 526.039 1152.21 538.826 447.453 246.598 257.137 218.831 159.452 150.008 146.903 141.365 133.071 126.65 140.549 121.646 107.029 114.453 330.423 133.119 91.2454 90.0602 108.483 89.368 88.678 219.631 159.984 87.8834 85.0796 84.2789 81.76 80.999 105.455 75.8933 75.0382 72.8035 343.857 72.6569 76.8021 70.9807 70.2819 68.0762 75.5619 67.4119 117.881 67.2502 66.2781 65.8833 65.6637 62.3084 61.3061 104.138 76.2142 60.3833 60.2957 168.273 58.6601 78.0143 67.3261 67.2228 66.6974 77.651
threshold=24.500000000000004 1460.0000000000002 1.0000000180025095e-35 75330.000000000015 2002.5000000000002 101730.00000000001 2444.5000000000005 21701.500000000004 49050.000000000007 16.500000000000004 1460.0000000000002 3.0000000000000004 1608975.0000000002 2000.5000000000002 3.0000000000000004 4049780032.5000005 10309.500000000002 11012.500000000002 27495.000000000004 54870.000000000007 1947.5000000000002 10035.500000000002 484.50000000000006 10830.000000000002 36990.000000000007 556988.50000000012 2800.0000000000005 3.0000000000000004 2039290501.0000002 15450.000000000002 4.5000000000000009 1269225.0000000002 41490.000000000007 16875.000000000004 1392525.0000000002 64.000000000000014 14.500000000000002 1010040507.0000001 5557505.5000000009 1899.5000000000002 2.0100000000000002 59610.000000000007 1769400.5000000002 13562.500000000002 2652.0000000000005 1920.5000000000002 31403.500000000004 4050436201.0000005 1030.5000000000002 3009.5000000000005 2.5000000000000004 51701.500000000007 538.50000000000011 1939.5000000000002 11354.500000000002 2032410.5000000002 11.500000000000002 113.50000000000001 1.0000000180025095e-35 855.50000000000011 110144247.00000001 18540000.000000004 1931.5000000000002
decision_type=10 8 10 10 10 10 10 10 10 10 10 2 10 8 2 8 2 10 10 10 2 2 10 10 10 10 10 2 10 10 10 10 10 10 10 8 10 10 8 2 10 10 10 10 10 10 8 10 8 10 10 10 10 10 10 10 10 10 10 10 10 10 2
left_child=1 35 3 8 5 10 9 28 24 31 16 -11 25 42 40 30 -4 18 32 -20 29 38 23 -18 -2 50 34 -28 55 -21 -16 -7 51 -34 -27 36 49 -38 -15 -40 -6 -24 -3 -44 -33 -46 -10 -17 -23 -1 -5 52 -12 -54 -42 -8 -57 58 -45 -60 -61 -59 -63
right_child=2 13 4 12 14 6 7 -9 46 11 17 -13 -14 21 15 47 22 -19 19 20 -22 48 41 -25 -26 26 27 -29 -30 -31 -32 44 33 -35 -36 -37 37 -39 39 -41 54 -43 43 57 45 -47 -48 -49 -50 -51 -52 -53 53 -55 -56 56 -58 61 59 60 -62 62 -64
leaf_value=0.029820385440352599 -0.01325475211149898 -0.0067638833645379242 0.0022843788767402825 0.0075311518570749707 0.03724183003761266 -0.011185204997333881 -0.018163270889880491 -0.011132187921457341 -0.0072412385776727105 -0.0088737377516380049 -0.019655580053889624 -0.079324382352125314 0.079255220890045164 0.01703075457319286 0.025093191542795726 0.02196859033553155 -0.051409941693911179 0.003911425129882423 -0.1480845930320876 -0.10933844208717346 -0.0023110403716564178 -0.035855119851018705 -0.019772559191812488 -0.13093658190612731 -0.0067505163189925362 0.018518185557157917 0.0072337614469312984 -0.038035359955206516 -0.049270804940463764 -0.033556718796491622 -0.038549563815397335 0.0071077293140538837 -0.00023048430166628425 -0.05479472193494439 0.037388760163697576 0.044918872957166872 0.020827301016877638 -0.091779419514867983 0.01878074445553235 0.049396269631078009 0.0050157102039385575 -0.09064630166930146 0.01648860908392788 -0.019729480848909589 -0.061494663925065342 0.0014906825938781436 -0.0003448695979792812 -0.033181301969289784 0.01105799467945184 0.018205646600269357 0.00014864274323775435 -0.011510705942554133 -0.047910019806944405 -0.12127142016291617 -0.0080105593474901655 -0.113916713880456 -0.028319016675231977 0.0099309381897358575 0.010138971044791157 -0.0021864985120690311 0.024043875431746096 -0.036205298597924408 0.003918247775524665
leaf_weight=1438 2647 299 22 4978 57 334 470 5522 1605 1987 41 27 25 517 21 91 26 82 28 24 60 28 34 38 6748 716 1112 75 155 30 173 1429 157 40 262 171 254 27 134 164 2666 20 808 128 36 104 6145 25 713 630 1297 42 26 25 364 23 204 3748 1007 1182 95 60 157
leaf_count=1438 2647 299 22 4978 57 334 470 5522 1605 1987 41 27 25 517 21 91 26 82 28 24 60 28 34 38 6748 716 1112 75 155 30 173 1429 157 40 262 171 254 27 134 164 2666 20 808 128 36 104 6145 25 713 630 1297 42 26 25 364 23 204 3748 1007 1182 95 60 157
internal_value=0 0.0125862 -0.00361198 -0.00103353 -0.0082031 -0.011432 -0.00985855 -0.013499 -0.00550477 -0.00393453 -0.0347296 -0.00981821 0.00802249 0.00892164 0.00223913 -0.0160403 -0.0624799 -0.0277295 -0.0332148 -0.0557455 -0.0330657 0.0169042 -0.0745546 -0.0986289 -0.00858306 0.0078115 0.0130467 0.00437345 -0.0288391 -0.0672375 -0.0316604 0.00229233 -0.0235491 -0.0113095 0.0235735 0.0257319 0.0243352 0.0100074 0.0238313 0.0356296 0.00407477 -0.0460221 0.00726198 0.00784566 0.00516136 -0.0147055 -0.00177309 0.0100828 0.0092853 0.026282 0.00600524 -0.0415431 -0.0552535 -0.0838715 0.00345084 -0.0242954 -0.0369919 0.00675056 0.00306148 0.00433874 -0.000235139 0.0089947 -0.00717582
internal_weight=0 11560 39993 25610 14383 10986 10291 6374 17145 3917 695 2014 8465 9040 3397 310 140 555 473 142 114 1556 118 64 9395 8440 2165 1187 852 54 194 1903 331 197 978 2520 2349 281 815 298 3087 54 7484 7185 1569 140 7750 116 741 2068 6275 134 92 51 3030 697 227 6377 2412 2284 1277 3965 217
internal_count=51553 11560 39993 25610 14383 10986 10291 6374 17145 3917 695 2014 8465 9040 3397 310 140 555 473 142 114 1556 118 64 9395 8440 2165 1187 852 54 194 1903 331 197 978 2520 2349 281 815 298 3087 54 7484 7185 1569 140 7750 116 741 2068 6275 134 92 51 3030 697 227 6377 2412 2284 1277 3965 217
is_linear=0
shrinkage=0.03


Tree=23
num_leaves=64
num_cat=0
split_feature=13 29 29 28 30 28 20 4 8 36 30 28 5 29 30 27 28 15 4 27 9 8 29 28 29 3 14 12 26 28 11 12 27 16 35 28 6 33 27 3 3 12 32 29 17 13 29 44 8 9 4 37 20 27 3 28 13 36 28 37 17 39 12
split_gain=2461.83 618.474 497.934 1067.12 496.419 418.574 250.53 311.339 263.155 285.462 213.734 207.001 146.86 141.142 136.675 133.394 122.594 114.457 106.3 138.078 162.173 100.704 107.689 310.895 125.87 175.348 153.533 98.2124 85.2003 204.215 84.7376 105.682 161.876 82.6388 82.3978 95.9622 79.8165 145.594 78.8573 173.681 94.947 77.2754 80.5002 75.604 137.469 74.2844 71.1564 69.073 68.2085 66.2732 144.842 215.417 103.871 104.921 74.8026 66.1282 64.99 78.1173 64.6032 63.5776 62.9626 125.48 62.9615
threshold=3.5000000000000004 1460.0000000000002 1.0000000180025095e-35 75330.000000000015 2002.5000000000002 101730.00000000001 4.5000000000000009 3.0000000000000004 2444.5000000000005 21701.500000000004 1988.5000000000002 43830.000000000007 308.50000000000006 1460.0000000000002 2000.5000000000002 1608975.0000000002 735750.00000000012 10309.500000000002 3.0000000000000004 1242001.5000000002 2800.0000000000005 11012.500000000002 27495.000000000004 54870.000000000007 30982.000000000004 1947.5000000000002 25.500000000000004 3002.5000000000005 2.5000000000000004 349875.00000000006 484.50000000000006 3000.5000000000005 10830.000000000002 75.500000000000014 69651.500000000015 2176425.0000000005 8.5000000000000018 6.2500000000000009 8249.0000000000018 1984.5000000000002 1944.5000000000002 3009.5000000000005 9.0000000000000018 580333.50000000012 315.00000000000006 19.500000000000004 2468205.0000000005 3015800.0000000005 512.50000000000011 63.500000000000007 3.0000000000000004 1010040507.0000001 3.5000000000000004 1964929.0000000002 1986.5000000000002 59610.000000000007 26.500000000000004 31105.500000000004 3531749.5000000005 4094030026.5000005 6950.0000000000009 16.500000000000004 1029.5000000000002
decision_type=10 8 10 10 10 10 8 2 10 10 10 10 2 10 8 10 10 10 2 10 10 10 10 10 10 2 10 10 10 10 10 10 10 10 10 10 2 10 10 2 2 10 10 10 10 10 10 10 8 10 2 10 10 10 2 10 10 8 10 8 10 10 10
left_child=1 41 3 11 5 13 7 8 12 43 58 -2 16 17 36 28 27 -4 48 20 -20 22 38 -24 -25 26 -26 -7 29 60 31 32 -19 -30 35 -31 -3 -38 39 40 -15 49 -43 -10 -45 -13 -18 -35 -6 52 -51 54 -1 -54 -52 -32 -47 -58 -9 -11 61 -5 -40
right_child=2 14 4 15 18 6 -8 10 9 59 -12 45 -14 21 -16 -17 46 30 19 -21 -22 -23 23 24 25 -27 -28 -29 33 34 55 -33 -34 47 -36 -37 37 -39 62 -41 -42 42 -44 44 -46 56 -48 -49 -50 50 51 -53 53 -55 -56 -57 57 -59 -60 -61 -62 -63 -64
leaf_value=0.026862294970841052 -0.0094904385502832568 0.0071119480358385161 0.002215848070654002 0.0051267944577981922 0.016637517197296114 -0.010421961177648468 0.038112078747291549 -0.0068971345393822108 -0.021272862811352492 -0.0039022552478861485 -0.15030780860355922 -0.0073076229849427746 -0.0089350448908817135 -0.045632833129327206 0.016520012949375096 0.076877565193176275 0.0033067124706066668 -0.0066447921842336648 0.020371273398083055 0.021075580308364854 -0.039186476871128313 0.0037940826560313836 -0.14364205534969057 0.02740413808822632 -0.033168067093938589 -0.0089746309975360285 -0.14801529996774412 -0.071611556573470514 -0.0042835856248762032 0.018735828571116716 -0.019179382495143834 -0.15285000960901379 -0.12220771551132202 0.017240987949486745 -0.03243835700263914 0.047230695481254262 -0.091248421136822022 0.004415731726835171 0.0018232417343904009 0.010138988663814961 -0.13696613947302103 0.018174240831274523 -0.042969982624053951 -0.11049921108328778 -0.034880450773926777 0.0018212561310303461 0.025394748536637052 0.0033796525289526468 0.0021595715938104729 0.027752709309845514 0.049389802976088089 -0.082644256633809865 0.048671500179015337 0.11976132476871663 -0.022025708718733356 -0.087926912169903518 -0.053589275583092649 -0.0033294859227883025 -0.067445878048028263 -0.01235697989980296 0.012859461715104256 -0.05979881480336189 -0.027853715412453895
leaf_weight=224 6631 7555 22 3456 328 99 98 29 448 976 21 2441 1950 21 1580 25 1484 20 53 74 184 82 28 25 20 47 22 31 915 1079 34 20 24 433 26 118 21 45 110 25 20 624 20 23 365 3399 144 1280 2734 1431 33 27 124 22 22 20 28 4646 35 4451 1099 27 155
leaf_count=224 6631 7555 22 3456 328 99 98 29 448 976 21 2441 1950 21 1580 25 1484 20 53 74 184 82 28 25 20 47 22 31 915 1079 34 20 24 433 26 118 21 45 110 25 20 624 20 23 365 3399 144 1280 2734 1431 33 27 124 22 22 20 28 4646 35 4451 1099 27 155
internal_value=0 0.0121002 -0.00353799 -0.00103785 -0.00803884 -0.011164 -0.00962239 -0.0100876 -0.00960021 -0.0133502 -0.0672598 -0.00533962 -0.0032662 -0.0336877 0.00848982 0.00768216 0.00302177 -0.0606055 0.00201314 -0.0146979 -0.0258677 -0.0268976 -0.0322184 -0.0540731 -0.0320737 -0.048781 -0.0933261 -0.0250133 0.00747703 0.00950594 -0.072318 -0.09567 -0.0696791 0.00299537 0.0203972 0.0215448 0.00682499 -0.0260229 -0.0228426 -0.0521839 -0.0901857 0.025246 0.0162754 -0.0296688 -0.039363 -0.00272178 0.00526045 0.00688342 0.00371044 0.028314 0.0255308 -0.0132451 0.0396951 0.0593837 0.0208236 -0.0446414 -0.00133517 -0.00363057 -0.0400097 -0.0108365 0.0065989 0.0046235 -0.015535
internal_weight=0 11728 39825 25603 14222 10849 10154 10056 9971 6263 85 17145 3708 695 9201 8458 1758 140 3373 311 237 555 473 142 114 89 42 130 8433 5805 118 64 44 2628 1223 1197 7621 66 331 66 41 2527 644 836 388 10514 1628 1713 3062 1883 1513 82 370 146 55 54 8073 4674 64 5427 4582 3483 265
internal_count=51553 11728 39825 25603 14222 10849 10154 10056 9971 6263 85 17145 3708 695 9201 8458 1758 140 3373 311 237 555 473 142 114 89 42 130 8433 5805 118 64 44 2628 1223 1197 7621 66 331 66 41 2527 644 836 388 10514 1628 1713 3062 1883 1513 82 370 146 55 54 8073 4674 64 5427 4582 3483 265
is_linear=0
shrinkage=0.03


Tree=24
num_leaves=64
num_cat=0
split_feature=33 29 29 28 8 13 36 28 28 30 28 7 30 27 9 9 2 27 30 8 27 29 12 28 28 20 17 28 7 20 20 17 7 11 9 35 5 5 29 28 29 28 9 14 20 12 29 29 7 33 12 16 23 29 27 29 23 40 5 7 17 2 23
split_gain=2321.01 517.434 466.068 1013.56 410.81 289.415 272.251 195.299 182.908 180.567 167.945 142.78 152.86 139.588 112.781 109.005 100.785 100.222 96.4501 101.319 102.394 171.351 138.417 96.4377 95.3727 102.978 90.7259 181.218 84.1856 84.0456 77.0312 76.0474 76.3275 75.5369 75.3452 74.3151 72.6334 156.993 84.3947 70.3789 121.682 68.6935 113.869 67.7877 66.3412 65.9393 96.619 63.7245 79.397 58.8837 71.0317 57.3655 57.1727 97.2281 58.8206 67.2985 167.87 56.5186 55.703 57.5325 55.2466 55.1978 54.5947
threshold=4.9000000000000012 3533.5000000000005 1.0000000180025095e-35 75330.000000000015 2444.5000000000005 15.500000000000002 21802.500000000004 53250.000000000007 93030.000000000015 2013.5000000000002 105630.00000000001 295.50000000000006 1954.5000000000002 972224.50000000012 68.500000000000014 7503.5000000000009 10028.500000000002 3718125.0000000005 1969.5000000000002 11012.500000000002 13935.000000000002 27495.000000000004 3001.5000000000005 36990.000000000007 3005774.5000000005 4.5000000000000009 6750.0000000000009 7460327.0000000009 64.500000000000014 4.5000000000000009 3.5000000000000004 860.00000000000011 40302.500000000007 797.5150000000001 130.50000000000003 67.500000000000014 156.50000000000003 206.50000000000003 29780.000000000004 55350.000000000007 4585.0000000000009 797174.00000000012 45.500000000000007 31.500000000000004 1.5000000000000002 1013.5000000000001 4585.0000000000009 30982.000000000004 1170.5000000000002 1.5000000000000002 1009.5000000000001 108.50000000000001 53.500000000000007 56788171.000000007 18540000.000000004 306607.50000000006 33.500000000000007 43.500000000000007 314.50000000000006 88902.500000000015 3025.0000000000005 11376.000000000002 64.000000000000014
decision_type=8 8 10 10 10 8 8 10 10 10 10 10 10 10 10 8 2 10 10 10 10 10 10 10 10 10 10 10 10 10 10 10 10 10 10 8 2 2 10 10 10 10 10 10 8 10 10 10 10 10 8 10 10 10 10 10 8 10 2 10 8 2 8
left_child=2 16 3 7 5 17 14 23 11 10 18 -7 -13 35 30 24 62 26 19 20 21 22 43 -1 -3 52 -4 -28 -17 58 -6 32 -16 -10 -15 -5 38 -38 -30 51 -41 -18 -43 -8 -9 -45 -47 -42 -49 50 -46 -22 53 54 61 56 -56 -37 -12 -60 -25 -26 -2
right_child=1 15 4 13 6 8 9 44 33 -11 29 12 -14 34 31 28 41 -19 -20 -21 39 -23 -24 60 25 -27 27 -29 36 -31 -32 -33 -34 -35 -36 57 37 -39 -40 40 47 42 -44 45 49 46 -48 48 -50 -51 -52 -53 -54 -55 55 -57 -58 -59 59 -61 -62 -63 -64
leaf_value=-0.012527606008327127 0.025307618585267054 -0.0066957960004982503 0.0027887516658801049 0.01672739316056903 -0.019710289686641874 -0.011802788317562889 0.002713867767713964 0.00054483501837688944 -0.0075600504871055846 0.0029614534238088541 -0.0066217026442879677 -0.14677186368831566 -0.041240021051838993 0.06950848876795869 -0.077458717430808718 0.039256520611958369 -0.0007234189023496583 0.018206184143452594 -0.0051634033138398079 -0.0052947591402782834 0.019379552130897839 -0.11812967385758052 -0.1033047316489475 -0.0038176061526409648 0.0082439439887519953 0.053009719345718617 -0.10260350743054666 -0.0035481657434309668 0.049640314444128808 0.020272514643729665 0.033513011178718161 -0.031733646620424973 -0.01339748671109026 -0.064716891305787214 0.020258671131146988 0.0072487297466780638 -0.063821031351884203 0.0103983793005758 0.016425611238185825 -0.085301385615553171 0.021562389940023421 0.047106672090453071 0.014153208816487762 -0.080495311081409462 -0.076288717340212309 0.015778934177425173 -0.061846473441729617 -0.073215112903943419 0.0033041553069715914 -0.0059997548891401811 -0.014260108791705634 -0.038861713901810022 0.022166962574943657 -0.024519375063607404 0.022664465809292676 0.0017108386425963161 -0.07689631748199463 -0.00035782541088950204 -0.014782187712936866 -0.006344789404954229 -0.0086760477961931766 -0.020904857398215997 0.043309185467548215
leaf_weight=2632 1751 435 3132 661 417 46 40 5052 2296 844 2017 21 30 47 70 135 200 381 140 91 45 33 28 4777 6492 45 22 68 87 80 26 379 22 21 69 6653 27 513 330 35 25 111 630 30 24 27 31 26 23 775 54 23 231 87 27 228 35 1013 3011 959 3768 59 166
leaf_count=2632 1751 435 3132 661 417 46 40 5052 2296 844 2017 21 30 47 70 135 200 381 140 91 45 33 28 4777 6492 45 22 68 87 80 26 379 22 21 69 6653 27 513 330 35 25 111 630 30 24 27 31 26 23 775 54 23 231 87 27 228 35 1013 3011 959 3768 59 166
internal_value=0 0.0118397 -0.00340882 -0.000972149 -0.00771633 -0.00172958 -0.0119935 -0.00517498 -0.00976772 -0.0101115 -0.0117672 -0.0501272 -0.0846943 0.00753108 -0.0274527 0.00821293 0.0229194 0.00365595 -0.0269495 -0.0336236 -0.0406671 -0.0560229 -0.0428849 -0.00750655 0.00694555 0.00776926 0.00193539 -0.0277617 0.0170787 -0.0102733 -0.0165866 -0.0376728 -0.0621397 -0.00807809 0.0402133 0.00707579 0.0139502 0.00668741 0.0233553 -0.0242702 -0.0392118 0.0148785 0.0190896 -0.0296681 -0.000761775 -0.0443871 -0.0257105 -0.0174127 -0.0372979 -0.00850033 -0.0333458 -0.0003197 0.00748489 0.00699535 0.00739613 -0.00582538 -0.0335392 0.00624358 -0.0106814 -0.012744 -0.00595998 0.00798142 0.0268664
internal_weight=0 11589 39964 25525 14439 6017 8422 17082 2414 7508 6664 97 51 8443 914 8731 2858 3603 597 457 366 189 156 11177 7639 7204 3222 90 1092 6067 443 471 92 2317 116 8327 957 540 417 177 109 941 741 128 5905 88 58 74 49 853 78 68 7159 6928 6841 290 62 7666 5987 3970 8545 6551 1917
internal_count=51553 11589 39964 25525 14439 6017 8422 17082 2414 7508 6664 97 51 8443 914 8731 2858 3603 597 457 366 189 156 11177 7639 7204 3222 90 1092 6067 443 471 92 2317 116 8327 957 540 417 177 109 941 741 128 5905 88 58 74 49 853 78 68 7159 6928 6841 290 62 7666 5987 3970 8545 6551 1917
is_linear=0
shrinkage=0.03


Tree=25
num_leaves=64
num_cat=0
split_feature=13 29 29 28 37 4 28 29 13 4 8 36 29 36 12 28 28 9 9 32 23 17 15 6 29 37 4 20 17 6 9 23 9 17 8 37 20 20 37 8 29 39 23 17 28 9 9 35 35 12 16 27 17 5 27 27 27 29 2 20 28 36 33
split_gain=2323.86 573.825 460.557 899.839 435.418 371.173 361.69 310.523 244.372 242.282 204.102 167.301 134.512 139.228 160.342 124.973 123.236 216.771 121.765 160.533 116.696 123.696 111.189 102.209 102.008 100.038 83.4082 92.5233 82.662 143.557 99.726 87.9103 81.7007 120.361 81.4849 79.9501 356.79 114.65 97.4503 78.5048 77.23 76.4519 74.8632 72.8296 80.4606 72.4792 102.98 130.438 97.2149 94.1227 97.0274 111.316 72.3243 69.2242 68.8523 68.5257 159.615 64.2007 63.8244 60.5551 138.403 83.159 67.041
threshold=4.5000000000000009 1460.0000000000002 1.0000000180025095e-35 63510.000000000007 2058580643.5000002 3.0000000000000004 195510.00000000003 301033.50000000006 15.500000000000002 3.0000000000000004 2275.5000000000005 21601.500000000004 4585.0000000000009 32004.500000000004 1546.0000000000002 35850.000000000007 556988.50000000012 2800.0000000000005 2800.0000000000005 3.2000000000000006 7.7500000000000009 7750.0000000000009 11219.500000000002 14.500000000000002 18325.000000000004 4094030026.5000005 3.0000000000000004 3.5000000000000004 4150.0000000000009 4.5000000000000009 68.500000000000014 47.500000000000007 234.50000000000003 860.00000000000011 4715.5000000000009 1009165517.0000001 4.5000000000000009 4.5000000000000009 1006070014.0000001 1114.5000000000002 42236.000000000007 11.500000000000002 27.500000000000004 8350.0000000000018 1214070.5000000002 96.500000000000014 61.500000000000007 366.50000000000006 530.50000000000011 1003.5000000000001 108.50000000000001 12903.000000000002 2260.0000000000005 204.50000000000003 12127499.500000002 13770.000000000002 10950.000000000002 13246588.000000002 11208.500000000002 1.5000000000000002 98250.000000000015 30405.500000000004 2.2000000000000006
decision_type=10 8 10 10 10 2 10 10 10 2 10 10 10 10 10 10 10 10 10 10 8 10 10 2 10 10 2 8 10 2 10 10 10 10 10 10 10 8 8 10 10 10 10 10 10 10 10 10 10 10 10 10 10 2 10 10 10 10 2 8 10 10 10
left_child=1 35 3 15 6 8 12 22 -6 10 52 32 13 14 -4 -2 59 23 -9 -20 21 -3 -7 -18 -14 40 -19 -28 29 39 57 -31 -12 -34 -16 37 54 -1 -39 -22 -10 58 -38 44 53 46 47 -26 -49 -50 -51 -52 -8 -25 -37 56 -15 -30 -17 60 62 -62 -5
right_child=2 20 4 16 5 7 9 18 25 -11 11 -13 24 55 34 41 17 26 19 -21 28 -23 -24 43 45 -27 27 -29 30 31 -32 -33 33 -35 -36 36 42 38 -40 -41 -42 -43 -44 -45 -46 -47 -48 48 49 50 51 -53 -54 -55 -56 -57 -58 -59 -60 -61 61 -63 -64
leaf_value=0.025387443939197264 -0.012455890642009399 0.0015070514600069383 -0.15689419840063368 0.0040574942059771095 0.010352690632731056 -0.15228631979227067 -0.0067790509179188824 0.043231074051716577 -0.014207830723914091 0.035102980892423412 -0.018542797722335927 -0.011783976485636656 -0.0063191603519218535 -0.018979079964467217 -0.011474818110466004 -0.0050103809526509243 0.047515242529783661 0.0052920602198296132 -0.038656006615837006 0.014551578803878763 0.065937729861055103 -0.071823104287364645 -0.064490604074420144 -0.032149772163580302 0.0017776329971071498 -0.012917470344039395 -0.073325314177916587 -0.0022394836147626241 0.0033030859473185117 0.010774422795443779 0.011052653932702773 -0.046907836198806757 -0.088308048118409269 -0.031220591577568835 -0.094271938117301973 0.018077465796808169 -0.031652251053601504 0.0072083872929215422 0.072725213074258402 0.023448473555316467 0.00093533265641063774 -0.007664129977007255 -0.11024113512039185 -0.027244111865758897 0.03380739354489537 -0.00011474079511901165 -0.089265077635645868 -0.10523500569994845 0.015338583888151335 -0.021906930874619219 -0.03062044458463788 -0.11730292232334613 0.0048838167358746833 0.016257681190780676 0.054738292088359591 -0.013732225193696863 -0.096957117143486232 -0.021351274202764035 0.00054860334340665862 0.00086729787929840639 0.028625350029586435 0.010346370865366994 -0.010904945322215467
leaf_weight=1828 2183 1464 21 3362 1634 20 2021 26 346 105 527 4212 190 54 20 4794 127 1085 196 69 42 21 37 28 67 810 26 45 1924 2585 2488 24 37 327 23 592 24 27 84 574 2445 4798 20 30 269 47 34 23 24 54 24 30 627 527 50 68 42 100 3036 3396 273 1248 293
leaf_count=1828 2183 1464 21 3362 1634 20 2021 26 346 105 527 4212 190 54 20 4794 127 1085 196 69 42 21 37 28 67 810 26 45 1924 2585 2488 24 37 327 23 592 24 27 84 574 2445 4798 20 30 269 47 34 23 24 54 24 30 627 527 50 68 42 100 3036 3396 273 1248 293
internal_value=0 0.0116956 -0.00344536 -0.00103785 -0.00778432 -0.00126388 -0.0120287 -0.0312655 0.000730492 -0.0101623 -0.0107755 -0.0142823 -0.0323642 -0.0514184 -0.0889458 -0.00582796 0.00558708 0.0120325 -0.0187234 -0.024802 0.00817306 0.000470059 -0.0952961 0.0224046 -0.0235521 -0.0036357 0.00323067 -0.0282709 0.00965153 0.0133193 0.00702992 0.0102438 -0.0260927 -0.0370234 -0.0557616 0.0240709 0.0152687 0.027185 0.0567887 0.0263455 -0.000941964 -0.00468219 -0.0673745 0.0186703 0.020342 -0.0343582 -0.0406451 -0.0331988 -0.0483176 -0.0384002 -0.0503422 -0.0787774 -0.00401749 0.0138155 0.0209327 -0.0367735 -0.0530945 0.00208499 -0.00285494 0.00398022 0.00602263 0.0136272 0.00285804
internal_weight=0 11847 39680 25520 14160 5583 8577 348 5235 7856 7751 5103 721 228 64 14811 10709 2137 291 265 9222 1485 57 981 493 3601 1156 71 7737 3225 4512 2609 891 364 43 2625 686 1939 111 616 2791 12628 44 854 824 303 256 222 155 132 108 54 2648 555 642 164 96 2024 7830 8572 5176 1521 3655
internal_count=51527 11847 39680 25520 14160 5583 8577 348 5235 7856 7751 5103 721 228 64 14811 10709 2137 291 265 9222 1485 57 981 493 3601 1156 71 7737 3225 4512 2609 891 364 43 2625 686 1939 111 616 2791 12628 44 854 824 303 256 222 155 132 108 54 2648 555 642 164 96 2024 7830 8572 5176 1521 3655
is_linear=0
shrinkage=0.03


Tree=26
num_leaves=64
num_cat=0
split_feature=13 29 29 28 30 28 8 36 45 29 5 40 28 28 26 23 17 4 20 33 28 30 28 30 30 8 30 27 9 6 5 9 20 28 36 17 6 29 39 8 8 23 32 16 20 30 28 33 23 35 4 2 30 29 29 36 30 29 2 8 29 9 29
split_gain=2187.53 562.972 429.234 847.125 480.184 353.919 207.509 188.099 134.224 134.519 126.235 125.649 117.587 111.74 188.247 107.762 113.781 94.6394 138.499 145.278 93.7239 93.2318 90.407 77.6177 77.604 116.623 110.134 97.0426 88.9416 79.0907 117.137 80.3238 75.474 129.831 75.3432 73.9472 115.769 72.1474 71.9336 69.9503 68.4891 68.4427 78.3201 145.403 186.322 64.2834 62.6675 62.6251 67.6934 76.7236 62.3018 234.953 64.7884 84.3394 64.9115 62.1065 69.9456 61.328 60.0523 59.1009 61.806 58.2056 72.3813
threshold=3.5000000000000004 2304.5000000000005 1.0000000180025095e-35 63510.000000000007 2001.5000000000002 101730.00000000001 2444.5000000000005 21701.500000000004 30578002001.500004 4585.0000000000009 308.50000000000006 33.500000000000007 35850.000000000007 410625.00000000006 4.5000000000000009 7.7500000000000009 7750.0000000000009 3.0000000000000004 4.5000000000000009 6.2500000000000009 61410.000000000007 2013.5000000000002 2176425.0000000005 1989.5000000000002 1947.5000000000002 5307.5000000000009 1939.5000000000002 13350.000000000002 20.500000000000004 29.500000000000004 408.50000000000006 37.500000000000007 1.5000000000000002 98250.000000000015 31701.500000000004 3660.0000000000005 4.5000000000000009 20625.000000000004 11.500000000000002 1333.5000000000002 4465.5000000000009 46.500000000000007 13.000000000000002 17.500000000000004 4.5000000000000009 1913.5000000000002 126144092.00000001 2.2000000000000006 2.8750000000000004 411.50000000000006 3.0000000000000004 10054.500000000002 1972.5000000000002 34379228.500000007 40494.000000000007 30405.500000000004 1877.5000000000002 1984540.0000000002 11208.500000000002 6643.5000000000009 1776705.0000000002 7501.5000000000009 580333.50000000012
decision_type=10 8 10 10 10 10 10 10 10 10 2 10 10 10 10 8 10 2 10 10 10 10 10 10 10 10 10 10 10 2 2 10 8 10 10 10 2 10 10 10 10 8 10 10 10 10 10 10 10 10 2 2 10 10 10 10 10 10 2 10 10 10 10
left_child=1 41 3 12 5 8 10 61 9 20 57 -12 -2 32 22 16 -3 39 19 -19 -4 35 -15 -24 26 28 29 -28 -26 30 -10 -32 33 47 -16 36 45 -11 58 -6 -30 42 -1 -44 -45 -17 50 -5 -49 -50 52 -52 53 54 -37 -35 -57 -7 -14 60 -9 62 -8
right_child=2 15 4 13 17 6 7 59 24 37 11 -13 38 14 34 21 -18 18 -20 -21 -22 -23 23 -25 25 -27 27 -29 40 -31 31 -33 -34 55 -36 46 -38 -39 -40 -41 -42 -43 43 44 -46 -47 -48 48 49 -51 51 -53 -54 -55 -56 56 -58 -59 -60 -61 -62 -63 -64
leaf_value=0.022552615802971656 -0.012082213899981537 0.0007419599961808888 -0.062379895581139461 0.0039357693629257402 0.01128845242053571 -7.3663067521005418e-05 -0.015902085840876948 -0.008502225931299956 -0.00033713444322347637 -0.0020773926580494101 -0.077065193429589271 -0.0079942043440471271 -0.004860069565720858 0.016905084018423572 0.0078563915708417635 0.061477523738024176 -0.069668411069682662 -0.031159656499512491 0.050112863686600964 0.020781146888771366 -0.14688356923205512 0.02701407204017043 0.057013096048682925 0.0091989470239390025 -0.088772301403400686 0.0041850470586654708 -0.11733654016256331 -0.039475696661016517 -0.007120833751362036 -0.014994619542961579 -0.10374976050492156 -0.036400449506938458 -0.00020213957111153759 0.026425042930217284 -0.0072871322332057984 0.015268825530628662 0.010085639778432572 -0.066358656287193299 -0.0074342061216107237 0.0011171087762110149 -0.064368120006357249 0.034878343200273311 0.017668086945678681 0.026140454784035681 -0.094670370693008099 0.024200479637651571 0.02488859819765089 -0.0028334977361068586 -0.014209214674612117 -0.083089808262884618 0.0053258309183960278 -0.10935468363761902 0.011686647301361151 -0.027364203664096625 0.0033989466327863185 -0.034070628302231912 0.011566012741980519 0.01577410796514743 0.00053214524490455088 -0.014192458341231153 0.018874667111514625 -0.07375252688811583 -0.033621801412024803
leaf_weight=2369 2183 1260 27 3362 824 1517 437 3164 30 33 24 1918 4794 956 1185 49 21 222 28 62 21 250 100 44 23 148 25 34 68 171 34 30 2927 265 394 479 1506 30 4798 2327 26 370 141 20 27 277 164 229 43 22 82 20 1534 74 3086 31 1210 257 3036 2246 76 22 395
leaf_count=2369 2183 1260 27 3362 824 1517 437 3164 30 33 24 1918 4794 956 1185 49 21 222 28 62 21 250 100 44 23 148 25 34 68 171 34 30 2927 265 394 479 1506 30 4798 2327 26 370 141 20 27 277 164 229 43 22 82 20 1534 74 3086 31 1210 257 3036 2246 76 22 395
internal_value=0 0.011421 -0.00332092 -0.000998025 -0.00749966 -0.0106278 -0.00919207 -0.0124914 -0.0312537 -0.0615146 -0.00356304 -0.00884781 -0.00565312 0.00540489 0.0107152 0.00763087 -0.000412308 0.00221639 -0.0135444 -0.0198205 -0.0993503 0.00900081 0.020243 0.0424032 -0.0255508 -0.0135101 -0.035399 -0.0724676 -0.0358936 -0.027146 -0.0492513 -0.0721798 0.00364617 0.00582827 0.0040777 0.00838145 0.0135944 -0.0326875 -0.00454172 0.00377696 -0.0229552 0.0228186 0.0210735 0.00243569 -0.0432615 0.0298035 0.0066256 0.00277468 -0.0105029 -0.0375226 0.0060578 -0.0171605 0.00651562 0.0043358 0.00499381 0.0132412 0.010426 0.00222221 -0.0027693 -0.0104526 -0.00786005 -0.0255883 -0.0243147
internal_weight=0 11729 39798 25579 14219 10756 10056 6340 700 111 3716 1942 14811 10768 2679 8802 1281 3463 312 284 48 7521 1100 144 589 265 324 59 117 265 94 64 8089 5162 1579 7271 1832 63 12628 3151 94 2927 2557 188 47 326 5439 3656 294 65 5275 102 5173 3639 3565 1506 1241 1774 7830 5486 3240 854 832
internal_count=51527 11729 39798 25579 14219 10756 10056 6340 700 111 3716 1942 14811 10768 2679 8802 1281 3463 312 284 48 7521 1100 144 589 265 324 59 117 265 94 64 8089 5162 1579 7271 1832 63 12628 3151 94 2927 2557 188 47 326 5439 3656 294 65 5275 102 5173 3639 3565 1506 1241 1774 7830 5486 3240 854 832
is_linear=0
shrinkage=0.03


Tree=27
num_leaves=64
num_cat=0
split_feature=10 29 29 27 30 8 29 36 13 23 44 6 40 29 37 30 23 37 29 6 12 27 17 7 44 27 7 12 6 37 20 20 37 23 8 27 17 45 15 27 11 2 30 7 5 8 8 29 27 20 37 15 15 29 27 35 20 36 27 15 11 30 20
split_gain=2063.42 552.866 397.651 550.154 428.545 244.558 186.692 164.884 164.112 121.336 120.474 122.991 107.526 138.683 92.8595 85.167 85.1485 91.8206 84.7168 76.0028 95.0861 81.9802 75.1176 72.3892 86.2733 71.4023 78.3894 114.323 111.27 69.1671 319.017 104.957 85.8684 70.2099 63.1869 62.622 71.4744 76.7278 65.9206 62.5854 61.4469 71.6092 202.078 71.481 66.6691 65.434 59.64 56.5435 56.5075 82.3727 56.2911 53.6075 52.6533 52.0508 50.9862 69.6743 112.383 52.2217 50.437 50.4071 84.051 50.3402 47.0404
threshold=110.50000000000001 1.0000000180025095e-35 1.0000000180025095e-35 15450.000000000002 2001.5000000000002 2398.5000000000005 1460.0000000000002 21802.500000000004 15.500000000000002 7.7500000000000009 3077800.0000000005 26.500000000000004 34.500000000000007 81725.000000000015 3072800205.5000005 2013.5000000000002 8.5000000000000018 4017570047.0000005 58307.500000000007 27.500000000000004 2001.5000000000002 14610.000000000002 7960.0000000000009 43.500000000000007 3038650.0000000005 31965.500000000004 511.50000000000006 1003.5000000000001 27.500000000000004 1009165517.0000001 4.5000000000000009 4.5000000000000009 1006070014.0000001 27.500000000000004 6503.5000000000009 8969.5000000000018 2760.0000000000005 30906002000.500004 11221.500000000002 12127499.500000002 269.51000000000005 11231.500000000002 1877.5000000000002 195.50000000000003 209.50000000000003 695.50000000000011 5455.5000000000009 1776705.0000000002 74764.000000000015 1.5000000000000002 2039290501.0000002 11210.500000000002 10002.500000000002 1984540.0000000002 21930.000000000004 301.50000000000006 2.5000000000000004 21701.500000000004 31965.500000000004 11203.500000000002 222.50000000000003 1901.5000000000002 2.5000000000000004
decision_type=10 8 10 10 10 10 10 10 10 8 10 2 10 10 10 10 10 10 10 2 10 10 10 10 10 10 10 10 2 10 10 8 8 10 10 10 10 10 10 10 10 2 10 10 2 10 10 10 10 10 10 10 10 10 10 10 10 10 10 10 10 10 10
left_child=1 29 3 35 5 8 19 50 53 22 14 -12 13 -10 23 18 17 -6 -11 -7 21 -21 62 -5 40 26 27 -9 -29 31 39 -1 -33 -32 47 61 38 -38 51 -31 41 59 -43 45 -42 -44 -22 -27 49 -13 -8 -37 -20 -4 -46 56 -56 -57 -59 60 -25 -2 -3
right_child=2 9 4 10 16 6 7 25 12 15 11 48 -14 -15 -16 -17 -18 -19 52 20 46 -23 -24 24 -26 34 -28 28 -30 30 33 32 -34 -35 -36 36 37 -39 -40 -41 44 42 43 -45 54 -47 -48 -49 -50 -51 -52 -53 -54 -55 55 57 -58 58 -60 -61 -62 -63 -64
leaf_value=0.023958055921691226 -0.01925314099196827 -0.006985852129389571 0.0011506795191257397 0.022794620497780849 0.0018302145705540061 -0.083222121501771301 -0.02146014688429124 -0.084256328591503768 -0.088340816787843196 0.013502991766236221 0.0064048673484703514 -0.0017162629111894922 -0.0080827724954870058 -0.0083229881812903021 -0.022060674880247481 0.026203650101311503 0.0087068766378413723 -0.012816356495185048 -0.0074925914379314349 -0.11024764178054673 -0.041898282981581152 -0.02908300969749689 -0.044156302062465867 -0.0036946546613571061 0.014171715395169782 -0.0078910351958584035 -0.014323177875515323 -0.081447930037975319 -0.0082988980977302951 0.017305315309051474 -0.028884190593416861 0.0063209844463401376 0.06732069006965806 -0.10499145340919494 -0.013762930252947411 -0.0029085162942773901 -0.0010595190417822065 -0.0082177614419948197 0.0034348012225604739 0.052219888207968322 0.017602158796877182 -0.099163091562688349 0.0042417537639646424 0.010105427092079211 0.0031817425434051238 -0.066569518223404886 0.018644057779711145 0.018308427141685232 0.0078376123888575008 -0.015149991265827945 -0.04148369088900692 -0.031309214410845373 0.0070537485044806216 0.016406795841926183 -0.013024832294864017 -0.030368089676761117 -0.078148386857726362 -0.01622337832232006 0.010864026591117525 0.012715222777374658 0.028315587386886557 -0.0065805901263555006 0.0042796569143582737
leaf_weight=1878 301 476 1275 300 1737 39 749 39 35 2115 2244 1717 1980 44 91 250 1124 495 234 21 27 24 34 433 1266 3026 368 24 85 609 24 27 90 20 2360 3079 2141 3637 2071 50 145 20 23 162 415 24 32 76 362 540 152 61 5217 239 86 57 33 96 174 1373 89 4497 1115
leaf_count=1878 301 476 1275 300 1737 39 749 39 35 2115 2244 1717 1980 44 91 250 1124 495 234 21 27 24 34 433 1266 3026 368 24 85 609 24 27 90 20 2360 3079 2141 3637 2071 50 145 20 23 162 415 24 32 76 362 540 152 61 5217 239 86 57 33 96 174 1373 89 4497 1115
internal_value=0 0.0108477 -0.00329907 -0.00106673 -0.00736931 -0.0103285 -0.0135798 -0.0128745 -0.0039389 0.00742518 0.00457635 0.00125065 -0.00945218 -0.0437739 0.00795485 0.00897593 0.00197304 -0.00141802 0.00840668 -0.047507 -0.0341138 -0.0669598 -3.37e-05 0.0085365 0.00756347 -0.0110713 -0.0217385 -0.0401767 -0.0244051 0.0228242 0.0147324 0.0256756 0.0532438 -0.0634784 -0.0100636 -0.00451614 -0.00326764 -0.00556532 -0.00071996 0.0199544 0.00489062 0.00778343 -0.0080624 0.000655364 -0.00121708 -0.0319172 -0.00906176 -0.00724914 -0.00316556 -0.00493036 -0.0248381 -0.00346025 0.0064293 0.00355901 -0.0043864 -0.0114285 -0.0310843 -0.00427549 0.00123295 0.00969831 0.00176303 -0.0073756 0.000909209
internal_weight=0 12139 39388 25437 13951 10595 7022 6879 3573 9441 9650 4863 2059 79 4787 7816 3356 2232 7566 143 104 45 1625 4696 4396 5978 516 148 109 2698 703 1995 117 44 5462 15787 10989 5778 5211 659 3130 2124 229 209 1006 47 59 3102 2619 2257 901 3140 5451 1514 861 446 119 327 270 1895 522 4798 1591
internal_count=51527 12139 39388 25437 13951 10595 7022 6879 3573 9441 9650 4863 2059 79 4787 7816 3356 2232 7566 143 104 45 1625 4696 4396 5978 516 148 109 2698 703 1995 117 44 5462 15787 10989 5778 5211 659 3130 2124 229 209 1006 47 59 3102 2619 2257 901 3140 5451 1514 861 446 119 327 270 1895 522 4798 1591
is_linear=0
shrinkage=0.03


Tree=28
num_leaves=64
num_cat=0
split_feature=10 32 15 13 30 28 28 28 30 7 4 30 4 9 2 33 13 4 20 23 28 8 45 11 3 40 23 30 40 23 20 39 8 7 9 28 7 9 4 28 5 30 12 8 12 20 23 20 27 6 28 28 30 23 20 27 9 11 28 3 4 28 7
split_gain=1941.47 373.182 220.718 370.954 215.248 169.941 259.683 152.715 150.849 232.213 168.532 135.875 117.479 357.373 141.324 103.944 95.2034 86.6914 357.14 117.567 85.6992 81.5769 76.9326 80.5142 76.788 84.1864 89.238 91.3598 70.9238 70.6882 66.9304 66.6925 66.3516 63.6881 63.5391 61.1317 60.5297 60.1836 109.103 97.0993 81.5725 117.231 66.5404 60.9399 59.9125 57.0641 56.2528 63.7634 57.752 166.954 54.5232 54.3549 53.6123 90.4671 62.8377 60.8361 52.1448 58.4707 75.5214 51.9786 51.2784 49.7401 77.8468
threshold=110.50000000000001 0.75000000000000011 10474.500000000002 15.500000000000002 2006.5000000000002 1098485.5000000002 54870.000000000007 70304737.000000015 1923.5000000000002 162.50000000000003 3.0000000000000004 2015.5000000000002 3.0000000000000004 63.500000000000007 10024.500000000002 2.7500000000000004 19.500000000000004 3.0000000000000004 3.5000000000000004 4.8750000000000009 62730.000000000007 4990.5000000000009 10099011002.500002 87.500000000000014 2005.5000000000002 19.000000000000004 5.7500000000000009 2019.5000000000002 14.500000000000002 14.750000000000002 4.5000000000000009 11.500000000000002 6241.5000000000009 266.50000000000006 28.500000000000004 29970.000000000004 295.50000000000006 2800.0000000000005 3.0000000000000004 86310.000000000015 309.50000000000006 2000.5000000000002 2000.5000000000002 3334.5000000000005 2000.5000000000002 3.5000000000000004 9.7500000000000018 1.5000000000000002 1421997.0000000002 6.5000000000000009 126144092.00000001 265710.00000000006 1903.5000000000002 4.1250000000000009 4.5000000000000009 271575.00000000006 2800.0000000000005 159.50000000000003 65970.000000000015 1910.5000000000002 1.5000000000000002 95550.000000000015 446.50000000000006
decision_type=10 10 10 10 10 10 10 10 10 10 2 10 2 10 2 10 10 2 10 10 10 10 10 8 2 10 8 10 10 10 10 10 10 10 10 10 10 10 2 10 2 10 10 10 10 10 10 8 10 2 10 10 10 8 10 10 10 10 10 2 2 10 10
left_child=4 2 7 61 8 6 -5 24 9 10 44 17 22 -14 28 -6 51 32 -19 -20 -3 -21 23 -10 25 -2 27 31 -15 -17 -30 35 -7 52 -33 -27 -35 39 -39 40 41 42 -18 -44 -1 -25 47 -11 -49 -50 -24 -8 53 -22 -54 -56 57 -37 -59 -12 -46 62 -4
right_child=1 20 3 5 15 11 16 -9 12 46 59 -13 13 14 -16 29 37 18 19 21 33 -23 50 45 -26 26 -28 -29 30 -31 -32 34 -34 36 -36 56 -38 38 -40 -41 -42 -43 43 -45 60 -47 -48 48 49 -51 -52 -53 54 -55 55 -57 -58 58 -60 -61 -62 -63 -64
leaf_value=0.025212843892985993 0.0037567450289598537 -0.012200456515891602 -0.025574478482561454 -0.0067191225672899833 -0.035167504668767967 -0.0058192886065388779 -0.0096421179210044033 -0.033935076376611292 0.0062047230253533875 0.033871554852463306 0.034272172011067747 0.0080338746701694389 0.089952998077091964 0.014597929179668427 -0.089867336767060421 0.011700881867466886 0.010747928807268971 -0.10951896667480469 0.039653181055107629 -0.059144076015268054 -0.058695839000019158 0.0035709389224648476 0.0091532066170330727 -0.012609160853768642 0.0031687058007382266 -0.016666063409173509 -0.015368960549549726 -0.04437124562560249 -0.016510609275229821 0.02755825403560069 -0.082371437379292076 -0.0038362666336985199 -0.012008863525852119 -0.037434337166404083 -0.022464777781167261 -0.0075929640366132079 0.0071742155222961814 -0.0041128130167992572 -0.064820420743365373 0.0075421195276634753 0.0011656008638823623 -0.086454689385635511 -0.06719761305130445 -0.010762984075528734 0.041814077837900684 0.0054229338802945087 0.016787927439928962 0.0035722505490778976 0.011046503364729383 -0.097058844578918058 0.030176558267129092 0.0044465723188720843 0.01554286874655501 0.01774740892805551 0.025258680278701443 0.073439993945991294 -0.014963478503369855 -0.0038216601823515832 0.0083656592876400482 0.070085949718579649 0.011908029219854351 0.0070952572247260891 0.015627251526012138
leaf_weight=763 536 163 105 6654 28 3831 1040 195 2090 60 71 458 23 35 35 347 69 39 37 35 22 40 4254 415 612 450 1425 59 41 934 21 260 2628 28 450 2813 1229 550 28 2697 4587 21 26 51 55 255 371 1261 36 20 114 323 632 38 77 34 459 2523 559 75 835 3537 68
leaf_count=763 536 163 105 6654 28 3831 1040 195 2090 60 71 458 23 35 35 347 69 39 37 35 22 40 4254 415 612 450 1425 59 41 934 21 260 2628 28 450 2813 1229 550 28 2697 4587 21 26 51 55 255 371 1261 36 20 114 323 632 38 77 34 459 2523 559 75 835 3537 68
internal_value=0 -0.0032001 -0.00391427 -0.0024788 0.0105223 -0.00389221 -0.00218496 -0.00763779 0.00913346 0.0142069 0.0217733 -0.00776807 0.00666258 -0.0191758 -0.0381906 0.0220129 0.00102738 -0.00886298 -0.031333 -0.00410748 0.00873969 -0.0256961 0.00722444 0.00330359 -0.00713237 -0.00779361 -0.00848165 -0.00718567 -0.0195444 0.0232628 -0.0388183 -0.00689369 -0.00833767 0.0103966 -0.0156431 -0.00598069 0.00618055 0.00227185 -0.00705367 0.00299526 0.00041578 -0.0201796 -0.0106469 -0.0298188 0.0190444 -0.0057462 0.00641975 0.00362629 0.00224837 -0.0275625 0.00970189 -0.00630342 0.0169963 -0.0102818 0.0191992 0.0400169 -0.00522394 -0.00446559 -0.00161118 0.0526697 0.0137562 0.00632702 -0.00937958
internal_weight=0 39388 37165 26824 12139 23114 16046 10341 10830 3547 1799 7068 7283 155 132 1309 9392 6610 151 112 2223 75 7128 2760 10146 9534 8998 7573 97 1281 62 7514 6459 2060 710 6804 1257 8029 578 7451 4754 167 146 77 1653 670 1748 1377 1317 56 4368 1363 803 60 743 111 6354 5895 3082 146 890 3710 173
internal_count=51527 39388 37165 26824 12139 23114 16046 10341 10830 3547 1799 7068 7283 155 132 1309 9392 6610 151 112 2223 75 7128 2760 10146 9534 8998 7573 97 1281 62 7514 6459 2060 710 6804 1257 8029 578 7451 4754 167 146 77 1653 670 1748 1377 1317 56 4368 1363 803 60 743 111 6354 5895 3082 146 890 3710 173
is_linear=0
shrinkage=0.03


Tree=29
num_leaves=64
num_cat=0
split_feature=10 29 29 28 30 28 8 36 10 44 29 23 28 37 4 20 33 28 9 28 28 7 30 29 4 11 20 28 30 30 9 17 29 7 4 20 27 7 27 29 7 28 8 30 39 39 17 37 20 20 9 23 30 7 29 44 25 37 30 32 31 9 29
split_gain=1826.73 504.835 365.468 700.675 387.363 319.173 177.246 160.202 121.869 121.36 124.4 113.368 104.986 104.963 93.9697 119.2 122.794 93.6262 160.184 96.3433 89.572 76.7991 75.3739 77.5334 73.9226 258.037 73.9186 108.481 72.4501 72.3799 89.2117 69.1206 67.2495 67.2138 63.7749 70.3087 63.318 107.758 110.059 68.1389 92.729 65.1588 63.1965 63.1581 63.017 62.457 69.1152 61.9686 289.705 93.9138 86.0269 67.8519 58.1809 57.6621 57.2341 57.0992 56.7604 60.9922 56.7514 56.3389 67.2323 54.4973 64.5117
threshold=110.50000000000001 1.0000000180025095e-35 1.0000000180025095e-35 63510.000000000007 2001.5000000000002 101730.00000000001 2444.5000000000005 21701.500000000004 308.50000000000006 3057700.0000000005 4585.0000000000009 7.7500000000000009 36990.000000000007 3015830011.5000005 3.0000000000000004 4.5000000000000009 6.2500000000000009 410625.00000000006 2800.0000000000005 1392525.0000000002 61410.000000000007 156.50000000000003 2013.5000000000002 58307.500000000007 3.0000000000000004 146.07500000000002 1.5000000000000002 98250.000000000015 1998.5000000000002 1965.5000000000002 8.5000000000000018 7960.0000000000009 20625.000000000004 158.50000000000003 3.0000000000000004 3.5000000000000004 14130.000000000002 935.00000000000011 12600.500000000002 30982.000000000004 1133.5000000000002 62070.000000000007 1333.5000000000002 1988.5000000000002 11.500000000000002 11.500000000000002 8115.0000000000009 1009165517.0000001 4.5000000000000009 4.5000000000000009 60.500000000000007 27.500000000000004 2010.5000000000002 248.50000000000003 1657630.5000000002 3004550.0000000005 4.5000000000000009 3015830011.5000005 1877.5000000000002 1.5000000000000002 4.330000000000001 7501.5000000000009 580333.50000000012
decision_type=10 8 10 10 10 10 10 10 10 10 10 8 10 8 2 10 10 10 10 10 10 10 10 10 2 10 8 10 10 10 10 10 10 10 2 8 10 10 10 8 10 10 10 10 10 10 10 10 10 8 10 10 10 8 10 10 10 10 10 10 10 10 10
left_child=1 47 3 12 5 9 8 61 54 10 20 31 -2 -10 42 16 -16 26 19 45 -4 -20 23 -13 43 28 27 -5 -26 30 -11 -3 -12 -29 -23 -36 37 -32 -39 41 -41 -38 -6 -25 -14 46 -19 49 52 -1 -51 -50 -49 55 -7 -28 -21 -58 -35 60 -55 62 -8
right_child=2 11 4 17 14 6 7 -9 13 29 32 22 44 -15 15 -17 -18 18 21 56 -22 34 -24 24 25 -27 53 33 -30 -31 36 -33 -34 58 35 -37 39 38 -40 40 -42 -43 -44 -45 -46 -47 -48 48 51 50 -52 -53 -54 59 -56 -57 57 -59 -60 -61 -62 -63 -64
leaf_value=0.02272531456112253 -0.010650569821966896 0.00063081059754463344 -0.058413429756959276 0.0026851494685741742 0.010566149452716646 0.00062939832513578806 -0.014352543943373005 -0.0095590722272046527 -0.070480415141209951 -0.083423479543282442 -0.00089634742926467548 0.012775026908596806 -0.0023302611547594003 -0.0073506439227127808 -0.02985416587593185 0.047510548484726592 0.018838152807142777 0.011396123861965602 0.014383940841662729 0.0477460749134902 -0.1410241612792015 -0.00053464355523216917 0.024642086121216416 0.0050362185048449214 0.038393702286197554 -0.098549668029364601 -0.0079493800007185197 0.027696694954375333 -0.027364386156946419 -0.0037120196771621705 -0.020396464618504976 -0.042598387997131795 -0.062957286387681957 -0.029167248481376602 -0.071026552820205688 -0.0034075308374820214 0.010743840932846069 -0.043380061790365007 -0.11935601421377875 -0.079847126454114917 0.0021253697169215779 -0.04038856761722729 0.00084051423371099771 0.013904730909609865 -0.0067730460446251252 0.030493307971538829 -0.037290301124254861 0.015109500293871638 -0.026530975465429946 0.070399152211436666 0.017293156822296703 -0.10134930217266082 0.039560176555353863 -0.0037312871446324 0.016349760528608429 0.010824356123178017 0.030437786861370171 -0.015699169046499512 0.010699493184718698 0.018232901158077377 -0.056470524659380315 -0.070131743210367858 -0.031081274518365912
leaf_weight=1878 2604 1591 27 3653 824 1365 437 5488 24 26 33 2115 7576 1918 222 26 59 935 327 124 21 844 250 4500 38 27 192 218 25 125 160 34 30 33 25 31 99 78 22 27 23 29 2225 861 4629 156 27 555 24 73 44 20 104 1951 246 606 118 33 1228 105 22 22 395
leaf_count=1878 2604 1591 27 3653 824 1365 437 5488 24 26 33 2115 7576 1918 222 26 59 935 327 124 21 844 250 4500 38 27 192 218 25 125 160 34 30 33 25 31 99 78 22 27 23 29 2225 861 4629 156 27 555 24 73 44 20 104 1951 246 606 118 33 1228 105 22 22 395
internal_value=0 0.0102066 -0.00310409 -0.000963995 -0.00700616 -0.0098196 -0.00843468 -0.01144 -0.00307033 -0.0293964 -0.0581709 0.00693612 -0.00518202 -0.00813083 0.00187597 -0.0139443 -0.0196305 0.00491338 0.00983611 0.016798 -0.0945556 0.00193237 0.00843509 0.00789957 0.00600788 -0.0209554 0.0033028 0.00546048 0.0122992 -0.0239738 -0.0294322 -0.000273677 -0.0304492 0.0123153 -0.00259171 -0.0335946 -0.0262272 -0.035665 -0.0600948 -0.0124417 -0.0421398 -0.000840845 0.00346889 0.00646054 -0.00401528 0.0128851 0.0100297 0.021651 0.0139919 0.02435 0.0504277 -0.0605393 0.0189682 -0.000547413 0.0030299 0.00630737 0.0327058 0.0203549 0.00965619 -0.00317981 -0.00431936 -0.023527 -0.0222947
internal_weight=0 12139 39388 25437 13951 10595 9895 6342 3553 700 111 9441 14809 1942 3356 307 281 10628 2620 1393 48 1227 7816 7566 5451 90 8008 5132 63 589 464 1625 63 1479 900 56 438 260 100 178 50 128 3049 5361 12205 1118 962 2698 703 1995 117 44 659 2876 1611 798 275 151 1261 2078 1973 854 832
internal_count=51527 12139 39388 25437 13951 10595 9895 6342 3553 700 111 9441 14809 1942 3356 307 281 10628 2620 1393 48 1227 7816 7566 5451 90 8008 5132 63 589 464 1625 63 1479 900 56 438 260 100 178 50 128 3049 5361 12205 1118 962 2698 703 1995 117 44 659 2876 1611 798 275 151 1261 2078 1973 854 832
is_linear=0
shrinkage=0.03


Tree=30
num_leaves=64
num_cat=0
split_feature=33 29 28 29 28 35 30 28 4 37 26 28 29 9 29 29 12 30 29 28 29 13 11 20 31 15 5 39 28 9 37 23 37 28 44 9 29 28 28 15 29 11 28 23 13 11 30 30 4 11 7 15 31 3 23 32 37 23 6 20 4 33 28
split_gain=1704.52 425.942 345.019 505.43 393.457 208.493 193.236 264.695 218.848 168.208 136.663 148.289 131.499 150.055 125.991 154.835 128.277 125.025 148.266 109.267 107.942 121.217 106.817 105.868 98.6985 94.2067 145.824 97.0961 88.5086 88.3593 82.563 81.2419 80.6161 79.7814 73.8804 67.0961 66.9934 152.136 88.3755 66.351 64.4642 61.1527 61.1392 78.1153 81.5942 176.684 60.7071 59.8172 60.8685 82.6901 59.1963 55.4074 54.3213 53.4138 53.1934 66.6927 127.677 60.8708 52.8866 52.8139 86.1176 84.2105 50.7873
threshold=4.9000000000000012 3533.5000000000005 42150.000000000007 1.0000000180025095e-35 93030.000000000015 207.50000000000003 1989.5000000000002 114630.00000000001 3.0000000000000004 3020115131.0000005 3.5000000000000004 556988.50000000012 1.0000000180025095e-35 38.500000000000007 4585.0000000000009 3533.5000000000005 1010.5000000000001 1944.5000000000002 9230.0000000000018 1624499.5000000002 27495.000000000004 27.500000000000004 76.500000000000014 4.5000000000000009 4.330000000000001 10473.500000000002 312.50000000000006 8.5000000000000018 26222400.000000004 14.500000000000002 1015200045.0000001 2.0750000000000006 3072800205.5000005 294584.50000000006 2021001.5000000002 28.500000000000004 306607.50000000006 3531749.5000000005 2926125.0000000005 10001.500000000002 4504099.5000000009 210.01500000000001 53850.000000000007 2.8750000000000004 31.500000000000004 411.50000000000006 1924.5000000000002 1930.5000000000002 3.0000000000000004 146.07500000000002 1133.5000000000002 10025.500000000002 2.2150000000000003 2011.5000000000002 64.000000000000014 14.500000000000002 1010040507.0000001 26.500000000000004 12.500000000000002 4.5000000000000009 3.0000000000000004 3.5000000000000004 26222400.000000004
decision_type=8 8 10 10 10 10 10 10 2 8 10 10 10 10 10 10 10 10 10 8 10 10 10 10 10 10 2 10 10 10 10 8 10 10 10 8 10 10 10 10 10 10 10 8 10 10 10 10 2 10 10 10 10 2 8 10 10 10 2 10 2 10 10
left_child=2 30 12 4 42 28 7 14 -8 -10 11 -6 52 17 15 16 -7 46 -19 22 29 50 -3 53 31 27 -27 34 59 -16 33 58 -33 -2 -9 39 -36 38 -38 -21 47 -29 -4 -44 -45 -46 -14 -37 -49 -50 -22 -42 -1 -11 55 62 57 -57 -12 60 -5 -62 -35
right_child=1 19 3 5 10 6 8 25 9 23 24 -13 13 -15 20 -17 -18 18 -20 35 21 -23 -24 -25 -26 26 -28 41 -30 -31 -32 32 -34 54 36 40 37 -39 -40 -41 51 -43 43 44 45 -47 -48 48 49 -51 -52 -53 -54 -55 -56 56 -58 -59 -60 -61 61 -63 -64
leaf_value=-0.0078742240802368527 0.00046514143057643098 -0.079477266328675397 -0.0039531400733336794 -0.0012690228690010246 0.0073797029270885831 -0.097857498638331888 0.0022763572466128197 0.0030687487449919861 -0.11304329108423553 -0.016999974042388066 -0.054508246021426239 0.020540158873999161 -0.059632219312198712 -0.014780940087713414 -0.059192178059707987 -0.13667506578192115 -0.024315505961862365 -0.15804224279522897 -0.043909663808132923 -0.022367546184213608 -0.05247928909957409 -0.10659287580977315 -0.00776003440628376 0.043736792301759128 -0.064784566954127515 0.0041538864130743177 -0.0092778263130225344 -0.043605774639185343 0.012632844271000586 0.0068753722021883384 0.0090263134140103479 0.0068087046688676553 -0.012313266232304158 0.02170253784408091 -0.009908181172376046 0.011295058517354737 -0.041095764649152336 -0.013090327302196975 -0.11028394253924488 0.0038102505070935506 0.023699749892016182 -0.020055959817398512 0.0013156565519201744 -0.0055219938464509859 0.0026350324458497411 -0.10242481407523155 0.004160144910961389 0.0055493220215883455 0.011818462022181068 -0.045281019084155556 0.0013619305900133708 0.010002380193344533 -0.020760514721503288 -0.053435633345083756 0.039660815653102144 0.062435816545039415 -0.041258811115358882 0.01234555087964366 -0.007609148718813648 0.037329981908682856 -0.076549262619680827 -0.008317736886986872 0.033419636209152691
leaf_weight=5223 141 21 5831 3005 3151 30 2112 283 20 106 23 1020 29 214 22 20 74 20 21 91 40 23 170 20 20 850 5046 127 448 106 506 1738 224 1340 863 2169 54 203 24 2055 438 454 6607 949 34 25 25 3084 42 50 34 676 312 55 174 24 39 242 366 31 27 41 443
leaf_count=5223 141 21 5831 3005 3151 30 2112 283 20 106 23 1020 29 214 22 20 74 20 21 91 40 23 170 20 20 850 5046 127 448 106 506 1738 224 1340 863 2169 54 203 24 2055 438 454 6607 949 34 25 25 3084 42 50 34 676 312 55 174 24 39 242 366 31 27 41 443
internal_value=0 0.0100889 -0.00292877 -0.00177472 0.00129457 -0.00612017 -0.00823396 -0.0103818 -0.000570437 -0.030483 0.00732886 0.010598 -0.00966389 -0.02871 -0.0359499 -0.0602304 -0.0455295 -0.0600871 -0.0995841 0.00679785 -0.0225686 -0.0464382 -0.0156452 -0.0213603 0.00157783 -0.00925279 -0.00734144 -0.014865 0.000167644 -0.00447999 0.0200403 0.00214237 0.00462556 0.0223595 -0.0106557 0.00729601 -0.0140508 -0.0267734 -0.0623844 0.00270019 0.00882296 -0.0252037 -0.00164135 0.000128843 -0.0076502 -0.0418819 -0.0300987 0.00745471 0.004832 -0.0192139 -0.0277414 0.0153879 -0.00860061 -0.0294469 0.0237243 0.0223962 0.00943275 0.016865 -0.0103821 -0.00163146 -0.00202449 -0.0354097 0.0246137
internal_weight=0 11705 39950 34106 19988 14118 10566 8253 2313 201 6542 4171 5844 309 349 124 104 95 41 8796 225 97 191 181 2371 7904 5896 2008 3552 128 2909 2351 1962 2403 1427 8605 1144 281 78 2146 6459 581 13446 7615 1008 59 54 5345 3176 92 74 1114 5535 161 2262 2088 305 266 389 3104 3073 68 1783
internal_count=51655 11705 39950 34106 19988 14118 10566 8253 2313 201 6542 4171 5844 309 349 124 104 95 41 8796 225 97 191 181 2371 7904 5896 2008 3552 128 2909 2351 1962 2403 1427 8605 1144 281 78 2146 6459 581 13446 7615 1008 59 54 5345 3176 92 74 1114 5535 161 2262 2088 305 266 389 3104 3073 68 1783
is_linear=0
shrinkage=0.03


Tree=31
num_leaves=64
num_cat=0
split_feature=33 29 29 27 8 29 36 5 26 27 27 30 26 27 29 44 27 27 17 23 27 9 9 12 17 12 16 9 29 15 17 17 8 9 16 16 11 16 13 27 12 12 26 27 35 4 8 12 8 5 15 30 17 30 15 27 23 32 16 15 6 29 8
split_gain=1603.79 401.652 318.883 529.56 290.337 214.616 207.958 206.44 141.373 138.779 110.485 102.124 99.6778 98.0462 92.3602 127.535 85.1218 73.3408 75.91 94.6734 72.4863 89.3444 139.962 70.7286 158.343 135.286 115.449 65.2057 64.8662 63.0337 60.3405 94.7059 68.1471 59.2262 58.622 58.2489 83.032 59.5033 64.361 57.9464 146.275 89.1346 52.7955 51.3038 53.8946 50.7521 50.6295 53.0383 50.2648 48.7264 55.8138 168.765 55.0378 51.1849 49.7858 47.9684 47.3516 74.1676 105.433 46.6944 46.1704 46.0266 49.8664
threshold=4.9000000000000012 6840.0000000000009 1.0000000180025095e-35 22469.500000000004 2644.5000000000005 4585.0000000000009 21706.500000000004 308.50000000000006 2.5000000000000004 13350.000000000002 296774.50000000006 2000.5000000000002 3.5000000000000004 124200.50000000001 38932.000000000007 4004101.0000000005 398025.00000000006 3718125.0000000005 6750.0000000000009 7.2500000000000009 13350.000000000002 33.500000000000007 24.500000000000004 2021.5000000000002 3360.0000000000005 1010.5000000000001 69.500000000000014 28.500000000000004 3562536.0000000005 10001.500000000002 7560.0000000000009 3105.0000000000005 1055.5000000000002 41.500000000000007 105.50000000000001 61.500000000000007 389.50000000000006 111.50000000000001 28.500000000000004 21450.000000000004 1009.5000000000001 2006.5000000000002 1.0000000180025095e-35 1461380.0000000002 61002.500000000007 1.5000000000000002 4633.5000000000009 3007.5000000000005 4961.5000000000009 315.50000000000006 11231.500000000002 1878.5000000000002 2805.0000000000005 2020.5000000000002 11234.500000000002 16110.000000000002 46.500000000000007 13.000000000000002 17.500000000000004 10025.500000000002 33.500000000000007 1558991.5000000002 6643.5000000000009
decision_type=8 8 10 10 10 10 8 2 10 10 8 10 10 10 10 10 10 10 10 8 10 10 10 10 10 10 10 8 10 10 10 8 10 10 10 8 10 10 10 10 10 10 10 10 10 2 10 10 10 2 10 10 10 10 10 10 8 10 10 10 2 10 10
left_child=2 16 3 9 7 12 -7 17 13 -1 -3 20 23 49 15 -9 60 18 -4 -20 21 22 34 25 -25 26 -6 29 -29 -12 31 -11 -33 -28 -8 36 45 -37 -39 40 -17 -42 -18 44 -15 -10 -23 -48 -13 50 53 -52 -51 -5 -53 -27 57 -44 -59 -30 -2 62 -22
right_child=1 10 4 8 5 6 11 14 35 30 27 48 -14 43 -16 39 42 -19 19 -21 61 46 -24 24 -26 55 33 28 59 -31 -32 32 -34 -35 -36 37 -38 38 -40 -41 41 -43 56 -45 -46 -47 47 -49 -50 52 51 54 -54 -55 -56 -57 -58 58 -60 -61 -62 -63 -64
leaf_value=-0.0048975505368109521 0.013231002895073958 -0.0073749143385698976 0.0022159090871471509 0.014469502037056298 -0.12753184310027532 -0.02330248449986503 -0.059011969468556337 -0.095761861971446441 -0.03318618785554113 0.0017762836468539803 -0.02233092985437091 -0.0098535433143139197 -0.0076795911215559905 0.020358961139395525 -0.0062724944802856836 0.017715680714297508 0.060941897092326988 0.015797894711039168 -0.079905024616217069 -0.0080440351600885723 -0.0068713403389003211 -0.048686566940612262 -0.10205571584310383 -0.12016785150093416 -0.014931211407211693 0.00086617687115302458 -0.0040188747346401208 0.0073888447212307655 0.022848226146794701 0.0037667809612756506 0.0079512413529671255 0.014707345217004248 -0.0076979451659402167 -0.075349592704495247 0.0015179649119575818 0.0058858961700779299 -0.029747490253954557 -0.065183415407314899 -0.0063265099692815805 -0.0086175389622046034 -0.10434796904612864 -0.03050478207488214 0.02152880915734837 0.058410201768480961 -0.029558888901025055 0.0030082681478605547 0.0068716642720035599 -0.040615473559333218 0.0025427505084085473 0.0073006532693398185 -0.087111944809556002 -0.029704197880625723 -0.0088311865000637712 -0.022263311096600121 0.018392597481088582 -0.047348172188951418 0.031263535952327504 0.013514491433693848 -0.041669123287894759 0.010312416987476623 -0.0098875972622170533 0.0023962101489876592 -0.012967937332963213
leaf_weight=13034 731 490 3364 1391 21 839 24 21 39 4344 87 397 83 729 2128 28 31 356 22 66 2940 27 30 31 22 65 20 4977 451 1955 823 131 1814 22 36 1375 118 20 102 169 28 31 1684 31 20 329 98 27 1139 808 20 25 249 35 86 26 374 141 40 657 87 318 2049
leaf_count=13034 731 490 3364 1391 21 839 24 21 39 4344 87 397 83 729 2128 28 31 356 22 66 2940 27 30 31 22 65 20 4977 451 1955 823 131 1814 22 36 1375 118 20 102 169 28 31 1684 31 20 329 98 27 1139 808 20 25 249 35 86 26 374 141 40 657 87 318 2049
internal_value=0 0.00978627 -0.00284091 -0.000825792 -0.00640588 -0.0101072 -0.00917952 -0.00151248 0.00753866 -0.00305828 0.00645952 -0.00750709 -0.0354555 0.0112569 -0.00839359 -0.0246885 0.0190695 0.00283339 0.00149638 -0.0260093 -0.00940207 -0.0254589 -0.0491479 -0.0465926 -0.0764847 -0.0363051 -0.070099 0.00729363 0.0088503 0.00265488 0.000312519 -0.00068711 -0.0061889 -0.0413826 -0.022694 0.00117468 -0.00784927 0.0041043 -0.0159752 -0.0188583 -0.0387512 -0.065549 0.0220595 0.0205913 0.019026 -0.000827557 -0.0114324 -0.00338556 -0.000661239 0.00847159 0.0118464 -0.00689374 0.00350044 0.0135679 0.00755999 -0.0129094 0.0215212 0.0195674 0.00131922 0.015415 0.0107722 -0.00866988 -0.00937523
internal_weight=0 11705 39950 25523 14427 8214 7924 6213 5377 20146 8617 7085 290 3394 2405 277 3088 3808 3452 88 5549 242 90 207 53 154 63 8127 6085 2042 7112 6289 1945 42 60 1983 486 1497 122 256 87 59 2270 780 749 368 152 125 1536 2614 1557 131 1057 1426 111 91 2239 1865 181 1108 818 5307 4989
internal_count=51655 11705 39950 25523 14427 8214 7924 6213 5377 20146 8617 7085 290 3394 2405 277 3088 3808 3452 88 5549 242 90 207 53 154 63 8127 6085 2042 7112 6289 1945 42 60 1983 486 1497 122 256 87 59 2270 780 749 368 152 125 1536 2614 1557 131 1057 1426 111 91 2239 1865 181 1108 818 5307 4989
is_linear=0
shrinkage=0.03


Tree=32
num_leaves=64
num_cat=0
split_feature=33 29 28 29 28 35 30 28 4 37 26 28 29 13 28 36 14 16 20 28 31 23 35 7 36 16 39 12 14 28 23 37 44 37 29 20 30 5 37 4 2 3 15 36 28 0 31 2 17 3 5 17 20 4 33 24 32 12 28 23 37 7 37
split_gain=1509 378.001 315.706 451.21 350.462 186.388 173.923 238.351 204.796 155.291 121.78 133.137 115.616 114.819 130.595 103.067 153.097 117.642 99.6674 99.3361 93.0304 90.5454 90.189 118.024 89.6023 89.0308 86.8577 79.8281 79.6437 79.389 75.615 73.648 71.5969 71.3706 70.9303 61.5874 63.6055 169.351 121.806 116.035 113.621 77.092 59.559 57.9477 64.9984 53.733 50.9132 50.511 56.9799 50.2895 49.66 111.69 49.6365 81.2262 79.0443 49.482 49.1989 80.3303 47.7826 47.4779 108.331 46.0388 44.578
threshold=4.9000000000000012 3533.5000000000005 42150.000000000007 1.0000000180025095e-35 93030.000000000015 207.50000000000003 1989.5000000000002 114630.00000000001 3.0000000000000004 3020115131.0000005 3.5000000000000004 556988.50000000012 1.0000000180025095e-35 18.500000000000004 90570.000000000015 21806.500000000004 8.5000000000000018 31.000000000000004 4.5000000000000009 1624499.5000000002 4.330000000000001 1.1250000000000002 482.50000000000006 351.50000000000006 32004.500000000004 110.50000000000001 3.5000000000000004 2000.5000000000002 4.5000000000000009 26222400.000000004 2.0750000000000006 3072800205.5000005 4146100.0000000005 1010325052.0000001 1460.0000000000002 4.5000000000000009 2006.5000000000002 109.50000000000001 1015770512.0000001 3.0000000000000004 10025.500000000002 1929.5000000000002 10001.500000000002 31604.500000000004 53250.000000000007 2.5000000000000004 2.2150000000000003 11213.500000000002 660.00000000000011 2011.5000000000002 206.50000000000003 360.00000000000006 4.5000000000000009 3.0000000000000004 3.5000000000000004 1.5000000000000002 14.500000000000002 3002.5000000000005 5067400.0000000009 4.8750000000000009 1012045034.0000001 215.50000000000003 1000770010.5000001
decision_type=8 8 10 10 10 10 10 10 2 8 10 10 10 10 10 10 10 10 10 8 10 8 10 10 10 10 10 10 10 10 8 10 10 8 10 10 8 2 8 2 2 2 10 8 10 2 10 2 10 2 2 10 10 2 10 10 10 10 10 10 10 10 8
left_child=2 28 12 4 43 29 7 13 -8 -10 11 -6 46 27 22 16 -9 -18 49 26 30 -14 23 -15 45 -24 -3 -7 62 52 47 -32 -27 -30 -23 36 39 38 -38 41 -41 56 -43 -4 -45 -17 -1 48 -12 -11 51 61 53 -5 -55 -50 58 -58 -21 -35 -61 -39 -2
right_child=1 19 3 5 10 6 8 15 9 18 20 -13 21 14 -16 24 17 -19 -20 35 -22 34 25 -25 -26 32 -28 -29 33 -31 31 -33 -34 59 -36 -37 37 50 -40 40 -42 42 -44 44 -46 -47 -48 -49 55 -51 -52 -53 -54 54 -56 -57 57 -59 -60 60 -62 -63 -64
leaf_value=-0.0074981109849511472 0.009137256485738772 -0.071077872019007421 -0.0052254306119106928 -0.0011635862917760572 0.0069798458166427033 -0.11624822847545146 0.0022682485968433946 -0.00023716768672010885 -0.10874873694777488 -0.016425287792423984 -0.051651031244080513 0.01944983886048773 -0.078502953494233738 -0.0077788652049807392 -0.096258326730002522 -0.0089061741922383964 -0.09343131231990727 -0.022982721729251598 0.042505576042458415 0.0017813771166009561 -0.062914221329614509 -0.063975409995764496 0.0017907107471875901 -0.093830355070531363 -0.0092317171764916758 -0.082412778508404033 -0.0077073125039728791 -0.035095183588564394 -0.035638619793785943 0.011993201206078084 0.0065448695138794494 -0.011732017296799313 -0.020700146250310351 0.0030565686635932675 -0.016527645746470393 0.040754207107820545 0.021213261523870479 -0.084574271702673287 0.068124569819441871 -0.0035219420148776127 -0.071203630049439026 -0.020277830564882606 0.0039931885122665234 -0.0033031311365744752 0.0014984919977615889 0.0029544035901860736 -0.019973608213874217 0.0027761995819121322 -0.006712465899974018 -0.051779289267279878 0.0079710768968746237 0.0055232927194368599 0.036255001983334936 -0.074178158938884728 -0.0080727331758272351 -0.055589186208588735 0.0018914769088675982 -0.062165986999869347 0.012917532064484472 0.033410648530138774 0.009838141671605306 -0.022944733649492264 0.024395923353436249
leaf_weight=5223 193 22 2965 3005 3151 24 2112 321 20 106 40 1020 28 26 23 517 22 704 20 417 20 32 137 32 5314 23 169 20 27 448 1738 224 64 278 249 48 451 20 56 65 34 93 4219 4308 6173 1026 312 162 166 55 840 111 31 27 41 21 148 20 2059 259 544 24 1608
leaf_count=5223 193 22 2965 3005 3151 24 2112 321 20 106 40 1020 28 26 23 517 22 704 20 417 20 32 137 32 5314 23 169 20 27 448 1738 224 64 278 249 48 451 20 56 65 34 93 4219 4308 6173 1026 312 162 166 55 840 111 31 27 41 21 148 20 2059 259 544 24 1608
internal_value=0 0.00949269 -0.00275568 -0.00165175 0.00124825 -0.0057575 -0.0077561 -0.00979373 -0.000485631 -0.0294219 0.00694331 0.0100293 -0.00919834 -0.0340562 -0.0275205 -0.00872243 -0.0174895 -0.0251175 -0.0206565 0.00639233 0.00151446 -0.0270572 -0.0219142 -0.0552555 -0.00738379 -0.0132811 -0.0150065 -0.0793605 0.0188673 0.000187638 0.00206256 0.00445821 -0.037015 0.0125386 -0.0219309 0.00686731 0.00667722 0.0122828 0.0263948 0.0054838 -0.0267662 0.00594279 0.00346972 -0.00152262 -0.000475117 -0.00101962 -0.00820134 -0.0100204 -0.0191528 -0.0285027 0.00509209 -0.0105102 -0.00151626 -0.00189729 -0.0343205 -0.0122013 0.00997604 -0.00573441 0.011042 0.0137419 0.0174412 -0.0509582 0.0227608
internal_weight=0 11705 39950 34106 19988 14118 10566 8253 2313 201 6542 4171 5844 349 305 7904 1047 726 181 8796 2371 309 282 58 6857 224 191 44 2909 3552 2351 1962 87 1108 281 8605 8557 1502 507 7055 99 6956 4312 13446 10481 1543 5535 389 227 161 995 155 3104 3073 68 187 2644 168 2476 1081 803 44 1801
internal_count=51655 11705 39950 34106 19988 14118 10566 8253 2313 201 6542 4171 5844 349 305 7904 1047 726 181 8796 2371 309 282 58 6857 224 191 44 2909 3552 2351 1962 87 1108 281 8605 8557 1502 507 7055 99 6956 4312 13446 10481 1543 5535 389 227 161 995 155 3104 3073 68 187 2644 168 2476 1081 803 44 1801
is_linear=0
shrinkage=0.03


Tree=33
num_leaves=64
num_cat=0
split_feature=13 32 28 30 28 8 5 28 36 5 23 28 15 17 47 20 28 30 30 12 30 4 3 36 20 20 11 25 8 4 35 3 31 13 12 23 28 44 27 27 23 23 27 11 23 30 20 4 36 7 2 23 3 30 2 28 7 13 5 12 7 11 7
split_gain=1389.93 322.883 236.431 208.573 175.863 156.751 140.577 139.944 128.16 126.548 109.817 85.2839 80.3913 80.1643 232.492 116.108 88.1237 83.1707 151.088 86.4447 73.1854 71.7943 130.608 71.5127 77.2788 70.9109 67.1058 84.481 59.5196 59.4532 88.576 59.1535 136.253 81.5867 78.0389 61.1458 64.6059 80.1203 86.2793 80.2362 58.0206 56.4911 55.637 75.2083 61.5237 54.7856 54.4228 62.7024 90.9576 52.4245 52.2155 52.0426 51.7303 51.441 118.984 50.5922 48.3178 47.7348 50.8295 52.7927 73.0017 44.0739 76.2517
threshold=3.5000000000000004 0.75000000000000011 42150.000000000007 2006.5000000000002 1098485.5000000002 2876.5000000000005 308.50000000000006 75330.000000000015 21601.500000000004 102.50000000000001 7.2500000000000009 176490.00000000003 11104.500000000002 4150.0000000000009 4.5000000000000009 3.5000000000000004 915290.50000000012 1924.5000000000002 1926.5000000000002 3523.0000000000005 2019.5000000000002 3.0000000000000004 1998.5000000000002 10201.500000000002 4.5000000000000009 4.5000000000000009 19.500000000000004 1.0000000180025095e-35 575.50000000000011 3.0000000000000004 133.50000000000003 1911.5000000000002 3.2200000000000002 15.500000000000002 3001.5000000000005 2.8750000000000004 127890.00000000001 3029650.0000000005 11364.500000000002 20970.000000000004 47.500000000000007 14.250000000000002 267075.00000000006 699.00000000000011 2.8750000000000004 1869.5000000000002 4.5000000000000009 3.0000000000000004 32203.500000000004 61002.500000000007 11382.000000000002 4.1250000000000009 1922.5000000000002 1877.5000000000002 11232.500000000002 3531749.5000000005 6201.5000000000009 19.500000000000004 211.50000000000003 1004.5000000000001 316.50000000000006 889.50500000000011 955.00000000000011
decision_type=10 10 10 10 10 10 2 10 10 2 10 10 10 10 2 10 10 10 10 10 10 2 2 10 10 8 8 10 10 2 10 2 10 10 10 8 10 10 10 10 10 8 10 10 10 10 10 2 10 10 2 8 2 10 2 10 10 10 2 10 10 10 10
left_child=3 2 -2 9 7 6 -6 57 -7 26 46 -3 20 14 16 -15 -11 19 -19 23 -9 -8 -23 -17 -25 50 -1 -28 56 41 -31 32 33 53 -34 -35 37 39 -39 -37 -16 -5 44 55 -27 -29 47 -10 -49 -50 -13 -22 -46 54 -30 -44 -14 58 -4 60 -60 -62 -63
right_child=1 11 4 29 5 8 21 12 10 13 -12 25 28 15 40 17 -18 18 -20 -21 51 22 -24 24 -26 42 27 45 31 30 -32 -33 34 35 -36 36 -38 38 -40 -41 -42 -43 43 -45 52 -47 -48 48 49 -51 -52 -53 -54 -55 -56 -57 -58 -59 59 -61 61 62 -64
leaf_value=0.0041186194901135474 -0.0089002524886710611 -0.0048195503695549211 -0.0014709541631048992 0.0096737520649148798 0.003256735114798182 -0.02046850742122942 -0.0061849525782555577 -0.0027294669711864909 -0.0088597874801951536 0.060004492245222391 0.00048194748944247942 0.009037153217657563 0.022782203139937712 -0.0003000821402317873 0.0061878660716874079 -0.019577128268364403 0.021258194675498804 -0.068718022725079195 0.0071321007896000448 -0.0076284969494176584 -0.070331077779829498 0.0085955095142126077 -0.098525104778153544 0.024861116796964778 0.06512698488638681 0.020228347102811021 0.029744240019398814 0.03817213126835791 0.022259749209880827 0.016905189611549888 -0.059801917031407359 0.0051373977698101628 -0.020010682996362446 0.0027640477536182723 -0.095552668869495386 -0.018970712919074758 -0.0048743780566674237 -0.064993294747546324 -0.0021087194697207044 -0.092158340074654135 -0.038809963802878676 0.025767040982508992 0.031096945653359097 0.0015465823497350622 0.013332859548507258 0.01130160571621352 0.02095844759295384 0.0094147978350520127 -0.08204401267692446 -0.024063682472705839 -0.020731761825694278 -0.0084834043035516508 -0.054900048628449438 0.0099101510650582668 -0.073400916240432046 0.071512368607521054 -0.019710130703945953 -0.0016520622781130609 -0.073689888440072543 -0.0056672822852461141 -0.0052055575273226243 -0.07665793409486385 -0.018559239481726952
leaf_weight=391 5785 374 1141 250 2817 684 2089 1380 4596 57 1437 1480 223 2806 3184 27 722 24 1555 78 25 20 21 270 51 186 403 74 25 42 20 4524 32 499 20 26 417 24 108 28 26 914 63 41 20 885 54 28 32 25 55 24 20 696 22 50 27 9272 20 954 222 22 268
leaf_count=391 5785 374 1141 250 2817 684 2089 1380 4596 57 1437 1480 223 2806 3184 27 722 24 1555 78 25 20 21 270 51 186 403 74 25 42 20 4524 32 499 20 26 417 24 108 28 26 914 63 41 20 885 54 28 32 25 55 24 20 696 22 50 27 9272 20 954 222 22 268
internal_value=0 -0.00265541 -0.00332159 0.00907367 -0.00230679 -0.00521074 -0.00114074 -0.00059294 -0.00814748 0.007713 -0.00678202 0.00828375 0.0024487 0.00624674 0.00939127 0.00363948 0.0240933 0.0091529 0.00597922 0.0209164 -0.00400878 -0.00695656 -0.0462711 0.0273144 0.0312585 0.0108428 0.0150736 0.0182185 0.00383196 0.0207859 -0.00783904 0.00327281 -0.00117389 0.000175897 -0.0490653 -0.00500418 -0.0114326 -0.0261358 -0.0135423 -0.0569199 0.0058234 0.0223106 0.0224454 0.0363515 0.0129696 0.013375 -0.00898653 -0.00933197 -0.0348634 -0.056614 0.00797051 -0.0400383 -0.0207836 0.00785887 -0.0225176 0.0489799 0.018193 -0.00266347 -0.00623324 -0.00988989 -0.017462 -0.0152656 -0.0229667
internal_weight=0 39876 37587 11779 31802 11803 4947 19999 6856 10553 6172 2289 8100 8800 3989 4811 779 2005 1579 426 1429 2130 41 348 321 1915 1753 1362 6671 1226 62 6421 1897 1845 52 1102 603 186 132 54 3210 1164 380 154 226 959 4735 4681 85 57 1535 49 40 743 47 113 250 11899 2627 1486 532 512 290
internal_count=51655 39876 37587 11779 31802 11803 4947 19999 6856 10553 6172 2289 8100 8800 3989 4811 779 2005 1579 426 1429 2130 41 348 321 1915 1753 1362 6671 1226 62 6421 1897 1845 52 1102 603 186 132 54 3210 1164 380 154 226 959 4735 4681 85 57 1535 49 40 743 47 113 250 11899 2627 1486 532 512 290
is_linear=0
shrinkage=0.03


end of trees

feature_importances:
assesstot=258
exempttot=230
yearbuilt=130
TAX_CLASS_AT_TIME_OF_SALE=117
assessland=110
landuse=104
Tax_block=96
Tax_lot=77
appbbl=77
taxmap=74
numfloors=67
cb2010=62
Census_Tract_2020=61
postcode=55
Community_Board=51
schooldist=47
census_tract_2010=45
healtharea=43
bsmtcode=43
YEAR_BUILT=38
policeprct=38
ZIP_CODE=36
sanitdistrict=34
Council_District=33
bct2020=33
commfar=28
healthcenterdistrict=28
tract2010=24
facilfar=22
lottype=20
bctcb2020=15
residfar=14
council_district=12
community_board=9
COUNCIL_DISTRICT=6
proxcode=3
BOROUGH=2

parameters:
[boosting: gbdt]
[objective: regression]
[metric: l2]
[tree_learner: serial]
[device_type: cpu]
[data_sample_strategy: bagging]
[data: ]
[valid: ]
[num_iterations: 1500]
[learning_rate: 0.03]
[num_leaves: 64]
[num_threads: 0]
[seed: 42]
[deterministic: 0]
[force_col_wise: 0]
[force_row_wise: 0]
[histogram_pool_size: -1]
[max_depth: -1]
[min_data_in_leaf: 20]
[min_sum_hessian_in_leaf: 0.001]
[bagging_fraction: 0.85]
[pos_bagging_fraction: 1]
[neg_bagging_fraction: 1]
[bagging_freq: 5]
[bagging_seed: 400]
[feature_fraction: 0.85]
[feature_fraction_bynode: 1]
[feature_fraction_seed: 30056]
[extra_trees: 0]
[extra_seed: 12879]
[early_stopping_round: 0]
[early_stopping_min_delta: 0]
[first_metric_only: 0]
[max_delta_step: 0]
[lambda_l1: 0]
[lambda_l2: 0]
[linear_lambda: 0]
[min_gain_to_split: 0]
[drop_rate: 0.1]
[max_drop: 50]
[skip_drop: 0.5]
[xgboost_dart_mode: 0]
[uniform_drop: 0]
[drop_seed: 17869]
[top_rate: 0.2]
[other_rate: 0.1]
[min_data_per_group: 100]
[max_cat_threshold: 32]
[cat_l2: 10]
[cat_smooth: 10]
[max_cat_to_onehot: 4]
[top_k: 20]
[monotone_constraints: ]
[monotone_constraints_method: basic]
[monotone_penalty: 0]
[feature_contri: ]
[forcedsplits_filename: ]
[refit_decay_rate: 0.9]
[cegb_tradeoff: 1]
[cegb_penalty_split: 0]
[cegb_penalty_feature_lazy: ]
[cegb_penalty_feature_coupled: ]
[path_smooth: 0]
[interaction_constraints: ]
[verbosity: -1]
[saved_feature_importance_type: 0]
[use_quantized_grad: 0]
[num_grad_quant_bins: 4]
[quant_train_renew_leaf: 0]
[stochastic_rounding: 1]
[linear_tree: 0]
[max_bin: 255]
[max_bin_by_feature: ]
[min_data_in_bin: 3]
[bin_construct_sample_cnt: 200000]
[data_random_seed: 175]
[is_enable_sparse: 1]
[enable_bundle: 1]
[use_missing: 1]
[zero_as_missing: 0]
[feature_pre_filter: 1]
[pre_partition: 0]
[two_round: 0]
[header: 0]
[label_column: ]
[weight_column: ]
[group_column: ]
[ignore_column: ]
[categorical_feature: ]
[forcedbins_filename: ]
[precise_float_parser: 0]
[parser_config_file: ]
[objective_seed: 16083]
[num_class: 1]
[is_unbalance: 0]
[scale_pos_weight: 1]
[sigmoid: 1]
[boost_from_average: 1]
[reg_sqrt: 0]
[alpha: 0.9]
[fair_c: 1]
[poisson_max_delta_step: 0.7]
[tweedie_variance_power: 1.5]
[lambdarank_truncation_level: 30]
[lambdarank_norm: 1]
[label_gain: ]
[lambdarank_position_bias_regularization: 0]
[eval_at: ]
[multi_error_top_k: 1]
[auc_mu_weights: ]
[num_machines: 1]
[local_listen_port: 12400]
[time_out: 120]
[machine_list_filename: ]
[machines: ]
[gpu_platform_id: -1]
[gpu_device_id: -1]
[gpu_use_dp: 0]
[num_gpu: 1]

end of parameters

pandas_categorical:[]
